customer_id,age,gender,city,plan_type,tenure_months,monthly_bill,total_spend,usage_hours_per_month,support_tickets,avg_response_hours,payment_delay_days,auto_renewal,satisfaction_score,review_text,sentiment,churn
1,38,Other,Hyderabad,Basic,17,421.17,6348.51,21.2,1,13.4,7,1,6,Average experience. Some things work well and some do not.,Neutral,0
2,18,Male,Chennai,Standard,31,828.1,24862.08,35.1,1,19.3,2,0,6,Bad experience with billing and customer support.,Negative,1
3,23,Male,Bengaluru,Basic,23,456.98,9006.29,27.5,0,7,9,0,6,The service is fine and meets most of my needs.,Neutral,0
4,41,Other,Bengaluru,Standard,7,1093.48,6921.62,43.9,1,13.1,7,1,5,I am unhappy with the price and frequent service problems.,Negative,0
5,21,Female,Jaipur,Basic,10,521.69,4511.59,14.1,0,12.9,5,0,8,I love the service. Everything has been reliable so far.,Positive,0
6,20,Other,Kolkata,Basic,34,421.56,13598.49,6,4,22.9,11,0,7,I am unhappy with the price and frequent service problems.,Negative,0
7,30,Female,Hyderabad,Basic,17,505.09,8895.18,15,3,23.4,4,0,4,Not satisfied. The app is difficult to use and often fails.,Negative,0
8,42,Female,Jaipur,Basic,22,595.03,11145.27,19.8,2,12,0,0,6,"Nothing special, but the service is usable.",Neutral,0
9,21,Female,Kochi,Basic,14,530.71,6370.21,16.3,3,15.9,0,1,5,The service is unreliable and I keep facing problems.,Negative,0
10,28,Other,Pune,Premium,18,1485.53,26801.77,51,0,11.7,1,1,8,Good value for money and quick customer support.,Positive,0
11,26,Other,Hyderabad,Basic,39,540.08,17973.53,39.9,0,7.5,5,0,9,"Excellent experience, no major issues and easy to use.",Positive,0
12,39,Male,Mumbai,Premium,7,1434.64,10177.5,63.5,1,8.1,2,1,8,"Excellent experience, no major issues and easy to use.",Positive,0
13,19,Female,Delhi,Basic,20,398.2,7871.39,29.9,5,21.1,12,1,6,I am unhappy with the price and frequent service problems.,Negative,0
14,40,Other,Pune,Standard,9,980.1,8611.22,23.8,4,11.2,4,0,6,Poor experience. Support did not solve my issue.,Negative,0
15,58,Other,Mumbai,Basic,19,542.8,8798.05,9.4,1,6.6,5,1,7,"Excellent experience, no major issues and easy to use.",Positive,0
16,38,Other,Kochi,Basic,17,467.33,7658.66,25.8,2,15.1,0,1,7,The service is okay but there is room for improvement.,Neutral,0
17,34,Male,Bengaluru,Premium,8,1560.07,12888.04,58.7,1,16.5,1,1,7,"Service is acceptable for now, but support could be faster.",Neutral,0
18,46,Male,Mumbai,Premium,18,1565.78,26580.92,54.5,1,8.1,2,1,6,Average experience. Some things work well and some do not.,Neutral,0
19,40,Other,Ahmedabad,Standard,5,836.48,4007.28,28.7,2,10.3,5,1,7,Average experience. Some things work well and some do not.,Neutral,0
20,18,Female,Chennai,Basic,20,467.89,8246.82,1.3,0,12.5,5,1,5,Bad experience with billing and customer support.,Negative,0
21,49,Other,Kolkata,Standard,23,925.41,20110.29,48.5,2,20.3,2,0,6,The service is fine and meets most of my needs.,Neutral,1
22,18,Female,Hyderabad,Standard,9,759.35,6709.37,19,2,21.2,0,0,8,I love the service. Everything has been reliable so far.,Positive,0
23,35,Other,Chennai,Standard,12,944.3,11810.24,33.3,2,24.7,0,1,6,The service is fine and meets most of my needs.,Neutral,0
24,36,Male,Kolkata,Standard,12,960.95,11252.2,27.4,0,7.1,5,1,8,"Excellent experience, no major issues and easy to use.",Positive,0
25,41,Other,Bengaluru,Standard,26,937.62,24400.31,24.9,3,12.7,11,0,8,"Nothing special, but the service is usable.",Neutral,0
26,34,Other,Pune,Standard,31,946.74,28655.25,28.9,1,13.6,2,1,7,"Great experience, the app works smoothly and the team is helpful.",Positive,0
27,24,Female,Kolkata,Basic,7,552.95,3977.23,24.7,1,8.5,3,0,3,Too many issues and the response from support is slow.,Negative,1
28,39,Other,Chennai,Standard,38,916.15,36187,26.9,0,12.8,5,0,8,"Excellent experience, no major issues and easy to use.",Positive,0
29,28,Other,Kochi,Standard,38,920.76,30572.13,46.8,2,12.5,4,0,5,Not satisfied. The app is difficult to use and often fails.,Negative,1
30,45,Male,Kochi,Premium,28,1491.39,43788.02,52,0,8.3,3,0,7,Really satisfied with the service and performance.,Positive,0
31,38,Female,Bengaluru,Basic,19,600.58,10128.7,27.6,4,17.4,11,1,4,Too many issues and the response from support is slow.,Negative,1
32,43,Male,Bengaluru,Basic,4,522.92,2190.95,36.8,3,9.4,13,0,7,The service is okay but there is room for improvement.,Neutral,1
33,18,Other,Ahmedabad,Premium,38,1518.29,60576.69,50.8,1,11.5,3,0,7,I love the service. Everything has been reliable so far.,Positive,0
34,47,Other,Ahmedabad,Premium,22,1467.5,31433.41,54.2,1,12.6,5,0,7,"Service is acceptable for now, but support could be faster.",Neutral,0
35,36,Other,Jaipur,Standard,11,907.04,8752.95,47.5,4,21.2,13,0,4,I am unhappy with the price and frequent service problems.,Negative,1
36,43,Other,Pune,Standard,4,961.02,3997.49,30.6,1,9.6,8,1,8,Reliable service and simple to use. I would recommend it.,Positive,0
37,33,Other,Ahmedabad,Basic,29,525.88,14017.39,17.7,2,13.4,4,0,4,The service is unreliable and I keep facing problems.,Negative,0
38,52,Female,Bengaluru,Standard,15,861.88,12774.11,24.1,0,2.8,1,0,7,The service is fine and meets most of my needs.,Neutral,0
39,38,Male,Bengaluru,Basic,36,491.14,16664.4,15.8,3,14.6,0,0,3,I am unhappy with the price and frequent service problems.,Negative,0
40,39,Male,Bengaluru,Premium,22,1430.94,28786.46,48.8,1,7.9,0,0,6,The service is fine and meets most of my needs.,Neutral,0
41,27,Male,Pune,Standard,14,1017.1,12466.82,40.8,2,25.9,9,0,5,Poor experience. Support did not solve my issue.,Negative,1
42,46,Other,Jaipur,Standard,7,801.1,5086.29,37.6,0,7.7,0,0,6,It is a normal experience with occasional issues.,Neutral,0
43,18,Female,Mumbai,Basic,27,482.27,11797.32,8.9,4,20.6,8,1,9,Really satisfied with the service and performance.,Positive,0
44,28,Female,Kolkata,Standard,9,785.07,6685.71,32.5,0,2.4,5,0,5,"Nothing special, but the service is usable.",Neutral,0
45,32,Other,Hyderabad,Basic,14,569.44,8100.71,12.2,3,3.6,3,1,7,The service is okay but there is room for improvement.,Neutral,0
46,37,Male,Mumbai,Basic,12,533.16,6289.44,33.8,2,11.6,3,1,7,Average experience. Some things work well and some do not.,Neutral,0
47,41,Female,Chennai,Basic,15,481.49,6693.54,31,2,14.1,11,0,6,The service is unreliable and I keep facing problems.,Negative,0
48,36,Female,Kochi,Basic,28,510.56,14406.14,23.7,1,14.5,8,0,8,"Great experience, the app works smoothly and the team is helpful.",Positive,0
49,24,Male,Chennai,Standard,10,904.01,8989.93,27.2,4,24.4,6,1,5,I am unhappy with the price and frequent service problems.,Negative,0
50,46,Female,Bengaluru,Basic,32,444.83,13840.28,5.6,2,9.5,0,0,6,Support solved my issue quickly. Very good experience.,Positive,1
51,50,Female,Ahmedabad,Basic,26,443.67,11169.15,22.7,3,11.1,5,1,6,Average experience. Some things work well and some do not.,Neutral,0
52,32,Male,Pune,Basic,14,558.66,6868.36,1,2,12.3,11,0,5,Very disappointed with the service and slow support.,Negative,1
53,18,Other,Delhi,Basic,18,574.63,10854.08,1,1,6.9,5,1,6,The service is fine and meets most of my needs.,Neutral,0
54,27,Other,Chennai,Basic,20,512.87,10309.69,16.6,1,11.8,1,0,5,Poor experience. Support did not solve my issue.,Negative,0
55,18,Male,Jaipur,Basic,34,416.57,12481.29,20,3,20.2,1,0,5,Bad experience with billing and customer support.,Negative,0
56,33,Male,Jaipur,Basic,19,549.52,9372.07,6.7,0,10.5,1,0,7,The service is fine and meets most of my needs.,Neutral,0
57,41,Male,Kolkata,Standard,9,873.73,7346.83,43.6,1,15,2,1,7,"Service is acceptable for now, but support could be faster.",Neutral,0
58,29,Male,Delhi,Basic,33,591.1,19559.5,1,2,3.6,11,1,7,Average experience. Some things work well and some do not.,Neutral,0
59,33,Other,Pune,Standard,34,875.5,26131.59,45.5,0,11.5,0,0,4,Very disappointed with the service and slow support.,Negative,0
60,34,Female,Jaipur,Premium,22,1384.93,26966.82,53.5,2,15.3,8,0,8,"Great experience, the app works smoothly and the team is helpful.",Positive,0
61,18,Other,Mumbai,Standard,7,874.64,5567.93,34,1,4.4,0,0,8,Really satisfied with the service and performance.,Positive,0
62,52,Male,Mumbai,Standard,15,838.91,12198.27,39,0,13,0,0,6,It is a normal experience with occasional issues.,Neutral,0
63,30,Other,Pune,Standard,21,896.55,18225.95,49.7,2,16.5,7,0,4,Too many issues and the response from support is slow.,Negative,1
64,22,Other,Hyderabad,Premium,16,1525.61,20914.07,54.1,4,10.4,7,0,6,Too many issues and the response from support is slow.,Negative,0
65,38,Male,Hyderabad,Standard,16,896.23,14267.33,38.8,4,11,10,0,4,Too many issues and the response from support is slow.,Negative,1
66,37,Female,Jaipur,Basic,4,571.23,2161.47,3.1,3,16.4,10,1,5,I am unhappy with the price and frequent service problems.,Negative,0
67,29,Other,Pune,Standard,40,837.92,28771.3,39.9,0,3.3,0,1,6,The service is okay but there is room for improvement.,Neutral,0
68,33,Male,Kolkata,Premium,21,1424.06,29088.31,54.8,2,18.9,4,0,6,The service is okay but there is room for improvement.,Neutral,0
69,35,Female,Chennai,Standard,24,789.1,16316.79,32.7,0,6.9,0,1,6,I love the service. Everything has been reliable so far.,Positive,0
70,46,Other,Ahmedabad,Standard,12,923.05,11359.01,28.2,1,23.8,7,1,6,The service is fine and meets most of my needs.,Neutral,0
71,38,Male,Hyderabad,Basic,33,486.61,16383.29,10,1,11.8,10,0,5,Very disappointed with the service and slow support.,Negative,0
72,56,Female,Jaipur,Standard,13,991.67,13194.15,20.7,1,13.2,4,1,8,I love the service. Everything has been reliable so far.,Positive,0
73,38,Male,Pune,Standard,30,995.75,30278.6,38.5,0,8.1,0,0,5,"Service is acceptable for now, but support could be faster.",Neutral,0
74,31,Male,Mumbai,Standard,18,912.38,16459.01,32.5,1,15.2,12,1,6,The service is fine and meets most of my needs.,Neutral,0
75,33,Female,Jaipur,Standard,22,911.29,18427.97,36.1,0,15.4,0,0,7,Average experience. Some things work well and some do not.,Neutral,0
76,28,Male,Kolkata,Basic,23,489.83,10073.56,1,3,9.9,5,1,7,It is a normal experience with occasional issues.,Neutral,0
77,44,Other,Mumbai,Basic,38,544.51,17716.65,17,2,18.5,4,0,5,Bad experience with billing and customer support.,Negative,0
78,42,Male,Ahmedabad,Basic,15,522.99,6864.55,22.6,4,24.2,9,1,4,Not satisfied. The app is difficult to use and often fails.,Negative,0
79,21,Female,Mumbai,Basic,15,507.97,7207.96,11.2,2,12.6,4,0,6,Bad experience with billing and customer support.,Negative,0
80,43,Female,Pune,Premium,8,1431.31,9755.3,47.5,0,22,1,1,8,Really satisfied with the service and performance.,Positive,0
81,26,Other,Kochi,Standard,19,828.89,15619.9,29.2,3,23,10,1,6,Very disappointed with the service and slow support.,Negative,0
82,42,Male,Pune,Basic,26,507.02,13777.94,27.5,4,14.7,6,1,5,Very disappointed with the service and slow support.,Negative,1
83,38,Male,Jaipur,Standard,12,1106.55,11368.22,31,1,6.4,5,1,6,It is a normal experience with occasional issues.,Neutral,0
84,43,Other,Kochi,Basic,17,465.18,7491.52,33.7,3,17.1,10,0,8,"Service is acceptable for now, but support could be faster.",Neutral,0
85,32,Male,Kolkata,Basic,30,555.03,14751.77,19.8,2,10.9,6,0,7,"Service is acceptable for now, but support could be faster.",Neutral,0
86,33,Female,Hyderabad,Premium,35,1488.03,46957.63,58.6,1,6.2,4,1,8,Really satisfied with the service and performance.,Positive,0
87,43,Other,Hyderabad,Standard,11,895.72,9224.04,36.8,1,12.4,0,1,8,"Excellent experience, no major issues and easy to use.",Positive,0
88,47,Other,Kolkata,Basic,30,558.3,17373.95,30.2,5,18.4,7,1,6,Poor experience. Support did not solve my issue.,Negative,1
89,32,Male,Kolkata,Standard,9,904.5,7758.91,12,0,10.7,3,1,7,I love the service. Everything has been reliable so far.,Positive,0
90,26,Other,Jaipur,Basic,23,576.57,13109,7.6,3,12.9,14,0,5,Too many issues and the response from support is slow.,Negative,0
91,35,Female,Mumbai,Standard,23,966.41,21822.33,35.1,1,13,5,1,5,It is a normal experience with occasional issues.,Neutral,0
92,27,Female,Ahmedabad,Standard,22,894.51,19867.41,35.3,5,25.9,4,1,6,Poor experience. Support did not solve my issue.,Negative,0
93,32,Other,Hyderabad,Basic,20,409.54,8056.79,1.6,3,9.5,4,1,7,The service is okay but there is room for improvement.,Neutral,0
94,18,Male,Pune,Basic,11,324.04,3410.19,40.9,0,4.2,0,0,9,I love the service. Everything has been reliable so far.,Positive,0
95,40,Male,Bengaluru,Basic,26,552.13,12939.18,20.8,2,13.1,7,1,7,The service is fine and meets most of my needs.,Neutral,0
96,42,Male,Ahmedabad,Standard,12,963.28,11039.59,16.3,2,13.3,4,0,4,Bad experience with billing and customer support.,Negative,0
97,35,Female,Kolkata,Basic,9,497.63,4598.84,23.5,2,16.4,5,0,8,"Great experience, the app works smoothly and the team is helpful.",Positive,0
98,38,Female,Mumbai,Basic,7,411.93,2789.28,11.1,3,12.6,7,1,5,The service is okay but there is room for improvement.,Neutral,0
99,39,Other,Mumbai,Premium,23,1584.72,31975.9,64.2,1,19.3,0,0,7,It is a normal experience with occasional issues.,Neutral,0
100,21,Male,Ahmedabad,Standard,4,938.83,3244.16,48.3,1,9.1,0,1,6,I may leave because the service quality has become poor.,Negative,0
101,36,Other,Kochi,Standard,5,931.38,4014.4,53.2,1,15.5,11,1,7,I love the service. Everything has been reliable so far.,Positive,0
102,25,Other,Ahmedabad,Standard,26,891.21,23598.08,23,2,11.3,0,0,6,"Nothing special, but the service is usable.",Neutral,0
103,27,Female,Kochi,Standard,21,908.35,19788.56,30.5,2,8.6,1,0,5,Too many issues and the response from support is slow.,Negative,0
104,26,Female,Hyderabad,Standard,5,926.2,4218.55,56.9,4,15.8,12,0,6,Too many issues and the response from support is slow.,Negative,1
105,23,Female,Delhi,Premium,14,1500.97,19973.72,47.9,2,26.3,3,0,5,Poor experience. Support did not solve my issue.,Negative,1
106,30,Male,Mumbai,Standard,9,902.97,7258.82,37.3,2,0.5,6,0,6,I am unhappy with the price and frequent service problems.,Negative,0
107,25,Male,Kolkata,Standard,23,884.06,17694.27,46.9,0,7.2,0,1,7,Support solved my issue quickly. Very good experience.,Positive,0
108,34,Male,Mumbai,Premium,11,1529.59,15539.17,59.9,1,0.5,7,1,5,Very disappointed with the service and slow support.,Negative,0
109,38,Other,Kolkata,Standard,28,896.91,22427.29,30.3,1,16.3,0,1,7,"Service is acceptable for now, but support could be faster.",Neutral,1
110,25,Female,Kolkata,Standard,18,982.76,16720.35,30.4,0,4,1,0,8,Reliable service and simple to use. I would recommend it.,Positive,0
111,26,Male,Pune,Standard,2,852.16,1753.8,42.4,2,13.6,8,0,8,Support solved my issue quickly. Very good experience.,Positive,0
112,28,Female,Kolkata,Standard,20,931.2,16934.9,25.2,2,15.2,3,1,5,Poor experience. Support did not solve my issue.,Negative,0
113,40,Other,Kochi,Basic,35,582,18152.45,25.2,1,17,0,1,5,The service is fine and meets most of my needs.,Neutral,0
114,45,Other,Bengaluru,Basic,25,458.16,10510.92,18.4,5,23.7,11,1,4,Poor experience. Support did not solve my issue.,Negative,0
115,28,Female,Chennai,Basic,7,642.93,4559.9,7,2,15.1,4,1,5,Not satisfied. The app is difficult to use and often fails.,Negative,0
116,41,Male,Ahmedabad,Basic,10,533.37,5308.06,25.3,2,15.6,5,1,6,Too many issues and the response from support is slow.,Negative,0
117,34,Female,Pune,Premium,6,1520.62,8916.22,65,1,14.8,0,1,8,Very happy with the service and fast support.,Positive,0
118,32,Other,Kochi,Basic,7,556.99,3885.74,8.7,1,18.4,1,1,7,Average experience. Some things work well and some do not.,Neutral,0
119,29,Other,Hyderabad,Standard,8,889.62,6514.76,32.1,1,8.1,6,0,6,The service is okay but there is room for improvement.,Neutral,0
120,40,Male,Mumbai,Premium,14,1441.8,17532.79,27.1,3,24.4,3,0,7,I am unhappy with the price and frequent service problems.,Negative,0
121,53,Male,Ahmedabad,Standard,15,1006.95,14976.38,52.1,4,18,13,0,7,I may leave because the service quality has become poor.,Negative,0
122,18,Other,Pune,Standard,29,848.82,22997.35,13.3,0,12.4,0,0,7,"Great experience, the app works smoothly and the team is helpful.",Positive,0
123,30,Male,Pune,Basic,21,472.95,9471.17,28.9,2,6.9,0,0,5,Too many issues and the response from support is slow.,Negative,0
124,43,Other,Kolkata,Standard,16,934.95,14897.92,26.7,2,15,3,0,1,The service is unreliable and I keep facing problems.,Negative,0
125,37,Other,Mumbai,Basic,8,552.63,4559.17,30.3,1,11.5,2,1,6,"Nothing special, but the service is usable.",Neutral,0
126,42,Other,Hyderabad,Standard,10,862.17,7366.11,31.9,0,0.5,5,0,8,Really satisfied with the service and performance.,Positive,0
127,34,Other,Kolkata,Standard,25,891.33,23272.69,26,3,10.4,8,0,3,Not satisfied. The app is difficult to use and often fails.,Negative,0
128,26,Male,Kolkata,Premium,15,1447.58,18811.54,39.9,2,12.5,5,0,6,It is a normal experience with occasional issues.,Neutral,0
129,22,Female,Ahmedabad,Standard,18,929.56,15759.06,41,2,10.4,5,1,9,I love the service. Everything has been reliable so far.,Positive,0
130,28,Other,Kochi,Premium,26,1465.21,38263.12,38.5,2,12.2,7,1,7,The service is fine and meets most of my needs.,Neutral,1
131,33,Other,Ahmedabad,Standard,11,886.37,10168.26,63.9,0,15.2,4,1,9,Really satisfied with the service and performance.,Positive,0
132,18,Male,Hyderabad,Basic,21,630.13,13645.99,28.8,4,22.9,10,1,7,I am unhappy with the price and frequent service problems.,Negative,1
133,29,Female,Jaipur,Standard,13,832.14,10099.02,36.2,2,15,5,1,7,"Service is acceptable for now, but support could be faster.",Neutral,0
134,44,Male,Ahmedabad,Premium,40,1485.9,61103.27,57.9,0,10.2,0,0,9,Reliable service and simple to use. I would recommend it.,Positive,0
135,26,Male,Delhi,Standard,26,910.79,24051.2,45.2,2,13.2,10,1,6,Too many issues and the response from support is slow.,Negative,0
136,38,Other,Pune,Standard,10,882.27,8594.99,28.3,0,6.7,0,0,8,"Great experience, the app works smoothly and the team is helpful.",Positive,0
137,33,Male,Kolkata,Standard,36,835.74,29442.11,35.2,2,12,7,0,5,I may leave because the service quality has become poor.,Negative,0
138,18,Other,Ahmedabad,Standard,20,934.97,17566.49,33.8,4,19.4,10,0,4,The service is unreliable and I keep facing problems.,Negative,1
139,35,Female,Mumbai,Standard,34,861.53,25003.62,31.1,3,18.6,5,0,7,"Service is acceptable for now, but support could be faster.",Neutral,0
140,25,Other,Jaipur,Standard,34,945.16,27394.75,28.1,0,11.8,9,1,7,It is a normal experience with occasional issues.,Neutral,0
141,41,Other,Kochi,Basic,5,572.51,2888.06,9.4,0,14.8,8,1,7,"Service is acceptable for now, but support could be faster.",Neutral,1
142,34,Female,Pune,Basic,35,523.33,17145.76,29.6,1,13.3,6,0,7,Really satisfied with the service and performance.,Positive,0
143,47,Male,Kochi,Premium,14,1489.38,19327.12,57.5,2,8.9,8,0,4,I am unhappy with the price and frequent service problems.,Negative,0
144,37,Male,Ahmedabad,Basic,20,502.05,8816.08,35,1,8.3,0,1,6,The service is okay but there is room for improvement.,Neutral,0
145,21,Male,Pune,Basic,17,436.4,6741.4,11.3,1,17.4,1,0,7,"Excellent experience, no major issues and easy to use.",Positive,0
146,26,Male,Kochi,Basic,16,476.67,7867.07,10,5,16.5,3,0,2,Very disappointed with the service and slow support.,Negative,1
147,19,Other,Pune,Standard,30,909.14,25468.38,25.9,1,7.8,0,0,5,I may leave because the service quality has become poor.,Negative,0
148,38,Male,Bengaluru,Standard,16,822.67,13094.24,46.1,1,15.5,4,1,8,Reliable service and simple to use. I would recommend it.,Positive,0
149,23,Female,Delhi,Basic,19,380.2,7082.69,11.5,2,14.8,0,0,8,"Service is acceptable for now, but support could be faster.",Neutral,0
150,28,Female,Hyderabad,Premium,47,1432.93,61540.56,37.1,2,15.4,6,1,6,It is a normal experience with occasional issues.,Neutral,0
151,45,Male,Jaipur,Standard,5,829.92,3655.37,46.8,0,4.5,1,0,6,I love the service. Everything has been reliable so far.,Positive,1
152,45,Male,Jaipur,Premium,39,1488.46,50974.18,40.9,1,3.9,8,0,9,Good value for money and quick customer support.,Positive,0
153,34,Male,Kochi,Standard,13,868.45,11628.77,30.9,0,4.5,0,0,4,Bad experience with billing and customer support.,Negative,1
154,33,Female,Ahmedabad,Basic,21,581.12,11724.41,21.7,3,8.1,1,1,4,Too many issues and the response from support is slow.,Negative,0
155,39,Other,Jaipur,Basic,24,424.56,9368.78,9.3,1,5.7,0,0,6,Average experience. Some things work well and some do not.,Neutral,0
156,32,Other,Mumbai,Basic,8,321.88,2306.08,15.1,5,17.7,9,0,9,Average experience. Some things work well and some do not.,Neutral,0
157,36,Male,Chennai,Standard,24,873.68,21444.42,34.8,3,15.4,1,0,5,Very disappointed with the service and slow support.,Negative,0
158,20,Female,Ahmedabad,Standard,10,857.3,8926.33,45.7,2,20,3,1,7,"Excellent experience, no major issues and easy to use.",Positive,0
159,44,Male,Mumbai,Basic,16,540.55,7584.01,1,2,23.8,4,1,8,Reliable service and simple to use. I would recommend it.,Positive,0
160,44,Male,Mumbai,Premium,13,1565.72,20431.38,53.1,0,12.6,4,0,7,It is a normal experience with occasional issues.,Neutral,0
161,39,Male,Kochi,Basic,24,497.14,10406.6,9.2,0,1.8,0,0,6,"Service is acceptable for now, but support could be faster.",Neutral,0
162,34,Male,Hyderabad,Basic,26,499.08,11759.04,9.8,2,13.2,2,1,5,Too many issues and the response from support is slow.,Negative,0
163,32,Female,Hyderabad,Standard,27,880.48,20791.55,12,1,12.3,4,1,9,Support solved my issue quickly. Very good experience.,Positive,0
164,18,Female,Kochi,Standard,20,853.58,16286.81,33.9,1,16.2,5,1,7,"Great experience, the app works smoothly and the team is helpful.",Positive,0
165,27,Other,Bengaluru,Premium,30,1450.37,37392.15,43.9,1,7.9,7,1,7,The service is fine and meets most of my needs.,Neutral,0
166,31,Female,Bengaluru,Basic,20,438.91,8846.52,29.3,0,3.3,0,0,6,"Excellent experience, no major issues and easy to use.",Positive,0
167,41,Other,Bengaluru,Standard,17,894.41,13830.63,51.8,2,18.8,9,0,6,I may leave because the service quality has become poor.,Negative,1
168,39,Other,Ahmedabad,Premium,36,1527.55,47319,46.8,1,4.8,2,0,4,Bad experience with billing and customer support.,Negative,0
169,45,Other,Ahmedabad,Premium,15,1542.55,22683.14,36.6,2,18.9,11,1,5,Not satisfied. The app is difficult to use and often fails.,Negative,0
170,43,Female,Delhi,Basic,6,435.96,2233.49,24.4,2,5.3,5,0,4,Poor experience. Support did not solve my issue.,Negative,1
171,32,Female,Kolkata,Standard,1,1067.88,974.31,39.8,0,12.7,1,1,10,Support solved my issue quickly. Very good experience.,Positive,0
172,35,Other,Bengaluru,Standard,42,946.1,36730.08,37.9,0,14.9,0,1,4,Too many issues and the response from support is slow.,Negative,1
173,42,Female,Hyderabad,Premium,7,1511.13,10015.35,50.4,2,12,4,1,5,Very disappointed with the service and slow support.,Negative,0
174,27,Other,Kochi,Standard,18,900.46,15794.72,34.3,1,5.7,1,0,6,Average experience. Some things work well and some do not.,Neutral,0
175,23,Other,Delhi,Standard,21,808.13,17446.41,47.8,1,15.2,2,1,7,"Nothing special, but the service is usable.",Neutral,0
176,24,Female,Bengaluru,Basic,16,386.46,5791.16,19.8,2,18.2,2,0,9,"Service is acceptable for now, but support could be faster.",Neutral,0
177,32,Female,Ahmedabad,Basic,7,468.95,3198.86,23.9,6,19.9,4,0,3,Poor experience. Support did not solve my issue.,Negative,0
178,38,Female,Kochi,Basic,12,528.81,5600.37,18.2,2,9.2,8,1,9,"Great experience, the app works smoothly and the team is helpful.",Positive,0
179,33,Male,Hyderabad,Standard,42,811.47,29777.29,38,3,13.8,6,0,9,I love the service. Everything has been reliable so far.,Positive,0
180,40,Female,Pune,Standard,16,804.91,12638.1,16,4,14.6,11,1,3,Bad experience with billing and customer support.,Negative,1
181,34,Female,Ahmedabad,Basic,9,513.97,4258.52,16.1,3,18.7,17,0,4,Bad experience with billing and customer support.,Negative,0
182,46,Male,Jaipur,Standard,14,797.42,11299.78,31.9,1,16.4,1,0,2,The service is unreliable and I keep facing problems.,Negative,0
183,45,Female,Kolkata,Basic,8,432.35,3150.22,22.2,3,19.5,0,1,5,Very disappointed with the service and slow support.,Negative,1
184,44,Female,Pune,Premium,29,1378.19,40420.79,41.2,1,9.7,5,1,8,I love the service. Everything has been reliable so far.,Positive,0
185,28,Female,Kochi,Standard,40,857.11,31175.22,34.3,2,16.1,10,1,8,The service is fine and meets most of my needs.,Neutral,0
186,30,Other,Kolkata,Standard,21,737.36,14010.6,33.6,4,19.2,9,1,7,Average experience. Some things work well and some do not.,Neutral,0
187,28,Other,Mumbai,Standard,8,973.07,6656.13,41.4,3,18.3,4,0,4,Bad experience with billing and customer support.,Negative,0
188,33,Male,Delhi,Standard,24,961.33,23302.58,37.8,2,23.1,5,1,6,Bad experience with billing and customer support.,Negative,0
189,25,Other,Chennai,Standard,15,865.48,13197.29,23.4,2,10.8,8,0,7,I love the service. Everything has been reliable so far.,Positive,0
190,34,Other,Jaipur,Basic,12,426.94,4412.81,4.5,3,13.3,0,0,4,I may leave because the service quality has become poor.,Negative,1
191,35,Male,Kochi,Premium,25,1416.02,30568.3,53.2,2,9.2,1,0,6,"Nothing special, but the service is usable.",Neutral,0
192,31,Male,Kolkata,Premium,9,1454.01,11875.5,65,1,7.9,0,0,4,The service is unreliable and I keep facing problems.,Negative,0
193,34,Female,Pune,Basic,23,460.73,9670.48,15.3,3,20.1,1,1,7,"Nothing special, but the service is usable.",Neutral,0
194,43,Male,Delhi,Premium,21,1483.96,29294.88,50.8,2,12.9,4,1,4,Not satisfied. The app is difficult to use and often fails.,Negative,0
195,44,Other,Ahmedabad,Premium,15,1438.49,21092.71,46.6,2,11.8,0,0,8,"Great experience, the app works smoothly and the team is helpful.",Positive,0
196,29,Male,Pune,Premium,21,1524.14,27606.21,53.7,0,6.1,0,0,5,Bad experience with billing and customer support.,Negative,0
197,40,Male,Hyderabad,Standard,41,927.55,32845.86,36.5,3,23.1,9,1,6,The service is okay but there is room for improvement.,Neutral,0
198,35,Male,Delhi,Standard,28,843.98,23155.64,18.2,4,22.2,3,1,3,Not satisfied. The app is difficult to use and often fails.,Negative,0
199,29,Female,Kolkata,Basic,4,500.78,1866.77,1,0,14,1,1,8,I love the service. Everything has been reliable so far.,Positive,0
200,27,Male,Chennai,Basic,13,554.33,6897.17,21.4,2,9,0,1,7,The service is fine and meets most of my needs.,Neutral,0
201,43,Other,Mumbai,Standard,13,937.42,11584.79,29.5,2,17.5,5,0,7,I am unhappy with the price and frequent service problems.,Negative,1
202,37,Female,Pune,Standard,30,928.41,24329.18,38.1,2,9.1,7,0,4,I may leave because the service quality has become poor.,Negative,1
203,35,Female,Kochi,Basic,46,449.33,17807.43,5.4,0,10.5,0,1,5,"Service is acceptable for now, but support could be faster.",Neutral,0
204,27,Other,Pune,Standard,11,970.5,10141.93,52.9,1,21.4,5,1,6,"Nothing special, but the service is usable.",Neutral,0
205,36,Female,Ahmedabad,Premium,31,1516.63,43647.85,38.8,0,5.5,0,0,5,It is a normal experience with occasional issues.,Neutral,0
206,34,Female,Hyderabad,Basic,6,495.8,2817.2,10.4,3,22.2,7,1,7,The service is fine and meets most of my needs.,Neutral,0
207,31,Female,Pune,Basic,40,443,16392.56,17.4,3,20.2,0,1,5,Too many issues and the response from support is slow.,Negative,0
208,18,Male,Jaipur,Premium,26,1411.2,36388.59,33.3,0,7,0,0,8,Reliable service and simple to use. I would recommend it.,Positive,1
209,39,Female,Mumbai,Standard,8,917.8,7420.21,47.1,0,12.3,7,1,8,Good value for money and quick customer support.,Positive,0
210,37,Other,Mumbai,Standard,10,848.56,8322.85,37.3,1,13.8,4,0,7,"Great experience, the app works smoothly and the team is helpful.",Positive,0
211,50,Other,Bengaluru,Basic,34,625.65,21943.66,15.8,1,6.6,0,1,6,Very disappointed with the service and slow support.,Negative,0
212,25,Other,Delhi,Standard,41,976.58,35562.88,38,2,14.9,7,0,4,Too many issues and the response from support is slow.,Negative,0
213,38,Female,Kolkata,Basic,6,572.12,3096,23.4,3,11.3,12,0,5,Not satisfied. The app is difficult to use and often fails.,Negative,1
214,31,Other,Kochi,Premium,24,1505.67,32515.4,45.4,1,10.4,6,0,7,"Excellent experience, no major issues and easy to use.",Positive,0
215,40,Female,Pune,Standard,26,892.19,21168.41,27,0,9.8,1,1,8,"Great experience, the app works smoothly and the team is helpful.",Positive,0
216,39,Female,Hyderabad,Basic,38,574,22589.25,38.2,6,17.9,17,0,5,Bad experience with billing and customer support.,Negative,0
217,37,Other,Delhi,Basic,3,577.29,1798.27,23.5,2,23.8,2,1,5,Very disappointed with the service and slow support.,Negative,1
218,51,Female,Kochi,Basic,18,407.18,7208.73,26.7,1,6,4,1,6,"Excellent experience, no major issues and easy to use.",Positive,0
219,38,Other,Kolkata,Premium,38,1528.04,60054.95,52.6,2,8.5,3,1,4,The service is unreliable and I keep facing problems.,Negative,0
220,18,Other,Mumbai,Standard,34,893.82,27115.37,27.5,0,14.7,3,1,8,Good value for money and quick customer support.,Positive,0
221,32,Other,Hyderabad,Standard,21,961.67,20588.53,25.7,1,13.3,6,1,7,"Excellent experience, no major issues and easy to use.",Positive,0
222,29,Other,Kolkata,Basic,16,523.01,7898.12,21.1,1,8.7,2,0,5,Very disappointed with the service and slow support.,Negative,0
223,18,Female,Ahmedabad,Basic,13,414.78,4810.29,7.6,1,8.2,0,0,5,Poor experience. Support did not solve my issue.,Negative,0
224,30,Female,Ahmedabad,Standard,9,764.73,6226.88,30.5,2,14.9,15,1,7,The service is fine and meets most of my needs.,Neutral,0
225,33,Other,Chennai,Premium,10,1415.99,14415.08,24.8,2,16.4,6,0,6,I may leave because the service quality has become poor.,Negative,0
226,31,Other,Kolkata,Premium,30,1618.19,44450.67,47.3,1,9.9,7,1,7,Very happy with the service and fast support.,Positive,0
227,29,Other,Delhi,Basic,22,632.29,13412.04,34.3,2,3.5,8,1,5,I am unhappy with the price and frequent service problems.,Negative,0
228,25,Female,Hyderabad,Premium,11,1460.62,15445.96,56.3,3,22.1,4,1,5,Not satisfied. The app is difficult to use and often fails.,Negative,0
229,29,Male,Kolkata,Basic,24,451.23,10197.84,11.2,2,16.7,9,0,5,I may leave because the service quality has become poor.,Negative,1
230,33,Male,Mumbai,Standard,10,853.07,8956.44,24.7,3,15.8,1,0,8,The service is okay but there is room for improvement.,Neutral,0
231,44,Female,Mumbai,Premium,14,1508.89,19807.02,26.7,2,10.7,5,0,6,The service is unreliable and I keep facing problems.,Negative,0
232,20,Other,Mumbai,Standard,15,859.11,12888.66,35.3,1,9.9,0,0,5,"Service is acceptable for now, but support could be faster.",Neutral,0
233,27,Male,Jaipur,Basic,28,551,13206.69,19.1,1,19.7,4,0,5,Poor experience. Support did not solve my issue.,Negative,0
234,38,Other,Pune,Standard,20,1009.47,19675.3,41.9,4,13.2,4,0,7,"Nothing special, but the service is usable.",Neutral,0
235,24,Male,Chennai,Basic,7,384.24,2367.15,14.1,3,19.2,5,0,6,Not satisfied. The app is difficult to use and often fails.,Negative,0
236,34,Male,Chennai,Basic,1,644.29,663.05,14.3,6,17.3,17,0,6,Bad experience with billing and customer support.,Negative,0
237,44,Other,Hyderabad,Standard,8,863.84,6288.68,27.1,1,13.1,10,1,7,It is a normal experience with occasional issues.,Neutral,0
238,23,Female,Kochi,Standard,16,962.8,14100.85,33.1,2,23.5,8,1,6,The service is fine and meets most of my needs.,Neutral,1
239,38,Male,Jaipur,Basic,25,419.89,9139.37,42.1,2,14.7,2,1,7,Reliable service and simple to use. I would recommend it.,Positive,0
240,18,Other,Bengaluru,Basic,26,365.45,9243.29,9.4,0,10.6,0,1,5,It is a normal experience with occasional issues.,Neutral,0
241,18,Female,Hyderabad,Standard,33,892.45,29986.17,45.3,1,9.1,7,1,5,The service is unreliable and I keep facing problems.,Negative,0
242,44,Male,Delhi,Standard,13,843.55,10364.26,9.6,2,15,6,0,5,Poor experience. Support did not solve my issue.,Negative,1
243,38,Female,Jaipur,Standard,9,1019.64,9014.86,37,0,5.2,1,1,8,Support solved my issue quickly. Very good experience.,Positive,0
244,40,Other,Kochi,Basic,3,527.23,1552.64,22.3,2,12.6,1,1,9,"Great experience, the app works smoothly and the team is helpful.",Positive,0
245,23,Other,Hyderabad,Premium,14,1415.01,19333.98,45.1,2,22.8,5,0,6,It is a normal experience with occasional issues.,Neutral,0
246,35,Female,Mumbai,Standard,44,1012.85,41258.87,27,1,12.8,8,1,7,Support solved my issue quickly. Very good experience.,Positive,0
247,39,Female,Hyderabad,Basic,13,362.42,4763.73,19.4,2,21.5,2,1,9,"Excellent experience, no major issues and easy to use.",Positive,0
248,46,Female,Chennai,Standard,13,1014.46,12310.22,42.7,1,5.5,5,1,8,The service is okay but there is room for improvement.,Neutral,0
249,31,Male,Hyderabad,Basic,7,440.17,2633.6,15.8,0,15.2,8,0,6,"Nothing special, but the service is usable.",Neutral,0
250,38,Other,Delhi,Premium,14,1457.43,17389.5,46.9,0,0.5,7,0,7,Really satisfied with the service and performance.,Positive,0
251,33,Other,Hyderabad,Standard,18,923.11,15950.85,31.3,1,6.9,7,1,7,Very happy with the service and fast support.,Positive,0
252,44,Female,Jaipur,Basic,15,449.47,5799.86,10.9,2,4.1,2,0,7,The service is fine and meets most of my needs.,Neutral,0
253,18,Other,Mumbai,Basic,11,412.38,4472.4,19.1,3,13.7,3,1,5,I am unhappy with the price and frequent service problems.,Negative,1
254,33,Male,Delhi,Premium,14,1535.76,21166.93,36.6,0,5,0,1,5,The service is okay but there is room for improvement.,Neutral,0
255,42,Female,Jaipur,Basic,25,532.72,12566.13,11,2,18.5,12,1,6,The service is fine and meets most of my needs.,Neutral,0
256,20,Other,Jaipur,Standard,4,979.12,3928.52,34.1,2,15.1,10,0,4,Too many issues and the response from support is slow.,Negative,1
257,42,Male,Chennai,Basic,24,562.11,12096.68,34.9,3,20.6,3,1,7,Not satisfied. The app is difficult to use and often fails.,Negative,0
258,26,Female,Bengaluru,Basic,28,518.86,13313.52,8.1,1,7.8,8,0,7,The service is fine and meets most of my needs.,Neutral,0
259,24,Other,Kolkata,Basic,50,460.79,19903.38,9.3,2,14.9,8,0,6,"Great experience, the app works smoothly and the team is helpful.",Positive,0
260,18,Other,Kochi,Basic,33,424.27,13803.73,15.2,2,17,6,1,8,Reliable service and simple to use. I would recommend it.,Positive,0
261,26,Female,Chennai,Standard,11,983.88,9941.16,49.3,0,5.5,6,1,8,"Great experience, the app works smoothly and the team is helpful.",Positive,0
262,36,Male,Chennai,Basic,27,606.46,16705.69,11.4,1,5.5,0,0,6,"Nothing special, but the service is usable.",Neutral,0
263,39,Male,Pune,Standard,71,748.33,50813.75,40.8,2,12.6,2,1,7,It is a normal experience with occasional issues.,Neutral,0
264,28,Other,Ahmedabad,Standard,32,1016.35,32201.87,22.5,2,9.4,6,0,8,"Great experience, the app works smoothly and the team is helpful.",Positive,0
265,33,Female,Kolkata,Basic,33,416.27,12215.5,22.5,0,7.7,0,1,9,"Excellent experience, no major issues and easy to use.",Positive,0
266,56,Male,Mumbai,Standard,12,912.73,10819.81,23,1,17.5,5,0,6,The service is okay but there is room for improvement.,Neutral,0
267,42,Male,Pune,Premium,5,1523.16,7320.99,60.9,1,9.4,12,0,7,"Service is acceptable for now, but support could be faster.",Neutral,0
268,30,Female,Delhi,Basic,16,427.15,6608.3,30.3,3,19.4,5,1,5,Bad experience with billing and customer support.,Negative,0
269,28,Male,Chennai,Standard,16,811.45,12041.35,32.2,3,11.4,5,0,5,Not satisfied. The app is difficult to use and often fails.,Negative,0
270,51,Male,Kolkata,Premium,11,1527.03,15413.55,49.3,0,22.2,0,0,4,Bad experience with billing and customer support.,Negative,1
271,23,Male,Ahmedabad,Premium,14,1650.55,23838.05,59.9,2,14.9,10,1,7,The service is fine and meets most of my needs.,Neutral,0
272,27,Female,Jaipur,Standard,14,1037.08,14170.9,18.1,0,16,3,1,7,"Service is acceptable for now, but support could be faster.",Neutral,0
273,27,Male,Kolkata,Basic,30,529.52,15548.64,1,6,19.1,14,1,5,Poor experience. Support did not solve my issue.,Negative,1
274,35,Other,Ahmedabad,Premium,12,1408.52,17070.48,42.7,1,14.1,5,1,4,The service is unreliable and I keep facing problems.,Negative,0
275,37,Female,Hyderabad,Basic,34,392.49,12739.83,35.5,3,21.5,14,1,8,The service is fine and meets most of my needs.,Neutral,0
276,28,Male,Kolkata,Premium,21,1471.86,29260.36,43.9,0,7.3,1,1,8,Average experience. Some things work well and some do not.,Neutral,0
277,32,Female,Chennai,Basic,20,617.7,12838.22,37,3,16.9,1,0,5,I am unhappy with the price and frequent service problems.,Negative,0
278,29,Female,Delhi,Standard,16,784.37,11698.47,33.2,4,22.9,0,0,7,Average experience. Some things work well and some do not.,Neutral,0
279,30,Male,Chennai,Basic,17,506.73,8489.53,23.1,2,12.4,4,0,7,The service is fine and meets most of my needs.,Neutral,0
280,41,Male,Hyderabad,Basic,18,436.18,7821.12,4.9,5,12.4,2,1,5,I may leave because the service quality has become poor.,Negative,0
281,44,Other,Jaipur,Standard,22,843.31,17239.3,36.2,2,14.8,5,1,7,"Nothing special, but the service is usable.",Neutral,0
282,46,Female,Chennai,Standard,8,770.78,6156.73,21.5,2,26.8,0,1,5,I may leave because the service quality has become poor.,Negative,1
283,44,Other,Pune,Standard,12,960.56,10981.98,21.2,4,16,5,0,8,Not satisfied. The app is difficult to use and often fails.,Negative,0
284,33,Other,Hyderabad,Basic,16,543.84,8303.54,19.2,1,13.2,0,1,4,Very disappointed with the service and slow support.,Negative,0
285,36,Male,Delhi,Premium,33,1586.72,47092.56,51.9,2,7.6,6,0,5,The service is unreliable and I keep facing problems.,Negative,0
286,53,Other,Jaipur,Standard,38,848.24,29978.93,34,0,10.4,0,1,6,The service is fine and meets most of my needs.,Neutral,0
287,43,Other,Bengaluru,Standard,26,891.49,20724.7,42,5,23.2,8,0,4,Not satisfied. The app is difficult to use and often fails.,Negative,1
288,34,Other,Ahmedabad,Standard,35,953.75,33487.09,24.1,2,16.8,5,0,7,It is a normal experience with occasional issues.,Neutral,0
289,33,Male,Delhi,Premium,23,1582.63,36365.73,56.9,1,2.1,3,0,9,I love the service. Everything has been reliable so far.,Positive,0
290,20,Male,Mumbai,Standard,12,906.66,10305.82,32.8,4,17.4,9,1,5,Poor experience. Support did not solve my issue.,Negative,1
291,26,Female,Delhi,Premium,8,1472.59,11193.02,55.2,3,17.7,7,1,5,Bad experience with billing and customer support.,Negative,0
292,24,Female,Jaipur,Basic,19,525.13,8743.7,21.1,2,20,8,1,8,The service is okay but there is room for improvement.,Neutral,0
293,41,Female,Hyderabad,Standard,35,894.47,27664.18,32.7,0,9,9,1,7,"Excellent experience, no major issues and easy to use.",Positive,0
294,21,Female,Jaipur,Premium,21,1672.96,34959.18,50.6,3,22.1,10,1,8,The service is okay but there is room for improvement.,Neutral,0
295,42,Other,Chennai,Premium,16,1504.09,20507.21,49.9,1,17,0,1,5,Bad experience with billing and customer support.,Negative,0
296,33,Male,Jaipur,Standard,21,918.67,18000.08,10.7,3,15.1,6,0,7,"Service is acceptable for now, but support could be faster.",Neutral,0
297,28,Other,Kolkata,Standard,26,829.32,22622.09,50.3,1,12.4,10,1,8,Average experience. Some things work well and some do not.,Neutral,0
298,31,Other,Kochi,Basic,26,473.06,11513.69,4.5,1,8.4,5,1,7,Really satisfied with the service and performance.,Positive,0
299,18,Male,Delhi,Basic,20,600.89,11838.96,26.1,0,16.3,0,0,5,Not satisfied. The app is difficult to use and often fails.,Negative,0
300,36,Female,Mumbai,Basic,18,516.38,8527.69,1.7,2,9.1,10,0,7,Average experience. Some things work well and some do not.,Neutral,0
301,26,Male,Pune,Premium,11,1515.48,14525.79,34.7,0,0.8,0,0,3,Very disappointed with the service and slow support.,Negative,0
302,32,Other,Delhi,Premium,15,1434.56,20634.55,43.1,1,7.5,4,0,7,The service is fine and meets most of my needs.,Neutral,0
303,32,Female,Chennai,Basic,21,499.55,10059.54,14.7,5,15,5,0,3,I may leave because the service quality has become poor.,Negative,1
304,25,Male,Kolkata,Standard,25,1000.21,21453.57,32.2,2,9.7,5,0,4,I may leave because the service quality has become poor.,Negative,1
305,30,Other,Pune,Standard,17,938.01,16026.67,30.7,0,8,3,1,7,Good value for money and quick customer support.,Positive,0
306,23,Other,Mumbai,Basic,24,518.53,10947.62,26.6,1,5.8,0,1,5,Average experience. Some things work well and some do not.,Neutral,0
307,30,Female,Jaipur,Premium,35,1456,51714.09,40.9,0,15.9,8,1,6,"Excellent experience, no major issues and easy to use.",Positive,0
308,46,Female,Kochi,Standard,17,989.72,15111.84,20.9,0,4.5,6,0,7,Good value for money and quick customer support.,Positive,0
309,29,Other,Chennai,Premium,15,1498.51,21563.56,45.8,0,12.4,1,0,7,"Nothing special, but the service is usable.",Neutral,0
310,47,Female,Delhi,Standard,62,822.18,50913.28,17.2,3,20.8,7,0,3,The service is unreliable and I keep facing problems.,Negative,0
311,18,Female,Hyderabad,Standard,10,858.69,8756,3,2,17.5,7,1,5,I may leave because the service quality has become poor.,Negative,0
312,46,Other,Chennai,Premium,28,1475.71,38072.1,58.9,0,18.3,0,0,9,Good value for money and quick customer support.,Positive,0
313,39,Female,Delhi,Premium,11,1453.19,15265.94,38.7,2,13.6,7,1,8,Very happy with the service and fast support.,Positive,0
314,30,Female,Kochi,Standard,5,951.69,4972.96,20.1,2,17.4,11,1,8,"Great experience, the app works smoothly and the team is helpful.",Positive,0
315,45,Female,Mumbai,Basic,7,569.56,4064.7,12.5,3,20.3,5,0,6,Not satisfied. The app is difficult to use and often fails.,Negative,1
316,23,Male,Chennai,Basic,15,651.89,9615.84,23.7,1,11.5,2,1,9,I love the service. Everything has been reliable so far.,Positive,0
317,34,Other,Ahmedabad,Standard,28,873.31,24343.15,25,2,12,0,0,6,The service is okay but there is room for improvement.,Neutral,0
318,38,Male,Pune,Basic,40,577.14,20014.96,33.1,3,8.9,6,0,5,Bad experience with billing and customer support.,Negative,0
319,27,Male,Pune,Basic,50,360.72,15373.72,25.5,4,17.9,5,0,6,Very disappointed with the service and slow support.,Negative,0
320,33,Male,Kolkata,Standard,45,900.26,36014.61,36.7,1,0.5,0,1,6,The service is okay but there is room for improvement.,Neutral,0
321,25,Male,Ahmedabad,Standard,21,981.43,18888.75,29.9,1,11.7,1,0,9,Good value for money and quick customer support.,Positive,0
322,31,Other,Chennai,Basic,10,610.9,6322.35,26,2,22.1,4,0,4,Not satisfied. The app is difficult to use and often fails.,Negative,1
323,41,Male,Jaipur,Standard,18,785.89,12249.61,35,2,9.3,5,0,8,The service is fine and meets most of my needs.,Neutral,0
324,35,Female,Hyderabad,Premium,28,1601.35,39921.83,52.5,2,15.3,8,0,5,Bad experience with billing and customer support.,Negative,0
325,40,Female,Bengaluru,Standard,34,939.04,28083.05,25,1,9.8,3,1,6,Too many issues and the response from support is slow.,Negative,0
326,30,Other,Bengaluru,Standard,15,870.48,11325.09,46.7,1,11.7,1,0,6,"Service is acceptable for now, but support could be faster.",Neutral,0
327,32,Male,Hyderabad,Standard,28,822.1,19859.59,46.2,2,19.1,8,1,8,I love the service. Everything has been reliable so far.,Positive,0
328,25,Male,Delhi,Standard,8,993.58,7382.27,40.9,3,15,7,0,7,I may leave because the service quality has become poor.,Negative,0
329,48,Other,Ahmedabad,Standard,14,888.83,12778,28.8,1,6.2,0,0,6,The service is okay but there is room for improvement.,Neutral,0
330,49,Other,Ahmedabad,Basic,32,447.54,14977.15,34.6,1,17.4,8,0,6,The service is okay but there is room for improvement.,Neutral,0
331,42,Male,Bengaluru,Basic,18,592.66,10940.48,21.7,3,12.2,6,1,3,Bad experience with billing and customer support.,Negative,1
332,36,Other,Ahmedabad,Basic,37,499.9,17466.45,22.8,3,14.5,5,0,7,"Service is acceptable for now, but support could be faster.",Neutral,0
333,29,Female,Bengaluru,Premium,9,1405.96,10855.19,47.4,2,15.4,2,1,5,Too many issues and the response from support is slow.,Negative,1
334,29,Male,Delhi,Standard,23,807.39,17555.89,51.3,0,12,3,1,9,Reliable service and simple to use. I would recommend it.,Positive,0
335,43,Female,Delhi,Premium,5,1499.76,7871.94,53.6,1,3.8,5,1,6,I may leave because the service quality has become poor.,Negative,1
336,26,Female,Kochi,Basic,20,533.58,11012.32,1,1,10.7,1,0,7,"Nothing special, but the service is usable.",Neutral,1
337,34,Female,Hyderabad,Standard,25,875.25,22876.75,15.6,3,25.9,15,0,4,Too many issues and the response from support is slow.,Negative,0
338,56,Female,Hyderabad,Basic,18,629.82,11408.77,22.2,4,16,3,1,5,Too many issues and the response from support is slow.,Negative,0
339,37,Female,Jaipur,Standard,39,857.71,32254.4,39,1,12.8,12,0,7,"Nothing special, but the service is usable.",Neutral,0
340,35,Female,Delhi,Standard,8,1013.21,8457.04,38.2,1,0.7,0,1,6,The service is fine and meets most of my needs.,Neutral,0
341,27,Female,Pune,Standard,7,894.81,5766.94,36.9,1,6.4,7,0,6,The service is okay but there is room for improvement.,Neutral,0
342,18,Other,Kolkata,Standard,17,806.54,13510.57,10.8,2,19.8,8,0,5,Very disappointed with the service and slow support.,Negative,1
343,47,Male,Jaipur,Standard,26,889.27,20233.79,44.1,1,9.2,0,1,8,Very happy with the service and fast support.,Positive,0
344,27,Male,Hyderabad,Basic,11,430.81,4841.59,25,4,12.3,4,1,8,"Service is acceptable for now, but support could be faster.",Neutral,0
345,46,Female,Jaipur,Basic,9,509.81,4179.14,14.6,0,1.4,0,0,8,Reliable service and simple to use. I would recommend it.,Positive,0
346,29,Female,Delhi,Standard,4,946.7,3471.55,20.5,2,16.1,11,0,5,Poor experience. Support did not solve my issue.,Negative,0
347,35,Other,Delhi,Standard,31,853.23,23847.93,32.3,1,7.3,1,1,4,I am unhappy with the price and frequent service problems.,Negative,0
348,37,Male,Bengaluru,Standard,28,944.46,24902.42,37.8,1,17.2,5,1,10,Support solved my issue quickly. Very good experience.,Positive,0
349,34,Other,Hyderabad,Basic,15,377.04,4928.02,12.5,1,17,6,1,3,I may leave because the service quality has become poor.,Negative,0
350,35,Male,Jaipur,Basic,20,470.56,9877.44,11.8,5,15.5,13,1,3,I am unhappy with the price and frequent service problems.,Negative,1
351,36,Male,Chennai,Premium,16,1574.6,24690.73,57.4,3,18.4,10,1,5,Poor experience. Support did not solve my issue.,Negative,0
352,32,Other,Ahmedabad,Premium,30,1574.72,43099.97,43.4,2,8.7,0,1,7,"Nothing special, but the service is usable.",Neutral,0
353,30,Female,Hyderabad,Standard,3,977.74,3003.43,44.7,2,15.8,1,1,7,"Service is acceptable for now, but support could be faster.",Neutral,0
354,18,Male,Chennai,Standard,3,968.7,2669.2,37.3,1,13.6,0,0,6,The service is okay but there is room for improvement.,Neutral,0
355,35,Male,Chennai,Basic,15,464.35,6375.66,13,1,17.7,4,1,9,Very happy with the service and fast support.,Positive,0
356,20,Female,Kochi,Standard,27,951.3,26242.85,46,3,11.7,5,1,7,The service is fine and meets most of my needs.,Neutral,0
357,23,Male,Jaipur,Premium,24,1521.62,38037.93,60.8,3,13.7,9,0,3,Too many issues and the response from support is slow.,Negative,1
358,23,Female,Ahmedabad,Standard,22,861.63,16668.33,25.5,2,16.1,2,1,8,"Great experience, the app works smoothly and the team is helpful.",Positive,0
359,28,Male,Delhi,Standard,13,1001.68,11991.95,37.4,1,13.1,3,1,5,I may leave because the service quality has become poor.,Negative,0
360,36,Other,Kochi,Basic,16,547.33,7975.71,20.7,2,14.8,6,0,4,Poor experience. Support did not solve my issue.,Negative,1
361,46,Female,Kochi,Premium,14,1523.38,21040.19,39,0,16.7,0,0,9,"Great experience, the app works smoothly and the team is helpful.",Positive,0
362,42,Other,Chennai,Basic,17,534.06,8412.29,9.2,4,17.1,8,0,5,Not satisfied. The app is difficult to use and often fails.,Negative,0
363,18,Other,Mumbai,Basic,4,524.91,1892.7,23.8,1,14.1,2,1,9,"Great experience, the app works smoothly and the team is helpful.",Positive,0
364,33,Female,Mumbai,Standard,15,918.48,13969.2,29,1,20.1,0,1,7,I love the service. Everything has been reliable so far.,Positive,0
365,27,Other,Pune,Standard,10,1000.65,10138.48,32.1,0,7.5,0,0,6,The service is fine and meets most of my needs.,Neutral,0
366,31,Other,Chennai,Standard,12,816.61,9303,50.2,0,8.3,1,0,8,I love the service. Everything has been reliable so far.,Positive,0
367,49,Other,Jaipur,Standard,13,866.82,11417.59,21.2,1,14.7,0,1,7,The service is fine and meets most of my needs.,Neutral,0
368,37,Male,Bengaluru,Basic,38,620.09,21537.11,3.2,2,12.3,6,1,8,"Nothing special, but the service is usable.",Neutral,0
369,46,Male,Jaipur,Standard,13,817.01,9523,54.7,1,20.3,1,0,9,Reliable service and simple to use. I would recommend it.,Positive,0
370,21,Other,Kochi,Basic,23,575.72,11796.36,22.3,1,13.9,6,1,6,I may leave because the service quality has become poor.,Negative,0
371,18,Male,Kolkata,Basic,1,621.4,646.54,14.1,2,5.9,4,0,5,Very disappointed with the service and slow support.,Negative,0
372,40,Male,Ahmedabad,Standard,55,843.03,43296.26,29.5,3,14.4,1,1,7,Average experience. Some things work well and some do not.,Neutral,0
373,22,Female,Jaipur,Basic,31,532.62,14854.39,7.4,3,20.3,7,1,6,Not satisfied. The app is difficult to use and often fails.,Negative,0
374,47,Female,Chennai,Standard,11,851.8,8263.5,24.6,1,5.6,0,0,6,"Service is acceptable for now, but support could be faster.",Neutral,0
375,29,Male,Ahmedabad,Basic,20,429.5,7646.65,3.5,4,17.5,14,1,7,Average experience. Some things work well and some do not.,Neutral,0
376,29,Male,Hyderabad,Basic,28,666.19,15904.78,29.8,1,15.6,3,1,8,Support solved my issue quickly. Very good experience.,Positive,0
377,33,Male,Chennai,Premium,1,1501.44,1323.43,68,2,8.8,6,1,7,Good value for money and quick customer support.,Positive,0
378,26,Male,Ahmedabad,Premium,19,1552.78,25605.39,41.8,3,13.2,8,1,9,Reliable service and simple to use. I would recommend it.,Positive,0
379,39,Female,Ahmedabad,Basic,14,461.57,5656.52,20.9,3,9.7,9,1,7,The service is fine and meets most of my needs.,Neutral,0
380,25,Female,Mumbai,Basic,21,533.78,11658.31,9.6,1,18.8,3,1,7,Very happy with the service and fast support.,Positive,0
381,43,Male,Pune,Standard,15,822.33,11684.87,1,3,29.8,5,1,7,Too many issues and the response from support is slow.,Negative,0
382,31,Other,Bengaluru,Premium,14,1437.08,18536.04,42.8,1,11.7,2,1,10,I love the service. Everything has been reliable so far.,Positive,0
383,33,Female,Delhi,Standard,23,880.61,18046.21,16,1,19.1,1,1,8,The service is okay but there is room for improvement.,Neutral,0
384,36,Female,Bengaluru,Standard,15,833.22,11985.44,43.6,1,11.9,0,0,7,"Service is acceptable for now, but support could be faster.",Neutral,0
385,43,Other,Pune,Basic,37,559.81,18785.45,6.1,0,10.3,7,1,6,The service is fine and meets most of my needs.,Neutral,0
386,36,Female,Jaipur,Standard,43,946.99,39703.36,30.6,3,13.2,8,0,2,Poor experience. Support did not solve my issue.,Negative,0
387,44,Male,Kolkata,Standard,60,851.6,48428.1,36.2,1,6.8,0,1,5,Not satisfied. The app is difficult to use and often fails.,Negative,0
388,29,Male,Mumbai,Standard,20,1114.38,19463.01,45.6,1,9,0,1,5,The service is fine and meets most of my needs.,Neutral,0
389,27,Male,Bengaluru,Basic,32,530.16,17541.98,10,4,21.2,6,1,5,I may leave because the service quality has become poor.,Negative,0
390,26,Other,Ahmedabad,Basic,7,498.64,3222.81,11.4,1,18,0,0,6,"Service is acceptable for now, but support could be faster.",Neutral,0
391,37,Other,Delhi,Basic,14,464.24,6709.12,6.5,0,5.5,3,1,9,Really satisfied with the service and performance.,Positive,0
392,30,Other,Kochi,Standard,8,993.58,7021.48,44.9,3,24.3,7,1,7,It is a normal experience with occasional issues.,Neutral,0
393,29,Male,Delhi,Basic,21,463.85,9909,7.9,0,15.5,0,0,9,Support solved my issue quickly. Very good experience.,Positive,0
394,34,Other,Pune,Standard,36,878.66,29193.31,26.1,3,27,11,0,4,I may leave because the service quality has become poor.,Negative,0
395,38,Female,Jaipur,Standard,13,954.29,10899.23,41.7,1,11,7,0,6,The service is fine and meets most of my needs.,Neutral,0
396,32,Female,Chennai,Standard,22,876.14,18254.5,40.3,0,5.3,6,1,7,I love the service. Everything has been reliable so far.,Positive,0
397,24,Other,Mumbai,Basic,3,529.73,1534.28,1,3,11.4,2,0,6,I am unhappy with the price and frequent service problems.,Negative,0
398,34,Male,Ahmedabad,Basic,15,352.05,5025.84,24.8,0,5.6,0,0,7,Support solved my issue quickly. Very good experience.,Positive,0
399,27,Other,Mumbai,Standard,25,773.3,17490.87,28.7,1,17.2,5,1,6,"Nothing special, but the service is usable.",Neutral,0
400,48,Other,Bengaluru,Standard,28,860.12,21628.01,32.2,4,18.8,9,0,5,Not satisfied. The app is difficult to use and often fails.,Negative,1
401,54,Other,Ahmedabad,Standard,7,899.98,5665.65,19.4,3,17.2,10,1,6,Poor experience. Support did not solve my issue.,Negative,0
402,42,Female,Kochi,Basic,53,533.94,25918.9,1.1,0,17.5,0,1,7,"Nothing special, but the service is usable.",Neutral,0
403,37,Other,Pune,Standard,29,922.92,27785.32,29.3,0,8.4,4,0,7,Average experience. Some things work well and some do not.,Neutral,0
404,42,Female,Kochi,Basic,14,475.53,6619.45,4.6,5,14.1,8,1,6,Too many issues and the response from support is slow.,Negative,0
405,34,Other,Mumbai,Standard,33,1020.97,35166.34,52.5,0,10.4,0,1,9,Really satisfied with the service and performance.,Positive,0
406,34,Female,Delhi,Standard,11,942.89,10239.19,29.2,1,9.5,3,1,5,Too many issues and the response from support is slow.,Negative,0
407,41,Male,Jaipur,Standard,12,845.32,8879.65,32.7,6,22.2,14,1,5,Bad experience with billing and customer support.,Negative,1
408,55,Female,Chennai,Basic,15,496.21,7764.69,4,3,8.1,9,1,4,The service is unreliable and I keep facing problems.,Negative,1
409,31,Female,Ahmedabad,Standard,17,853.48,14812.41,38.1,0,8.6,1,1,8,Good value for money and quick customer support.,Positive,0
410,37,Male,Kochi,Basic,24,539.79,13192.28,13.5,3,19.2,4,1,6,Average experience. Some things work well and some do not.,Neutral,0
411,41,Male,Jaipur,Standard,8,1058.31,7441.07,23.5,1,7.7,3,0,6,Good value for money and quick customer support.,Positive,0
412,36,Male,Kochi,Basic,3,437.3,1155.74,32,0,6.2,0,0,7,The service is okay but there is room for improvement.,Neutral,0
413,38,Male,Kolkata,Basic,47,607.77,26396.87,1,0,11.1,0,1,7,"Great experience, the app works smoothly and the team is helpful.",Positive,0
414,30,Other,Chennai,Basic,21,442.87,8619.45,1,0,12.8,0,0,4,Bad experience with billing and customer support.,Negative,0
415,26,Other,Ahmedabad,Standard,31,917.47,25929.43,30.4,3,16.5,12,0,7,"Service is acceptable for now, but support could be faster.",Neutral,0
416,27,Female,Pune,Standard,29,919.37,25248.98,26.9,1,20.9,3,0,6,I am unhappy with the price and frequent service problems.,Negative,0
417,30,Other,Bengaluru,Premium,23,1536.2,32421.28,66.3,1,14,0,0,9,Support solved my issue quickly. Very good experience.,Positive,0
418,26,Male,Bengaluru,Premium,20,1551.56,31707.58,54.5,2,18.4,4,1,7,It is a normal experience with occasional issues.,Neutral,0
419,30,Male,Pune,Premium,29,1466.33,39902.79,33.2,0,5.9,0,0,7,"Service is acceptable for now, but support could be faster.",Neutral,0
420,38,Other,Jaipur,Basic,22,582.38,12313.35,9.8,1,17.5,1,1,5,"Service is acceptable for now, but support could be faster.",Neutral,0
421,23,Female,Kochi,Standard,27,976.92,26588.62,21.1,0,2.6,0,0,5,The service is fine and meets most of my needs.,Neutral,0
422,43,Female,Pune,Basic,26,556.59,13630.11,30.2,2,21.9,6,0,4,Not satisfied. The app is difficult to use and often fails.,Negative,0
423,34,Male,Ahmedabad,Standard,28,952.51,23072.69,22.2,3,8.5,5,0,7,The service is okay but there is room for improvement.,Neutral,0
424,51,Other,Delhi,Standard,6,853.03,5316.55,29.4,3,15,8,0,6,Poor experience. Support did not solve my issue.,Negative,1
425,43,Other,Kolkata,Premium,21,1386.33,25676.21,41,1,18.1,2,1,5,The service is unreliable and I keep facing problems.,Negative,1
426,42,Female,Hyderabad,Basic,12,474.7,5681.32,25.7,1,6.7,5,0,4,I may leave because the service quality has become poor.,Negative,0
427,31,Female,Mumbai,Basic,3,578.55,1809.12,8.9,6,13.8,7,1,2,I am unhappy with the price and frequent service problems.,Negative,1
428,34,Female,Pune,Premium,9,1482.47,12185.4,44.7,1,15.2,6,1,4,Very disappointed with the service and slow support.,Negative,0
429,32,Female,Delhi,Standard,40,929.21,34603.95,39.4,4,15.4,10,0,6,The service is unreliable and I keep facing problems.,Negative,0
430,34,Female,Pune,Basic,10,593.57,5314.55,2.9,3,9.3,0,1,5,The service is unreliable and I keep facing problems.,Negative,0
431,34,Other,Pune,Standard,20,975.45,18838.12,17.2,2,4.5,6,0,4,I am unhappy with the price and frequent service problems.,Negative,0
432,26,Male,Ahmedabad,Basic,18,562.62,9025.05,13.9,1,14.9,0,1,8,Support solved my issue quickly. Very good experience.,Positive,0
433,40,Other,Kochi,Premium,18,1459.08,27031.54,36.2,0,0.5,5,0,6,I am unhappy with the price and frequent service problems.,Negative,0
434,20,Other,Jaipur,Premium,14,1506.49,22052.04,44.5,0,12.1,3,0,3,I may leave because the service quality has become poor.,Negative,1
435,27,Other,Delhi,Basic,9,551.9,4622.39,15.8,3,17.6,0,0,5,Very disappointed with the service and slow support.,Negative,0
436,42,Other,Kochi,Basic,39,488.19,19275.53,9.4,2,19.5,2,0,3,Poor experience. Support did not solve my issue.,Negative,0
437,31,Female,Kochi,Standard,20,861.75,17474.17,35.9,2,13.2,11,0,6,I may leave because the service quality has become poor.,Negative,0
438,51,Male,Kochi,Standard,24,901.88,21002.99,38,3,23,1,0,3,I may leave because the service quality has become poor.,Negative,1
439,44,Male,Kochi,Standard,2,948.22,1774.86,37.3,1,12.8,0,0,5,The service is fine and meets most of my needs.,Neutral,0
440,31,Female,Pune,Standard,17,1024.95,16123.61,40.6,3,18.2,4,1,5,Too many issues and the response from support is slow.,Negative,0
441,27,Male,Mumbai,Standard,11,839.06,9352.91,25.9,2,12.9,2,0,6,It is a normal experience with occasional issues.,Neutral,0
442,38,Female,Hyderabad,Standard,37,825.11,28688.81,28.5,2,7.3,13,0,5,The service is unreliable and I keep facing problems.,Negative,0
443,44,Female,Bengaluru,Basic,27,430.91,12053.01,22.1,3,15.7,0,0,6,Average experience. Some things work well and some do not.,Neutral,0
444,24,Other,Kolkata,Standard,18,926.88,14791.56,29.5,5,17.9,9,1,4,I may leave because the service quality has become poor.,Negative,1
445,51,Female,Kolkata,Basic,8,404.63,2763.35,18.2,4,16.1,14,0,8,"Nothing special, but the service is usable.",Neutral,0
446,20,Female,Hyderabad,Basic,31,446.23,12482.1,21.8,3,18,5,1,6,Poor experience. Support did not solve my issue.,Negative,1
447,32,Other,Mumbai,Premium,32,1487.17,49088.19,55.7,0,14.5,2,0,7,"Excellent experience, no major issues and easy to use.",Positive,0
448,43,Female,Kochi,Standard,19,844.64,14161.53,31.7,1,11.6,4,1,10,Good value for money and quick customer support.,Positive,0
449,39,Male,Ahmedabad,Basic,23,442.24,9091.37,21.7,2,15,4,1,8,Good value for money and quick customer support.,Positive,0
450,46,Other,Hyderabad,Basic,26,554.05,14259.23,12.4,2,22,7,1,9,Very happy with the service and fast support.,Positive,0
451,18,Male,Mumbai,Basic,15,569.72,8120.96,17.6,2,15.2,4,0,5,I may leave because the service quality has become poor.,Negative,1
452,46,Other,Bengaluru,Basic,14,377.88,4635.48,31.3,3,9.4,6,0,6,It is a normal experience with occasional issues.,Neutral,0
453,25,Female,Mumbai,Standard,15,858.64,12259.07,24.6,1,10.9,9,0,5,Poor experience. Support did not solve my issue.,Negative,1
454,44,Other,Pune,Basic,52,471.01,21044.18,10.5,3,15.5,8,1,6,Not satisfied. The app is difficult to use and often fails.,Negative,0
455,30,Male,Pune,Premium,3,1525.17,4678.7,56.5,3,7,7,0,6,Bad experience with billing and customer support.,Negative,1
456,37,Female,Pune,Basic,22,530.53,9921.94,15.4,2,5.9,3,0,7,"Nothing special, but the service is usable.",Neutral,0
457,31,Other,Kolkata,Standard,2,908.51,1820.07,31.5,1,17.1,2,0,5,Not satisfied. The app is difficult to use and often fails.,Negative,0
458,28,Other,Kolkata,Standard,19,811.8,13606.31,37.2,2,12.1,5,1,7,"Nothing special, but the service is usable.",Neutral,0
459,33,Female,Kolkata,Basic,7,435.81,2778.12,21.4,2,11.4,8,1,7,Average experience. Some things work well and some do not.,Neutral,0
460,34,Other,Ahmedabad,Basic,15,389.93,5642.54,46.3,1,9.1,1,0,5,"Service is acceptable for now, but support could be faster.",Neutral,0
461,18,Other,Chennai,Premium,21,1531.01,30355.84,69,2,28.1,0,0,5,Bad experience with billing and customer support.,Negative,0
462,32,Female,Kochi,Standard,24,1115.88,27314.62,29.4,0,11.9,4,1,10,Good value for money and quick customer support.,Positive,0
463,32,Female,Mumbai,Basic,2,576.23,1072.42,32.4,0,5.3,3,0,7,It is a normal experience with occasional issues.,Neutral,0
464,32,Female,Hyderabad,Standard,10,901.36,7772.62,34.7,2,23.3,1,0,3,Very disappointed with the service and slow support.,Negative,1
465,36,Female,Kolkata,Standard,27,911.9,23127.76,27.8,2,17.3,0,0,4,The service is unreliable and I keep facing problems.,Negative,1
466,33,Male,Jaipur,Standard,37,834.5,28812.5,26.3,0,5.5,4,0,5,It is a normal experience with occasional issues.,Neutral,0
467,26,Male,Delhi,Basic,15,586.04,7695.99,30.3,2,13.2,5,0,5,I am unhappy with the price and frequent service problems.,Negative,0
468,21,Male,Hyderabad,Standard,36,785.75,28973.58,35.8,1,0.5,9,1,8,Average experience. Some things work well and some do not.,Neutral,0
469,20,Other,Jaipur,Standard,45,889,38918.19,15.1,2,7,0,1,7,Good value for money and quick customer support.,Positive,0
470,34,Other,Delhi,Standard,34,1045.41,33336.43,31.6,0,9.2,6,1,6,It is a normal experience with occasional issues.,Neutral,0
471,49,Other,Delhi,Basic,10,506.07,4380.9,22.7,1,3.7,0,1,9,Reliable service and simple to use. I would recommend it.,Positive,0
472,30,Female,Hyderabad,Premium,24,1586.66,34857.84,49.6,0,10.8,0,1,7,Really satisfied with the service and performance.,Positive,0
473,36,Male,Delhi,Basic,10,431.33,3972.42,10,1,12.5,0,0,9,Good value for money and quick customer support.,Positive,0
474,45,Other,Chennai,Basic,57,474.51,24888.6,16,1,18.2,3,1,8,"Excellent experience, no major issues and easy to use.",Positive,0
475,22,Male,Mumbai,Basic,14,508.56,7398.5,18.3,1,8.4,6,1,8,Good value for money and quick customer support.,Positive,0
476,29,Female,Kochi,Standard,53,805.2,43905.29,29.8,3,12.2,7,1,6,"Service is acceptable for now, but support could be faster.",Neutral,0
477,33,Female,Ahmedabad,Standard,14,930.29,12908.12,25.6,0,11.5,0,1,8,I love the service. Everything has been reliable so far.,Positive,0
478,34,Male,Kochi,Standard,9,1010.33,7942.8,26.3,1,14.2,1,0,7,Very happy with the service and fast support.,Positive,0
479,25,Male,Bengaluru,Standard,25,879.06,19466,38.4,1,4.5,8,1,6,Average experience. Some things work well and some do not.,Neutral,0
480,21,Other,Mumbai,Basic,12,578.8,6515.63,9.6,4,18.7,15,0,6,Very disappointed with the service and slow support.,Negative,0
481,33,Male,Kochi,Standard,44,876.76,34817.5,33.2,2,13.8,3,0,5,I may leave because the service quality has become poor.,Negative,1
482,35,Other,Ahmedabad,Basic,51,559.38,28068.32,1.1,0,12.9,4,1,9,Very happy with the service and fast support.,Positive,0
483,30,Male,Kochi,Standard,19,899.14,17151.19,47.3,1,18.9,7,1,6,The service is okay but there is room for improvement.,Neutral,0
484,34,Other,Kolkata,Premium,33,1606.68,53212.37,52.8,1,23.6,5,0,5,The service is unreliable and I keep facing problems.,Negative,0
485,23,Male,Kochi,Basic,8,539.35,3694.39,2.9,4,21.7,13,0,4,Too many issues and the response from support is slow.,Negative,1
486,36,Female,Pune,Standard,43,892.34,32656.16,28.7,1,13.3,3,0,7,"Service is acceptable for now, but support could be faster.",Neutral,0
487,32,Female,Ahmedabad,Standard,10,1014.25,9845.8,57.4,0,11.2,0,0,6,"Service is acceptable for now, but support could be faster.",Neutral,0
488,25,Other,Hyderabad,Standard,33,816.87,24246.06,35.5,2,16.4,1,0,5,The service is unreliable and I keep facing problems.,Negative,0
489,38,Female,Kolkata,Standard,15,931.36,12664.26,19.7,0,17.7,0,1,9,Very happy with the service and fast support.,Positive,0
490,36,Other,Bengaluru,Standard,13,828.73,9223.89,40.3,1,12.1,3,0,2,I may leave because the service quality has become poor.,Negative,0
491,18,Female,Delhi,Standard,17,903.46,13171.1,28.3,1,21.5,0,0,5,Very disappointed with the service and slow support.,Negative,1
492,40,Male,Mumbai,Premium,24,1395.23,33335.39,44.2,1,2.3,7,1,5,Too many issues and the response from support is slow.,Negative,0
493,40,Male,Hyderabad,Standard,4,872.3,3233.13,18.8,1,11.2,0,1,9,Very happy with the service and fast support.,Positive,0
494,18,Male,Delhi,Basic,51,591.09,28162.93,16.6,3,20.9,9,0,5,Poor experience. Support did not solve my issue.,Negative,1
495,29,Other,Kolkata,Premium,14,1460.34,20024.53,37,1,23.5,10,1,5,Average experience. Some things work well and some do not.,Neutral,1
496,33,Other,Mumbai,Standard,12,863.73,9725.34,37.6,1,6.6,2,1,9,Really satisfied with the service and performance.,Positive,0
497,38,Female,Chennai,Standard,29,935.45,25200.82,28.7,1,16.1,0,0,7,The service is fine and meets most of my needs.,Neutral,0
498,32,Other,Delhi,Basic,32,554.42,15362.51,6.8,1,20.8,0,1,6,Average experience. Some things work well and some do not.,Neutral,0
499,39,Male,Delhi,Standard,14,856.66,11056.14,37,3,13.2,5,1,10,Really satisfied with the service and performance.,Positive,0
500,46,Male,Pune,Standard,7,871.89,6347.64,21,0,17.1,5,1,7,Reliable service and simple to use. I would recommend it.,Positive,0
501,28,Male,Delhi,Standard,20,1041.45,17833.68,35.6,1,8.1,1,1,10,Support solved my issue quickly. Very good experience.,Positive,0
502,33,Male,Jaipur,Standard,13,814.36,10654.39,32.6,4,21.3,3,0,5,Too many issues and the response from support is slow.,Negative,0
503,46,Male,Hyderabad,Basic,16,415.64,6860.9,24.8,1,10.3,1,0,6,Bad experience with billing and customer support.,Negative,1
504,42,Other,Chennai,Standard,34,907.82,30166.56,39.8,2,13.7,5,1,6,"Service is acceptable for now, but support could be faster.",Neutral,0
505,43,Male,Hyderabad,Basic,28,441.76,12508.08,40,5,26,8,1,6,I may leave because the service quality has become poor.,Negative,1
506,22,Female,Pune,Basic,28,490.98,11771.06,18.8,2,11.8,12,0,6,Poor experience. Support did not solve my issue.,Negative,0
507,42,Female,Ahmedabad,Standard,26,817.14,20483.53,24.8,2,13.9,3,1,6,The service is unreliable and I keep facing problems.,Negative,0
508,48,Male,Hyderabad,Standard,12,863.12,9022.38,38.8,2,4.1,4,0,5,Not satisfied. The app is difficult to use and often fails.,Negative,0
509,37,Female,Bengaluru,Basic,20,486.98,10203.78,29,4,16.7,2,1,8,The service is okay but there is room for improvement.,Neutral,0
510,22,Other,Kochi,Premium,24,1557.98,33066.81,55.5,1,4,0,0,5,The service is fine and meets most of my needs.,Neutral,0
511,41,Other,Chennai,Standard,6,808.63,5066.16,41.2,0,8.2,4,0,7,I love the service. Everything has been reliable so far.,Positive,0
512,30,Female,Pune,Basic,20,502.14,8580.93,23.3,1,16.8,8,0,7,The service is okay but there is room for improvement.,Neutral,0
513,31,Male,Kolkata,Basic,25,590.18,14852.77,19.4,0,12.9,0,1,5,I may leave because the service quality has become poor.,Negative,0
514,32,Male,Delhi,Basic,9,395.29,3595,4.6,0,6.9,9,0,7,"Nothing special, but the service is usable.",Neutral,0
515,42,Other,Ahmedabad,Standard,6,953.89,5282.44,23,0,7.8,0,0,7,Reliable service and simple to use. I would recommend it.,Positive,0
516,19,Male,Chennai,Basic,9,393.54,3481.02,8,3,14.1,1,1,6,"Service is acceptable for now, but support could be faster.",Neutral,0
517,26,Other,Kolkata,Premium,13,1354.02,15639.87,57.9,1,6.3,0,1,8,Reliable service and simple to use. I would recommend it.,Positive,0
518,31,Female,Kolkata,Premium,28,1436.98,38610.03,44.7,2,21,4,0,5,Too many issues and the response from support is slow.,Negative,0
519,38,Female,Jaipur,Premium,36,1568.81,54679.69,59.8,0,1.3,0,0,5,It is a normal experience with occasional issues.,Neutral,0
520,22,Female,Chennai,Premium,47,1587.8,73821.14,52.9,0,12.8,0,1,9,"Excellent experience, no major issues and easy to use.",Positive,0
521,39,Other,Ahmedabad,Premium,65,1309.77,79878.11,51.4,1,10.2,6,0,8,Really satisfied with the service and performance.,Positive,0
522,34,Female,Pune,Premium,10,1467.56,12557.46,50,0,12.9,3,1,10,Really satisfied with the service and performance.,Positive,0
523,27,Male,Jaipur,Basic,29,461.98,12448.08,13.1,2,5.2,4,0,6,"Nothing special, but the service is usable.",Neutral,0
524,37,Other,Bengaluru,Premium,26,1421.88,38100.74,47.9,1,8.4,3,1,7,Good value for money and quick customer support.,Positive,0
525,48,Female,Pune,Premium,16,1477.8,20948.31,61.5,3,23.4,5,0,6,It is a normal experience with occasional issues.,Neutral,0
526,53,Other,Ahmedabad,Basic,13,402.3,4584.11,20.2,1,8.7,3,1,8,Good value for money and quick customer support.,Positive,0
527,43,Female,Chennai,Standard,40,880.8,34002.31,11.7,2,7.8,2,1,6,The service is okay but there is room for improvement.,Neutral,0
528,18,Female,Jaipur,Standard,31,928.52,29988.66,36.5,2,14,1,1,7,The service is fine and meets most of my needs.,Neutral,0
529,40,Other,Kolkata,Standard,7,1052.77,6823.97,32,3,19,6,1,4,The service is unreliable and I keep facing problems.,Negative,1
530,33,Male,Mumbai,Standard,8,889.04,6369.9,35.7,1,19.3,0,1,8,I love the service. Everything has been reliable so far.,Positive,0
531,30,Other,Jaipur,Basic,11,471.45,4837.35,11.3,3,16.7,6,1,6,Not satisfied. The app is difficult to use and often fails.,Negative,0
532,27,Female,Hyderabad,Basic,7,476.26,3297.02,29.1,1,13,0,1,7,Good value for money and quick customer support.,Positive,0
533,33,Other,Kochi,Standard,7,1006.53,6404.46,34.3,4,17.6,11,0,1,I may leave because the service quality has become poor.,Negative,1
534,18,Female,Kolkata,Standard,23,948.19,22602.69,45.2,1,18.4,4,0,6,"Service is acceptable for now, but support could be faster.",Neutral,1
535,40,Male,Ahmedabad,Basic,5,504.69,2304.49,14.8,2,15.3,0,1,7,The service is unreliable and I keep facing problems.,Negative,0
536,27,Male,Chennai,Basic,28,511.54,13470.34,23.2,3,10.6,11,1,6,I may leave because the service quality has become poor.,Negative,0
537,31,Male,Kochi,Standard,14,901.27,12091.17,38.8,2,19.3,10,1,7,The service is okay but there is room for improvement.,Neutral,0
538,30,Female,Ahmedabad,Basic,33,493.33,14149.34,28.3,3,19,0,1,4,Very disappointed with the service and slow support.,Negative,0
539,50,Other,Hyderabad,Basic,13,512.65,6387.19,24.1,2,16.5,4,1,8,"Nothing special, but the service is usable.",Neutral,0
540,30,Male,Chennai,Premium,6,1443.25,8893.36,38.5,1,14.6,7,0,5,Poor experience. Support did not solve my issue.,Negative,0
541,20,Other,Chennai,Basic,22,533.44,11712.97,27.1,0,12.2,5,1,7,Reliable service and simple to use. I would recommend it.,Positive,0
542,56,Male,Kolkata,Standard,55,918.74,49898.84,39.2,0,12.1,0,0,5,"Nothing special, but the service is usable.",Neutral,0
543,22,Other,Kolkata,Standard,29,887.51,21982.13,29.5,2,12.2,9,0,6,I may leave because the service quality has become poor.,Negative,0
544,40,Other,Kolkata,Standard,32,819.75,24526.92,15.8,3,12.5,11,0,6,I am unhappy with the price and frequent service problems.,Negative,0
545,25,Female,Hyderabad,Standard,3,775.71,2150.96,22.9,1,15.5,5,0,4,Not satisfied. The app is difficult to use and often fails.,Negative,1
546,18,Female,Mumbai,Standard,4,795.32,3306.73,61.8,2,13.4,7,1,6,I may leave because the service quality has become poor.,Negative,1
547,23,Other,Delhi,Standard,16,868.5,12747.92,34.9,0,19.1,3,1,6,The service is unreliable and I keep facing problems.,Negative,1
548,41,Female,Delhi,Premium,12,1459.45,18258.96,35.5,0,14.2,11,0,7,"Nothing special, but the service is usable.",Neutral,0
549,56,Other,Pune,Premium,8,1446.16,10503.74,64.9,1,12.2,6,0,7,"Nothing special, but the service is usable.",Neutral,0
550,50,Male,Delhi,Basic,19,583.66,11032.9,17.9,2,19.2,8,1,6,The service is unreliable and I keep facing problems.,Negative,0
551,29,Male,Delhi,Standard,10,860.15,8031.67,29,2,5.9,11,1,9,Support solved my issue quickly. Very good experience.,Positive,0
552,33,Other,Chennai,Standard,8,900.13,6423.16,19.6,1,14.2,0,1,5,Poor experience. Support did not solve my issue.,Negative,0
553,33,Female,Kochi,Standard,31,902.85,25215.94,37.7,0,13,0,0,6,The service is fine and meets most of my needs.,Neutral,0
554,19,Male,Ahmedabad,Basic,11,580.44,6280.32,13.7,3,20,4,0,6,Not satisfied. The app is difficult to use and often fails.,Negative,0
555,27,Female,Jaipur,Basic,9,479.77,4333.4,17.3,2,8.6,3,1,8,Very happy with the service and fast support.,Positive,0
556,22,Female,Chennai,Basic,37,409.08,13861.37,1,2,19.4,9,1,5,I may leave because the service quality has become poor.,Negative,0
557,27,Female,Ahmedabad,Standard,43,853.68,32978.29,58.7,1,12.5,7,1,7,It is a normal experience with occasional issues.,Neutral,0
558,35,Male,Hyderabad,Standard,12,893.58,10199.07,27.2,2,13.8,12,0,8,"Excellent experience, no major issues and easy to use.",Positive,0
559,36,Male,Pune,Basic,42,362.39,13589.59,24.5,1,10.8,0,1,5,Poor experience. Support did not solve my issue.,Negative,1
560,52,Female,Jaipur,Standard,32,858.52,28739.12,41.5,1,17.4,6,1,6,The service is fine and meets most of my needs.,Neutral,0
561,33,Other,Hyderabad,Standard,29,774.56,23524.39,30.4,5,22.6,12,1,9,The service is fine and meets most of my needs.,Neutral,0
562,40,Female,Kochi,Premium,57,1308.18,65730.28,68.5,1,3.9,8,0,7,Reliable service and simple to use. I would recommend it.,Positive,0
563,48,Other,Mumbai,Premium,7,1461.77,9338.83,58.5,1,20,2,0,7,I am unhappy with the price and frequent service problems.,Negative,0
564,26,Female,Bengaluru,Standard,16,929.49,13600.86,36.6,2,6.4,0,1,8,"Great experience, the app works smoothly and the team is helpful.",Positive,0
565,37,Female,Hyderabad,Standard,13,946.15,10741.46,29.3,3,15.9,3,0,6,I am unhappy with the price and frequent service problems.,Negative,1
566,39,Other,Jaipur,Standard,43,753.35,27608.67,40.8,2,20.7,8,1,10,I love the service. Everything has been reliable so far.,Positive,0
567,47,Other,Chennai,Standard,22,986.04,22680.89,26,1,6.5,0,0,6,The service is okay but there is room for improvement.,Neutral,0
568,41,Other,Delhi,Standard,52,830.24,37148.03,38.8,2,5.4,2,0,5,Not satisfied. The app is difficult to use and often fails.,Negative,1
569,32,Other,Pune,Basic,7,560.54,3620.78,1,3,15.3,11,1,5,The service is unreliable and I keep facing problems.,Negative,0
570,45,Male,Kolkata,Premium,10,1547.11,16099.58,45,0,1.7,7,1,4,"Nothing special, but the service is usable.",Neutral,0
571,34,Male,Chennai,Basic,17,486.08,7442.66,10.8,4,14.5,0,1,6,I am unhappy with the price and frequent service problems.,Negative,1
572,34,Other,Kolkata,Standard,22,932.3,18791.02,9.1,4,19.5,6,1,3,Bad experience with billing and customer support.,Negative,1
573,44,Female,Ahmedabad,Basic,21,494.99,9902.56,6.1,0,19.9,9,0,6,It is a normal experience with occasional issues.,Neutral,1
574,40,Other,Pune,Standard,16,941.26,15244.51,25.6,1,17.3,0,1,6,It is a normal experience with occasional issues.,Neutral,0
575,25,Female,Delhi,Standard,64,1020.78,68096.73,29.2,6,11.9,10,0,6,I may leave because the service quality has become poor.,Negative,0
576,20,Other,Delhi,Premium,20,1616.15,30092.08,50.8,1,19.4,12,1,6,Average experience. Some things work well and some do not.,Neutral,0
577,34,Female,Mumbai,Standard,8,777.26,5442.2,52.3,1,22.3,0,1,7,"Service is acceptable for now, but support could be faster.",Neutral,0
578,39,Female,Kochi,Standard,29,885.41,23216.51,25.7,3,22.4,2,1,5,Not satisfied. The app is difficult to use and often fails.,Negative,1
579,30,Other,Bengaluru,Basic,27,454.97,12212.61,17.9,1,11.6,8,1,9,Very happy with the service and fast support.,Positive,0
580,50,Male,Chennai,Standard,54,814.31,40274.06,51.8,4,18.1,6,0,5,Bad experience with billing and customer support.,Negative,0
581,34,Male,Chennai,Premium,30,1668.83,51846.66,57,1,10.9,0,1,7,I love the service. Everything has been reliable so far.,Positive,0
582,31,Female,Hyderabad,Standard,51,896.26,41665.4,42.9,3,21.4,0,1,6,The service is unreliable and I keep facing problems.,Negative,0
583,30,Female,Chennai,Basic,33,446.93,14564,11.4,1,9.4,5,1,2,I am unhappy with the price and frequent service problems.,Negative,1
584,38,Female,Hyderabad,Standard,9,830.94,6790.86,21.9,2,8.4,1,0,8,Good value for money and quick customer support.,Positive,0
585,34,Female,Hyderabad,Basic,26,490.76,12219.66,25,2,21.4,16,0,7,The service is fine and meets most of my needs.,Neutral,0
586,34,Other,Ahmedabad,Basic,21,520.1,9643.61,15.3,4,15.7,11,1,5,The service is unreliable and I keep facing problems.,Negative,1
587,26,Female,Chennai,Standard,10,998.36,9342.12,46.5,1,5.6,4,0,7,It is a normal experience with occasional issues.,Neutral,0
588,39,Male,Hyderabad,Basic,26,565.01,13399.37,35.3,1,9.7,4,1,7,"Excellent experience, no major issues and easy to use.",Positive,0
589,29,Male,Kolkata,Standard,24,941.64,20120.9,35.7,1,16.5,6,0,6,"Nothing special, but the service is usable.",Neutral,0
590,36,Other,Chennai,Basic,21,636.73,12920.32,4.9,2,12.3,7,0,7,The service is fine and meets most of my needs.,Neutral,1
591,39,Other,Chennai,Standard,29,824.9,22132.44,28.2,0,13.5,4,0,4,Poor experience. Support did not solve my issue.,Negative,0
592,34,Female,Jaipur,Standard,15,779.61,11082.18,39.8,1,7.4,3,0,6,The service is okay but there is room for improvement.,Neutral,0
593,18,Male,Chennai,Standard,15,817.04,10687.79,17.9,1,12.8,8,1,8,Really satisfied with the service and performance.,Positive,0
594,33,Female,Delhi,Standard,21,778.93,15318.49,32.9,3,19.9,9,0,5,Too many issues and the response from support is slow.,Negative,1
595,37,Other,Hyderabad,Basic,8,570.51,3974.87,28.5,1,7.3,0,1,8,Very happy with the service and fast support.,Positive,0
596,21,Other,Pune,Basic,9,581.71,4848.17,39.1,1,7.7,1,0,7,Support solved my issue quickly. Very good experience.,Positive,0
597,41,Female,Bengaluru,Standard,17,1020.12,15458.69,32.3,1,16.5,6,0,7,It is a normal experience with occasional issues.,Neutral,0
598,31,Female,Hyderabad,Basic,29,393.16,9790.34,20.5,0,14,2,0,3,Very disappointed with the service and slow support.,Negative,0
599,29,Female,Delhi,Basic,14,299,3799.39,35.3,3,16.6,7,1,5,Not satisfied. The app is difficult to use and often fails.,Negative,0
600,23,Other,Chennai,Standard,21,866.47,18883.99,30.7,2,7.2,8,0,3,Very disappointed with the service and slow support.,Negative,1
601,35,Other,Hyderabad,Basic,32,470.76,13847.07,38.3,1,7.5,0,0,7,The service is okay but there is room for improvement.,Neutral,0
602,18,Male,Kolkata,Standard,18,862.78,15023.28,39.9,2,20.7,12,1,7,It is a normal experience with occasional issues.,Neutral,0
603,51,Other,Kolkata,Basic,35,392.21,13639.21,31.1,1,11.9,0,0,4,Too many issues and the response from support is slow.,Negative,0
604,25,Male,Pune,Basic,14,413.25,5352.16,18.5,1,19.3,0,0,5,Poor experience. Support did not solve my issue.,Negative,1
605,33,Other,Delhi,Standard,15,895.2,12075.14,43.9,2,17.3,8,0,7,"Service is acceptable for now, but support could be faster.",Neutral,0
606,35,Other,Kolkata,Standard,15,805.43,10384.14,46.5,1,8.7,7,0,7,The service is okay but there is room for improvement.,Neutral,0
607,30,Male,Hyderabad,Premium,22,1447.81,29123.2,47.6,0,8.3,2,0,1,I may leave because the service quality has become poor.,Negative,0
608,25,Other,Jaipur,Basic,20,603.65,11620.76,11.6,1,7.5,3,0,4,The service is unreliable and I keep facing problems.,Negative,0
609,38,Male,Chennai,Standard,10,836.85,8423.15,42.7,0,5.7,4,0,5,It is a normal experience with occasional issues.,Neutral,0
610,30,Female,Kochi,Standard,15,820.52,11825.13,11.3,1,12.4,7,1,6,Poor experience. Support did not solve my issue.,Negative,0
611,30,Female,Chennai,Standard,34,872.09,30001,11.5,3,10.1,7,1,9,"Great experience, the app works smoothly and the team is helpful.",Positive,0
612,39,Male,Delhi,Premium,12,1577.18,17062.91,48,1,11.8,4,1,7,The service is fine and meets most of my needs.,Neutral,0
613,20,Male,Pune,Standard,11,837.69,8064.01,41.4,3,19.8,4,0,5,I may leave because the service quality has become poor.,Negative,1
614,28,Female,Kochi,Standard,27,955.62,25481.54,42.3,0,3,0,1,9,I love the service. Everything has been reliable so far.,Positive,0
615,42,Female,Chennai,Basic,16,537.24,8897.2,33.8,1,11.8,4,0,4,The service is unreliable and I keep facing problems.,Negative,0
616,22,Male,Kochi,Basic,11,581.49,5939.41,31.6,3,14.2,0,0,7,Average experience. Some things work well and some do not.,Neutral,0
617,35,Male,Ahmedabad,Standard,16,909.49,15063.35,28,1,12,14,0,7,Average experience. Some things work well and some do not.,Neutral,0
618,50,Male,Kochi,Premium,12,1540.96,19257.48,54.4,4,27.4,11,1,5,I am unhappy with the price and frequent service problems.,Negative,1
619,48,Female,Mumbai,Standard,6,808.13,4641.87,40.1,1,17.7,3,1,9,"Excellent experience, no major issues and easy to use.",Positive,0
620,44,Male,Jaipur,Standard,29,835.19,22368.52,42.4,0,4.9,6,0,6,Average experience. Some things work well and some do not.,Neutral,0
621,57,Male,Kochi,Premium,33,1514.3,51803.73,49.1,1,8,3,1,9,"Great experience, the app works smoothly and the team is helpful.",Positive,1
622,42,Female,Pune,Standard,7,876.61,5324.98,26.5,1,7.8,5,1,5,Not satisfied. The app is difficult to use and often fails.,Negative,0
623,29,Male,Kochi,Standard,3,1003.64,3043.36,37.8,0,9.1,4,1,8,Good value for money and quick customer support.,Positive,0
624,25,Female,Jaipur,Standard,32,964.16,27143.3,41.6,1,17.8,3,0,6,It is a normal experience with occasional issues.,Neutral,0
625,35,Female,Jaipur,Premium,27,1480.08,40920.54,38,1,23,0,0,5,"Nothing special, but the service is usable.",Neutral,0
626,47,Other,Mumbai,Basic,17,437.89,6820.16,11.5,5,18.4,5,1,4,Very disappointed with the service and slow support.,Negative,1
627,18,Male,Kochi,Basic,53,509.35,25560.7,11.1,4,15.4,14,0,8,"Service is acceptable for now, but support could be faster.",Neutral,0
628,60,Male,Kolkata,Premium,12,1521.9,18995.48,47.1,0,6.6,7,1,7,The service is okay but there is room for improvement.,Neutral,0
629,45,Male,Kochi,Premium,26,1480.23,36339.32,29.1,0,13.1,0,1,6,It is a normal experience with occasional issues.,Neutral,0
630,35,Male,Chennai,Standard,7,865,6066.51,22,3,13.4,11,0,6,Very disappointed with the service and slow support.,Negative,0
631,39,Male,Kochi,Standard,19,752.57,14076.43,29.3,0,7.7,3,1,8,Reliable service and simple to use. I would recommend it.,Positive,0
632,45,Other,Hyderabad,Standard,25,776.75,18097.77,35.1,2,6.6,8,0,6,Bad experience with billing and customer support.,Negative,0
633,55,Male,Jaipur,Standard,20,1006.25,20133.7,17.6,0,12.2,7,1,9,I love the service. Everything has been reliable so far.,Positive,0
634,34,Male,Pune,Basic,25,579.77,13934.7,15.3,0,3.1,2,1,8,Support solved my issue quickly. Very good experience.,Positive,0
635,53,Other,Delhi,Basic,41,553.73,23056.76,10.2,1,15.7,7,1,6,Average experience. Some things work well and some do not.,Neutral,0
636,18,Male,Mumbai,Basic,12,463.26,5080.58,19.8,2,14.2,5,0,3,Poor experience. Support did not solve my issue.,Negative,1
637,27,Male,Chennai,Standard,17,1031.25,17420.9,24,1,13.1,5,1,7,Support solved my issue quickly. Very good experience.,Positive,0
638,33,Male,Kochi,Standard,26,806.71,19496.16,35.3,2,9.8,8,0,6,It is a normal experience with occasional issues.,Neutral,0
639,39,Female,Ahmedabad,Basic,35,503.34,15781.74,15.1,1,14.2,1,0,8,"Great experience, the app works smoothly and the team is helpful.",Positive,0
640,32,Male,Pune,Premium,54,1567.45,80378.85,55.6,0,9,0,0,5,Average experience. Some things work well and some do not.,Neutral,0
641,18,Female,Chennai,Basic,5,504.8,2395.19,37.3,3,10.5,12,0,3,Not satisfied. The app is difficult to use and often fails.,Negative,1
642,32,Female,Kochi,Basic,15,524.94,7174.01,27.5,1,15.9,0,1,7,"Service is acceptable for now, but support could be faster.",Neutral,0
643,29,Male,Bengaluru,Premium,13,1531.65,20047.11,50.3,1,12.3,6,1,7,The service is fine and meets most of my needs.,Neutral,0
644,42,Other,Kochi,Basic,21,455.73,8767.61,18.3,2,12.2,5,1,4,The service is unreliable and I keep facing problems.,Negative,0
645,44,Male,Hyderabad,Basic,40,528.74,22067.55,12.7,2,17.9,0,0,4,Poor experience. Support did not solve my issue.,Negative,0
646,29,Male,Kolkata,Standard,27,888.68,23606.16,32.4,1,25.2,8,0,8,"Excellent experience, no major issues and easy to use.",Positive,0
647,28,Male,Bengaluru,Premium,13,1367.76,17331.85,51.6,0,9.7,1,0,8,Reliable service and simple to use. I would recommend it.,Positive,0
648,43,Male,Hyderabad,Premium,4,1410.17,5383.89,46.3,0,5.3,0,1,8,"Great experience, the app works smoothly and the team is helpful.",Positive,0
649,52,Male,Ahmedabad,Basic,15,560.97,8795.55,16,4,18.9,6,1,7,Bad experience with billing and customer support.,Negative,0
650,32,Female,Bengaluru,Standard,6,890.43,4983.63,34.3,2,7.3,2,1,5,Poor experience. Support did not solve my issue.,Negative,0
651,19,Female,Mumbai,Premium,26,1615.52,42917.76,39.2,1,14.6,0,1,5,Too many issues and the response from support is slow.,Negative,1
652,24,Female,Chennai,Basic,25,518.64,13059.95,25.9,3,15.9,3,0,5,Too many issues and the response from support is slow.,Negative,0
653,31,Female,Kolkata,Premium,13,1577.48,18162.88,31.8,2,20.4,4,1,7,Very happy with the service and fast support.,Positive,0
654,34,Male,Pune,Standard,27,965.26,24772.69,28.9,6,20.7,19,1,5,I am unhappy with the price and frequent service problems.,Negative,1
655,33,Other,Kochi,Basic,14,467.73,5876.85,13.3,2,10.4,7,0,7,It is a normal experience with occasional issues.,Neutral,0
656,32,Other,Delhi,Standard,13,915.79,10890.02,18.8,2,15.3,7,1,7,"Service is acceptable for now, but support could be faster.",Neutral,0
657,36,Other,Kochi,Basic,14,652,9316.02,4.1,2,9.5,9,1,8,Average experience. Some things work well and some do not.,Neutral,0
658,47,Male,Delhi,Standard,21,898.28,18015.86,15.6,1,10.7,6,0,10,"Excellent experience, no major issues and easy to use.",Positive,0
659,24,Male,Ahmedabad,Standard,35,860.73,27381.85,43.2,1,13.1,1,0,9,I love the service. Everything has been reliable so far.,Positive,0
660,28,Male,Mumbai,Standard,29,824.26,21114.2,33.7,1,14.9,4,1,5,The service is fine and meets most of my needs.,Neutral,0
661,41,Other,Bengaluru,Standard,33,854.84,26474.85,40.1,2,0.5,0,0,7,The service is fine and meets most of my needs.,Neutral,0
662,53,Female,Delhi,Premium,44,1520.51,57817.01,67.7,2,15.9,6,0,8,I love the service. Everything has been reliable so far.,Positive,0
663,41,Male,Jaipur,Basic,20,457.61,9183.8,11.6,2,12.7,10,1,8,The service is fine and meets most of my needs.,Neutral,0
664,41,Male,Delhi,Premium,14,1550.67,22179.62,27.9,2,7.4,1,0,6,The service is fine and meets most of my needs.,Neutral,1
665,31,Male,Ahmedabad,Standard,29,931.3,27823,33.5,2,17.6,7,0,5,I may leave because the service quality has become poor.,Negative,1
666,32,Male,Hyderabad,Basic,18,517.21,8173.14,1,0,11.7,2,0,7,Very happy with the service and fast support.,Positive,0
667,45,Other,Ahmedabad,Basic,26,469.7,10889.39,39.9,0,14.8,0,0,6,Average experience. Some things work well and some do not.,Neutral,0
668,36,Female,Chennai,Premium,26,1417.97,35107.04,53.7,2,15.9,0,1,4,Very disappointed with the service and slow support.,Negative,0
669,32,Male,Chennai,Standard,29,793.44,22975.02,33,2,15.5,15,0,8,The service is okay but there is room for improvement.,Neutral,0
670,22,Other,Delhi,Premium,17,1537.62,26541.75,39.6,2,18.5,6,1,7,"Nothing special, but the service is usable.",Neutral,0
671,44,Other,Kolkata,Standard,17,948.53,15605.62,52.5,1,3.5,2,1,8,"Excellent experience, no major issues and easy to use.",Positive,0
672,24,Female,Chennai,Premium,17,1505.51,26639.58,52.5,1,13.6,2,1,4,I may leave because the service quality has become poor.,Negative,0
673,25,Other,Delhi,Basic,14,370.51,5413.19,11.6,1,15.7,4,1,7,Good value for money and quick customer support.,Positive,0
674,32,Other,Jaipur,Premium,16,1407.19,23371.43,65.7,2,20.2,0,1,7,"Service is acceptable for now, but support could be faster.",Neutral,0
675,23,Other,Pune,Basic,32,500.64,16348.37,1.8,1,5.3,0,0,8,Support solved my issue quickly. Very good experience.,Positive,0
676,46,Other,Bengaluru,Basic,27,451.24,11768.18,11.4,2,11,0,1,9,Good value for money and quick customer support.,Positive,0
677,33,Other,Jaipur,Basic,34,645.54,20446.4,22.2,2,9.1,4,1,7,Average experience. Some things work well and some do not.,Neutral,0
678,40,Female,Hyderabad,Basic,35,624.07,22035.48,43.1,3,13.7,10,1,5,Poor experience. Support did not solve my issue.,Negative,0
679,34,Other,Hyderabad,Premium,14,1515.22,19477.34,59.5,1,8.9,2,1,7,It is a normal experience with occasional issues.,Neutral,0
680,24,Male,Pune,Basic,15,447.85,6485.77,9.2,4,10.8,10,0,6,Not satisfied. The app is difficult to use and often fails.,Negative,1
681,39,Female,Hyderabad,Standard,16,703.76,9844.97,32.6,0,19.6,0,0,7,It is a normal experience with occasional issues.,Neutral,0
682,27,Female,Kolkata,Premium,19,1531.94,30200.31,44.5,3,26.7,10,1,7,It is a normal experience with occasional issues.,Neutral,0
683,27,Female,Delhi,Standard,36,935.92,35037.86,49.7,0,12.4,3,0,8,Reliable service and simple to use. I would recommend it.,Positive,0
684,31,Other,Mumbai,Basic,2,529.17,920.81,30.6,2,23,12,0,3,Very disappointed with the service and slow support.,Negative,1
685,39,Female,Bengaluru,Basic,40,384.45,14954.28,14.8,2,14.7,3,0,7,The service is okay but there is room for improvement.,Neutral,0
686,31,Female,Chennai,Premium,66,1528.33,90379.54,59.2,1,20.1,8,0,6,"Nothing special, but the service is usable.",Neutral,0
687,32,Male,Kochi,Premium,63,1491.38,95544.1,54.9,1,19.9,0,0,7,Really satisfied with the service and performance.,Positive,0
688,18,Other,Jaipur,Premium,15,1566.27,21431.4,44.4,0,17.3,8,0,8,Support solved my issue quickly. Very good experience.,Positive,0
689,22,Other,Chennai,Standard,25,855.88,19701.84,29.2,3,21.3,0,1,10,I love the service. Everything has been reliable so far.,Positive,0
690,23,Male,Hyderabad,Basic,14,412.28,5589.79,25.8,4,12.1,15,0,6,Bad experience with billing and customer support.,Negative,1
691,41,Other,Kochi,Standard,35,988.16,30351.6,31.3,4,24,13,1,10,"Nothing special, but the service is usable.",Neutral,1
692,41,Female,Pune,Basic,20,531.96,9889.97,6.8,3,22.9,8,0,6,Bad experience with billing and customer support.,Negative,1
693,35,Other,Kochi,Premium,18,1562.4,28397.53,36.6,2,15.1,11,0,5,Very disappointed with the service and slow support.,Negative,1
694,39,Female,Bengaluru,Standard,46,945.45,38418.35,23.2,1,19.1,0,1,4,I may leave because the service quality has become poor.,Negative,0
695,39,Male,Hyderabad,Basic,34,381.14,11101.54,23.2,1,8,4,0,7,"Excellent experience, no major issues and easy to use.",Positive,0
696,18,Male,Ahmedabad,Premium,23,1482.68,34573.26,47.3,1,11.2,0,1,6,It is a normal experience with occasional issues.,Neutral,0
697,20,Female,Ahmedabad,Premium,29,1483.84,39283.59,68.5,2,10.5,3,1,4,The service is unreliable and I keep facing problems.,Negative,0
698,38,Other,Kochi,Standard,22,931.9,18285.46,27,2,15.5,10,1,9,Support solved my issue quickly. Very good experience.,Positive,0
699,29,Female,Chennai,Standard,44,911.94,37309.65,24.1,2,17.3,8,1,7,It is a normal experience with occasional issues.,Neutral,0
700,32,Female,Pune,Basic,9,415.85,3440.83,6,6,23.1,9,1,8,Very disappointed with the service and slow support.,Negative,1
701,31,Male,Hyderabad,Basic,35,477.81,15315.48,30.6,1,17.9,5,1,8,Support solved my issue quickly. Very good experience.,Positive,0
702,34,Other,Mumbai,Standard,10,896.92,9400.08,33.9,5,20.5,16,1,7,Bad experience with billing and customer support.,Negative,1
703,28,Other,Ahmedabad,Standard,36,1012.24,33358.44,37.2,0,3.8,4,0,6,Reliable service and simple to use. I would recommend it.,Positive,0
704,33,Female,Hyderabad,Standard,41,789.45,32111.09,24.9,0,13.6,0,0,6,The service is fine and meets most of my needs.,Neutral,0
705,35,Other,Kochi,Premium,14,1389.77,20099.55,31.3,0,0.5,7,0,6,The service is okay but there is room for improvement.,Neutral,0
706,18,Female,Chennai,Premium,39,1479.29,59148.62,50.8,0,5.8,14,0,8,Average experience. Some things work well and some do not.,Neutral,0
707,31,Male,Chennai,Basic,17,505.14,8532.27,23.7,2,10.8,5,0,8,Support solved my issue quickly. Very good experience.,Positive,1
708,32,Male,Chennai,Premium,29,1480.99,42297.55,38.6,1,6.6,5,1,7,"Service is acceptable for now, but support could be faster.",Neutral,0
709,29,Other,Hyderabad,Basic,9,510.22,4552.59,7.3,3,11.1,3,1,3,Not satisfied. The app is difficult to use and often fails.,Negative,0
710,41,Female,Kochi,Standard,18,879.78,13533.81,20.8,1,15.2,0,0,6,"Nothing special, but the service is usable.",Neutral,1
711,27,Other,Jaipur,Standard,18,829.93,14428.12,36.9,1,18.8,4,1,8,"Great experience, the app works smoothly and the team is helpful.",Positive,0
712,37,Female,Chennai,Basic,11,535.01,5429.72,8.6,3,13.3,10,0,5,The service is unreliable and I keep facing problems.,Negative,0
713,31,Other,Hyderabad,Standard,27,790.85,21263.22,33.4,3,17.1,1,1,5,Bad experience with billing and customer support.,Negative,0
714,33,Female,Kolkata,Standard,28,854.38,23948.87,31,2,18.1,3,1,5,The service is okay but there is room for improvement.,Neutral,0
715,42,Male,Pune,Standard,12,897.27,10470.23,31.8,0,10.5,3,1,6,The service is okay but there is room for improvement.,Neutral,0
716,41,Female,Delhi,Standard,8,981.79,7302.38,30.4,4,12.2,8,0,9,Reliable service and simple to use. I would recommend it.,Positive,0
717,25,Female,Delhi,Basic,16,437.94,7120.99,16.1,3,19.3,6,1,7,Too many issues and the response from support is slow.,Negative,0
718,31,Female,Ahmedabad,Premium,18,1482.23,27427.02,49.7,2,14.2,8,0,6,I am unhappy with the price and frequent service problems.,Negative,0
719,42,Male,Pune,Premium,15,1395.09,19459.43,45.2,1,11.7,2,1,7,"Service is acceptable for now, but support could be faster.",Neutral,0
720,27,Female,Kolkata,Standard,14,934.86,11680.74,17.2,1,17.8,5,0,5,Average experience. Some things work well and some do not.,Neutral,0
721,28,Female,Mumbai,Premium,41,1549.74,59126.23,51.7,1,17.8,0,1,7,"Nothing special, but the service is usable.",Neutral,0
722,18,Female,Kochi,Premium,28,1497.03,37898.93,61.8,1,10,2,0,5,Poor experience. Support did not solve my issue.,Negative,0
723,40,Male,Pune,Standard,36,909.89,30342.27,27.4,1,7.2,7,1,7,I love the service. Everything has been reliable so far.,Positive,0
724,46,Other,Jaipur,Basic,24,446.97,10598.51,33.3,0,12.1,2,0,8,Good value for money and quick customer support.,Positive,0
725,31,Male,Mumbai,Basic,66,511.21,35111.18,17.2,2,20.9,5,0,7,"Service is acceptable for now, but support could be faster.",Neutral,0
726,26,Other,Mumbai,Basic,31,611.39,19407.18,20.4,1,13.4,0,1,6,The service is fine and meets most of my needs.,Neutral,0
727,31,Female,Hyderabad,Standard,18,886.6,14048.78,23.8,1,16.7,7,0,5,Not satisfied. The app is difficult to use and often fails.,Negative,0
728,36,Female,Jaipur,Standard,18,901.35,16710.19,35.1,2,16.9,3,1,10,Really satisfied with the service and performance.,Positive,0
729,25,Female,Chennai,Premium,19,1599.79,27973.15,54.3,3,10.2,11,1,5,The service is unreliable and I keep facing problems.,Negative,1
730,31,Female,Bengaluru,Standard,16,894.37,13360.83,33.6,1,6.4,0,0,6,The service is fine and meets most of my needs.,Neutral,0
731,37,Male,Mumbai,Standard,40,792.33,29493.52,7.1,4,15.7,6,0,4,Too many issues and the response from support is slow.,Negative,1
732,18,Other,Kolkata,Standard,25,908.08,22421.03,17.5,5,15.4,14,0,5,I may leave because the service quality has become poor.,Negative,0
733,29,Male,Chennai,Standard,31,791.92,24447.59,26.4,1,9.7,0,0,6,Average experience. Some things work well and some do not.,Neutral,0
734,22,Female,Jaipur,Premium,40,1525.72,53175.87,39.6,3,9.9,6,1,5,Too many issues and the response from support is slow.,Negative,0
735,30,Female,Kolkata,Premium,38,1381.71,51931.68,51.5,1,8.4,0,1,7,"Service is acceptable for now, but support could be faster.",Neutral,0
736,24,Male,Ahmedabad,Basic,18,577.62,9271.89,1,2,21.5,6,1,6,The service is unreliable and I keep facing problems.,Negative,0
737,18,Male,Kochi,Premium,30,1601.53,40892.75,38,1,17.2,1,1,8,"Excellent experience, no major issues and easy to use.",Positive,0
738,24,Female,Hyderabad,Standard,10,948.14,8877.87,45.8,4,18.2,1,1,7,Too many issues and the response from support is slow.,Negative,1
739,40,Other,Delhi,Premium,11,1449.3,15872.48,40.6,3,14.1,13,1,7,"Nothing special, but the service is usable.",Neutral,0
740,37,Other,Pune,Basic,5,629.5,2786.88,28.8,1,11.6,2,0,5,Very disappointed with the service and slow support.,Negative,0
741,20,Other,Kolkata,Standard,13,870.57,11106.31,59.2,1,15,5,0,6,"Nothing special, but the service is usable.",Neutral,0
742,31,Male,Ahmedabad,Premium,9,1410.09,11024.03,61.9,3,14.9,12,1,7,It is a normal experience with occasional issues.,Neutral,0
743,36,Female,Kolkata,Standard,26,875.77,22962.26,35.8,0,17.7,0,0,7,Really satisfied with the service and performance.,Positive,1
744,35,Other,Mumbai,Standard,14,920.63,13370.33,32.5,3,15.2,10,1,7,"Nothing special, but the service is usable.",Neutral,0
745,46,Female,Kochi,Basic,18,580.42,10290.23,12.1,1,13.7,0,0,8,"Nothing special, but the service is usable.",Neutral,0
746,33,Other,Chennai,Basic,11,524.66,5140.09,34.9,4,14.5,8,1,7,Average experience. Some things work well and some do not.,Neutral,0
747,37,Other,Pune,Standard,28,871.47,21534.54,31.7,1,10,0,0,6,Not satisfied. The app is difficult to use and often fails.,Negative,0
748,30,Other,Hyderabad,Basic,10,486.79,5104.88,23.6,3,14,13,0,6,Too many issues and the response from support is slow.,Negative,0
749,38,Female,Delhi,Standard,22,907.04,17360.86,27.4,1,16.2,7,1,7,Reliable service and simple to use. I would recommend it.,Positive,0
750,26,Male,Ahmedabad,Basic,9,389.2,3251.78,19.1,3,15.5,2,0,6,I may leave because the service quality has become poor.,Negative,1
751,39,Male,Kochi,Basic,14,550.81,7370,29.1,0,3.4,5,1,6,The service is fine and meets most of my needs.,Neutral,0
752,40,Female,Kolkata,Basic,23,496.16,9861.5,25.5,3,14.3,5,0,6,Average experience. Some things work well and some do not.,Neutral,0
753,18,Male,Delhi,Standard,18,928.4,16734.62,36.1,1,19.9,0,1,7,I love the service. Everything has been reliable so far.,Positive,0
754,35,Female,Chennai,Standard,26,868.53,20983.16,37.2,2,7.8,3,1,7,"Service is acceptable for now, but support could be faster.",Neutral,0
755,27,Other,Chennai,Basic,36,549.9,19966.69,31.8,1,12.2,5,0,6,Very happy with the service and fast support.,Positive,0
756,42,Female,Pune,Basic,11,470.67,4968.1,1,1,11.5,5,0,6,The service is fine and meets most of my needs.,Neutral,1
757,38,Male,Ahmedabad,Standard,41,884.95,32126.52,28,3,11.4,3,0,4,Poor experience. Support did not solve my issue.,Negative,0
758,41,Other,Kolkata,Standard,36,853.97,31173.61,41.6,3,15.9,6,1,5,Bad experience with billing and customer support.,Negative,0
759,33,Female,Kolkata,Basic,10,545.99,4938.5,25.5,2,13.1,6,0,9,Really satisfied with the service and performance.,Positive,0
760,44,Male,Delhi,Standard,11,931.9,9593.93,33,1,22.8,1,0,6,Very disappointed with the service and slow support.,Negative,0
761,37,Other,Bengaluru,Standard,10,886.13,8141.46,24.8,0,17.3,0,0,4,I am unhappy with the price and frequent service problems.,Negative,0
762,37,Other,Delhi,Basic,26,403.35,9135.81,4.1,1,11.2,3,0,6,Support solved my issue quickly. Very good experience.,Positive,0
763,35,Other,Jaipur,Basic,32,512.32,14955.33,14.2,3,8.9,8,0,6,The service is okay but there is room for improvement.,Neutral,0
764,29,Female,Pune,Standard,23,817.24,17890.52,43.4,1,2.9,7,1,8,Support solved my issue quickly. Very good experience.,Positive,0
765,29,Other,Chennai,Basic,15,450.56,6575.77,33,2,13.6,0,1,7,"Service is acceptable for now, but support could be faster.",Neutral,0
766,20,Male,Chennai,Premium,22,1514.05,30408.16,46.4,4,16.9,9,1,8,The service is okay but there is room for improvement.,Neutral,0
767,56,Male,Mumbai,Standard,18,918.69,14450.42,33.9,1,10.6,8,0,4,I am unhappy with the price and frequent service problems.,Negative,1
768,37,Other,Bengaluru,Standard,40,852.84,34216.51,21.7,2,21.9,0,0,5,The service is unreliable and I keep facing problems.,Negative,1
769,42,Female,Bengaluru,Standard,18,883.69,14738.6,31.8,2,15.5,1,1,7,The service is fine and meets most of my needs.,Neutral,0
770,39,Other,Bengaluru,Standard,28,915.01,25260.05,37.9,0,10,5,0,9,"Great experience, the app works smoothly and the team is helpful.",Positive,0
771,24,Other,Bengaluru,Basic,14,401.32,5656.34,22.5,1,11.7,5,0,5,Bad experience with billing and customer support.,Negative,0
772,22,Female,Kolkata,Basic,11,478.03,5165.71,32.6,1,12,0,1,5,It is a normal experience with occasional issues.,Neutral,0
773,32,Other,Chennai,Basic,25,422.59,9960.16,9.9,2,8.2,2,0,6,Too many issues and the response from support is slow.,Negative,0
774,44,Female,Hyderabad,Standard,20,861.13,15620.14,27.4,2,19.2,0,1,5,Poor experience. Support did not solve my issue.,Negative,1
775,36,Female,Hyderabad,Standard,21,1026.09,20260.78,39,2,5.1,7,0,5,Too many issues and the response from support is slow.,Negative,0
776,35,Male,Hyderabad,Standard,20,909.46,16956.78,20.9,1,13.6,4,0,9,"Excellent experience, no major issues and easy to use.",Positive,0
777,37,Other,Mumbai,Standard,20,832.07,16915.08,33.7,1,11.8,11,1,6,"Excellent experience, no major issues and easy to use.",Positive,0
778,24,Male,Bengaluru,Standard,5,926.94,4509.03,11.3,0,9,4,0,6,"Nothing special, but the service is usable.",Neutral,0
779,35,Female,Delhi,Basic,18,483.59,7659.45,7.1,2,19.5,2,0,7,"Nothing special, but the service is usable.",Neutral,0
780,20,Male,Hyderabad,Premium,10,1461.19,14189.33,37.8,0,5.9,2,1,6,I love the service. Everything has been reliable so far.,Positive,0
781,44,Male,Kochi,Basic,36,419.05,13486.02,12.5,1,5.7,4,0,7,"Excellent experience, no major issues and easy to use.",Positive,0
782,32,Other,Mumbai,Standard,12,888.06,10848.71,37.9,1,14.8,9,1,7,"Service is acceptable for now, but support could be faster.",Neutral,0
783,24,Female,Bengaluru,Basic,14,556.54,7935.29,18.6,4,11.9,5,0,5,Very disappointed with the service and slow support.,Negative,1
784,49,Female,Delhi,Premium,16,1501.35,21924.08,36,0,12.2,0,1,8,Support solved my issue quickly. Very good experience.,Positive,0
785,23,Other,Hyderabad,Basic,9,559.53,4965.12,16.6,2,10.1,5,0,5,Very disappointed with the service and slow support.,Negative,0
786,37,Male,Chennai,Basic,14,449,5827.98,24.4,5,31.6,12,1,6,Too many issues and the response from support is slow.,Negative,1
787,42,Other,Hyderabad,Standard,9,914.89,7056.35,31.4,0,10.2,0,1,9,I love the service. Everything has been reliable so far.,Positive,0
788,41,Male,Kolkata,Standard,27,937.34,21671.22,23.7,5,16.6,6,1,5,Too many issues and the response from support is slow.,Negative,0
789,50,Female,Ahmedabad,Standard,5,929.94,3984.76,8.6,4,14.9,6,0,6,The service is unreliable and I keep facing problems.,Negative,0
790,25,Male,Bengaluru,Premium,12,1515.2,16759.62,51.9,3,10.8,2,0,4,The service is unreliable and I keep facing problems.,Negative,0
791,41,Female,Jaipur,Standard,13,898.29,11669.35,49.8,1,13.5,2,1,9,I love the service. Everything has been reliable so far.,Positive,0
792,25,Other,Kolkata,Standard,8,877.16,6372.61,37.3,1,13.2,2,0,3,Poor experience. Support did not solve my issue.,Negative,1
793,26,Female,Ahmedabad,Basic,40,512.4,18738.55,34.4,2,19,6,1,8,Reliable service and simple to use. I would recommend it.,Positive,0
794,26,Male,Hyderabad,Basic,35,445.03,16109.88,25.8,3,20.2,6,1,4,Very disappointed with the service and slow support.,Negative,0
795,38,Other,Kochi,Standard,49,793.96,35082.73,45.6,2,14.3,4,0,4,Not satisfied. The app is difficult to use and often fails.,Negative,1
796,42,Other,Kochi,Standard,17,910.85,14866.41,12.2,0,7.5,3,0,5,It is a normal experience with occasional issues.,Neutral,0
797,32,Other,Mumbai,Standard,19,851.95,15793.7,36.5,3,17,3,1,5,Poor experience. Support did not solve my issue.,Negative,0
798,27,Other,Jaipur,Basic,24,398.23,8298.38,26,2,20,3,0,6,I may leave because the service quality has become poor.,Negative,0
799,38,Female,Chennai,Basic,32,531.14,16531.87,15.1,1,13.9,0,1,10,Really satisfied with the service and performance.,Positive,0
800,48,Male,Delhi,Premium,16,1525.08,22787.76,55.7,0,17.5,0,0,3,I am unhappy with the price and frequent service problems.,Negative,0
801,48,Other,Kolkata,Standard,22,785.19,17529.08,11,1,8.6,5,0,6,"Great experience, the app works smoothly and the team is helpful.",Positive,0
802,32,Female,Ahmedabad,Premium,11,1505.24,16036.07,42.7,1,15.3,0,1,8,"Great experience, the app works smoothly and the team is helpful.",Positive,1
803,32,Female,Ahmedabad,Basic,20,487.08,10098.65,22.7,1,0.5,4,1,5,"Nothing special, but the service is usable.",Neutral,1
804,27,Other,Bengaluru,Basic,10,479.85,4263.28,13.7,2,8.4,4,1,8,Very happy with the service and fast support.,Positive,0
805,29,Other,Kochi,Basic,8,488.49,3642.79,19.7,1,11.6,0,0,6,The service is fine and meets most of my needs.,Neutral,0
806,43,Other,Pune,Premium,26,1457.95,38126.5,33.1,2,13.2,7,0,2,I may leave because the service quality has become poor.,Negative,1
807,29,Female,Delhi,Premium,36,1566.54,50251.33,41.4,2,13,7,0,9,Reliable service and simple to use. I would recommend it.,Positive,0
808,39,Female,Kochi,Standard,9,896.89,7033.85,19.2,4,12.6,7,1,6,Not satisfied. The app is difficult to use and often fails.,Negative,0
809,33,Other,Ahmedabad,Basic,40,630.65,23397.57,20.9,3,17.1,6,0,7,The service is okay but there is room for improvement.,Neutral,0
810,35,Female,Delhi,Premium,15,1527.18,23139.89,46.9,1,15.4,12,1,7,Really satisfied with the service and performance.,Positive,0
811,32,Other,Hyderabad,Basic,36,409.78,12593.51,11.4,1,12.4,7,0,4,I may leave because the service quality has become poor.,Negative,1
812,42,Male,Kolkata,Basic,6,509.25,3207.17,16.9,3,11.8,5,0,7,Average experience. Some things work well and some do not.,Neutral,1
813,38,Male,Kolkata,Basic,14,394.17,4893.43,4.7,5,23.2,11,0,4,Not satisfied. The app is difficult to use and often fails.,Negative,0
814,34,Male,Kolkata,Basic,27,480.64,11225.29,17.9,0,9,2,0,8,Reliable service and simple to use. I would recommend it.,Positive,0
815,26,Female,Jaipur,Premium,28,1527.05,43587.34,50.6,2,7.6,5,0,6,I may leave because the service quality has become poor.,Negative,0
816,43,Male,Kochi,Standard,33,915.33,27517.17,37.4,0,19.7,0,1,6,The service is fine and meets most of my needs.,Neutral,0
817,18,Female,Kochi,Standard,19,880.01,14804.28,52.5,4,13.7,15,0,4,Poor experience. Support did not solve my issue.,Negative,1
818,34,Other,Chennai,Basic,16,548.97,8865.31,12.7,2,14.5,2,1,8,The service is fine and meets most of my needs.,Neutral,0
819,28,Female,Kolkata,Premium,36,1382.19,47711.13,56.3,1,12.6,2,0,7,"Service is acceptable for now, but support could be faster.",Neutral,0
820,38,Female,Delhi,Premium,32,1530.31,45112.09,40.3,2,11.3,0,1,6,Poor experience. Support did not solve my issue.,Negative,0
821,18,Male,Kolkata,Standard,9,854.44,6676.82,40.9,3,23,7,1,4,Not satisfied. The app is difficult to use and often fails.,Negative,1
822,20,Other,Kochi,Standard,24,759.62,15878.88,38,0,4.3,2,0,5,Average experience. Some things work well and some do not.,Neutral,0
823,39,Other,Pune,Standard,9,936.67,7354.86,49.7,2,8.9,1,0,5,Poor experience. Support did not solve my issue.,Negative,0
824,34,Other,Kochi,Standard,31,954.4,30562.19,19.6,0,6.4,1,1,7,"Great experience, the app works smoothly and the team is helpful.",Positive,0
825,23,Female,Kochi,Standard,9,906,7639.05,30.7,1,9.2,4,1,10,"Excellent experience, no major issues and easy to use.",Positive,0
826,30,Female,Bengaluru,Standard,30,955.7,29239.33,29.3,0,0.7,2,0,4,Bad experience with billing and customer support.,Negative,1
827,43,Male,Bengaluru,Standard,45,1038.3,44906.22,32,1,12.9,3,0,6,"Service is acceptable for now, but support could be faster.",Neutral,0
828,45,Male,Pune,Standard,33,926.83,27915.04,36.3,0,14.3,1,0,6,Very happy with the service and fast support.,Positive,0
829,38,Other,Pune,Basic,22,495.65,9858.51,16.6,1,16.6,1,0,7,"Service is acceptable for now, but support could be faster.",Neutral,0
830,28,Female,Hyderabad,Standard,33,965.08,28417.55,22.1,3,13.5,1,0,4,Bad experience with billing and customer support.,Negative,1
831,31,Male,Kochi,Standard,10,980.09,8971.42,38.2,1,20.2,2,1,7,"Nothing special, but the service is usable.",Neutral,0
832,23,Other,Bengaluru,Premium,23,1363.34,30149.74,59.1,1,10.8,0,1,8,It is a normal experience with occasional issues.,Neutral,0
833,27,Other,Delhi,Premium,9,1504.95,12965.99,39.4,0,16.5,0,0,7,Very happy with the service and fast support.,Positive,0
834,43,Other,Pune,Basic,29,504.23,12731.32,1,1,12.6,3,1,10,Good value for money and quick customer support.,Positive,0
835,21,Other,Delhi,Standard,48,945.88,41553.72,16.4,1,22.6,0,0,6,"Nothing special, but the service is usable.",Neutral,0
836,18,Male,Pune,Standard,42,862.15,34873.58,23,2,6.1,9,0,4,Poor experience. Support did not solve my issue.,Negative,1
837,18,Male,Kochi,Basic,19,302.26,5319.55,24.1,1,10,0,0,5,Bad experience with billing and customer support.,Negative,0
838,20,Female,Kochi,Basic,8,526.59,4058.65,17,2,20.8,1,0,9,"Excellent experience, no major issues and easy to use.",Positive,0
839,39,Male,Delhi,Standard,24,848.14,17561.95,13.5,1,9.4,0,0,7,The service is okay but there is room for improvement.,Neutral,0
840,27,Male,Delhi,Standard,8,1095.1,8993.48,19.9,1,19.1,8,1,5,I may leave because the service quality has become poor.,Negative,1
841,30,Other,Kochi,Standard,10,893.58,9019.6,35.4,2,16.5,8,1,7,The service is fine and meets most of my needs.,Neutral,0
842,28,Male,Chennai,Standard,11,876.87,9039.12,33.8,2,4.7,7,0,6,It is a normal experience with occasional issues.,Neutral,0
843,27,Other,Kochi,Standard,11,950.63,10756.77,44.8,1,2.6,5,1,9,Good value for money and quick customer support.,Positive,0
844,23,Male,Delhi,Basic,37,449.02,14954.08,27.2,2,26.4,6,1,5,I am unhappy with the price and frequent service problems.,Negative,1
845,18,Other,Kochi,Standard,21,856.96,18107.59,36.1,0,13.8,0,0,7,"Great experience, the app works smoothly and the team is helpful.",Positive,0
846,36,Other,Delhi,Standard,14,792.08,9926.92,26.8,2,10.3,10,0,4,Very disappointed with the service and slow support.,Negative,1
847,38,Other,Delhi,Standard,39,916.17,37001.37,30.6,3,29,0,0,9,It is a normal experience with occasional issues.,Neutral,0
848,25,Female,Kochi,Standard,13,873.4,10338.6,43,2,14.9,0,0,4,Not satisfied. The app is difficult to use and often fails.,Negative,1
849,31,Other,Kochi,Standard,24,929.64,21992.39,42.7,0,9.6,1,0,7,"Excellent experience, no major issues and easy to use.",Positive,0
850,53,Other,Mumbai,Basic,15,446.99,6389.48,12.4,2,17.1,3,0,6,The service is unreliable and I keep facing problems.,Negative,0
851,29,Male,Kochi,Standard,3,986.21,2976.82,29.5,2,6.4,15,0,8,Good value for money and quick customer support.,Positive,0
852,18,Other,Mumbai,Premium,10,1530.6,14301.9,54.4,0,6.5,0,1,6,The service is unreliable and I keep facing problems.,Negative,0
853,24,Male,Kochi,Premium,17,1400.28,24464.62,63.1,0,5,8,1,4,The service is unreliable and I keep facing problems.,Negative,0
854,30,Other,Chennai,Basic,13,520.15,6955.07,1,3,15.2,4,1,6,The service is okay but there is room for improvement.,Neutral,0
855,45,Male,Hyderabad,Basic,15,611.06,8969.44,19.3,3,25.8,12,1,7,The service is fine and meets most of my needs.,Neutral,0
856,35,Male,Jaipur,Premium,38,1409.76,50584.29,43.5,0,6.3,5,1,10,Support solved my issue quickly. Very good experience.,Positive,0
857,18,Female,Ahmedabad,Standard,13,888.15,10675.95,33.7,0,8.7,0,1,7,Really satisfied with the service and performance.,Positive,0
858,18,Male,Kolkata,Standard,13,912.83,11250.83,34,2,15.5,5,0,7,"Nothing special, but the service is usable.",Neutral,1
859,28,Other,Jaipur,Basic,25,430.83,10361.17,10.6,2,14,11,0,4,The service is unreliable and I keep facing problems.,Negative,1
860,23,Female,Kochi,Basic,15,485.89,6518.19,15.7,2,11.2,3,1,9,"Great experience, the app works smoothly and the team is helpful.",Positive,0
861,29,Female,Ahmedabad,Standard,12,916.11,9553.06,31,2,12.1,4,0,8,Reliable service and simple to use. I would recommend it.,Positive,0
862,26,Male,Kochi,Basic,27,432.99,11023.47,9.6,1,2.9,6,1,6,The service is fine and meets most of my needs.,Neutral,1
863,27,Female,Chennai,Basic,18,495.49,9033.44,32.7,0,17.3,4,1,8,Very happy with the service and fast support.,Positive,0
864,36,Other,Kochi,Basic,21,598.33,12462.3,1,3,9.3,2,0,4,Very disappointed with the service and slow support.,Negative,1
865,41,Other,Jaipur,Standard,33,948.47,29083.26,18.4,8,25.9,16,0,3,Too many issues and the response from support is slow.,Negative,1
866,27,Male,Delhi,Basic,14,522.15,6574.94,5.9,1,22.8,2,0,6,Average experience. Some things work well and some do not.,Neutral,0
867,47,Male,Mumbai,Standard,5,842.98,4419.66,31.8,0,0.5,0,1,8,Good value for money and quick customer support.,Positive,0
868,37,Male,Chennai,Standard,19,1017.46,16938.56,29.4,0,1,2,0,6,The service is fine and meets most of my needs.,Neutral,0
869,49,Female,Kochi,Basic,2,516.35,941.76,7.3,1,15.4,1,0,2,Too many issues and the response from support is slow.,Negative,1
870,40,Male,Mumbai,Standard,14,973.56,13990.21,38.1,1,19.4,2,1,8,"Service is acceptable for now, but support could be faster.",Neutral,0
871,34,Female,Chennai,Standard,11,923.47,8661.79,33.3,2,12.6,3,0,6,The service is okay but there is room for improvement.,Neutral,0
872,43,Female,Jaipur,Basic,28,525.43,14022.71,16.2,3,19.8,4,0,7,"Service is acceptable for now, but support could be faster.",Neutral,0
873,30,Female,Ahmedabad,Basic,25,515.7,11059.06,7.3,6,19,9,1,3,Poor experience. Support did not solve my issue.,Negative,1
874,36,Other,Jaipur,Standard,35,902.56,28183.43,34.1,1,10,9,1,6,It is a normal experience with occasional issues.,Neutral,0
875,43,Male,Bengaluru,Basic,16,446.68,7452.7,4.9,2,9.7,8,0,7,"Nothing special, but the service is usable.",Neutral,0
876,34,Other,Kolkata,Basic,23,516.14,12091.42,22.1,1,5.7,2,1,7,Average experience. Some things work well and some do not.,Neutral,0
877,25,Other,Delhi,Premium,12,1473.8,16533.72,49.6,0,6.3,5,1,7,Reliable service and simple to use. I would recommend it.,Positive,0
878,41,Female,Pune,Standard,16,906.21,14734.49,30.1,3,26.9,8,0,5,Poor experience. Support did not solve my issue.,Negative,0
879,37,Other,Jaipur,Basic,10,451.68,4153.69,21.1,1,10.3,5,1,5,Average experience. Some things work well and some do not.,Neutral,0
880,31,Other,Mumbai,Basic,24,392.16,8357.15,11,1,3.9,0,0,6,"Nothing special, but the service is usable.",Neutral,0
881,31,Male,Bengaluru,Premium,8,1608.36,12155.87,34,3,18.3,6,0,6,Bad experience with billing and customer support.,Negative,0
882,36,Other,Mumbai,Premium,33,1456.05,42002.43,34.9,2,14.9,9,1,9,Reliable service and simple to use. I would recommend it.,Positive,0
883,18,Other,Chennai,Standard,12,860.59,9586.17,23.5,0,14.8,4,0,7,"Excellent experience, no major issues and easy to use.",Positive,0
884,33,Male,Ahmedabad,Standard,24,1018.29,22223.31,38.6,2,15.6,9,0,5,Bad experience with billing and customer support.,Negative,0
885,37,Female,Kochi,Basic,7,527.18,3613.54,8.4,1,6.1,0,0,8,I love the service. Everything has been reliable so far.,Positive,0
886,23,Other,Chennai,Standard,11,922.97,10024.4,16.8,2,4.2,3,0,6,Poor experience. Support did not solve my issue.,Negative,0
887,41,Other,Ahmedabad,Premium,4,1664.17,6509.43,62.2,0,16,1,0,6,Average experience. Some things work well and some do not.,Neutral,0
888,43,Female,Mumbai,Basic,27,534.72,13705.01,28.2,0,11.5,0,1,8,Good value for money and quick customer support.,Positive,0
889,31,Male,Mumbai,Standard,13,826.1,9805.36,28.3,1,15.8,1,1,7,It is a normal experience with occasional issues.,Neutral,0
890,41,Female,Ahmedabad,Premium,6,1336.73,6975.71,57.1,1,4.7,8,0,6,"Nothing special, but the service is usable.",Neutral,0
891,42,Female,Hyderabad,Standard,32,893.3,26520.49,37,4,20.5,10,1,5,Too many issues and the response from support is slow.,Negative,0
892,28,Other,Kochi,Standard,30,705.29,18851.97,44.8,0,24.3,3,1,6,"Nothing special, but the service is usable.",Neutral,0
893,18,Female,Delhi,Standard,20,908.02,18404.2,47.3,0,8,7,0,6,The service is fine and meets most of my needs.,Neutral,0
894,38,Female,Kolkata,Premium,36,1480.96,50650.39,53.4,0,13.8,0,0,7,The service is fine and meets most of my needs.,Neutral,0
895,31,Female,Delhi,Premium,13,1458.84,18734.84,62.4,3,15.7,4,1,9,Reliable service and simple to use. I would recommend it.,Positive,0
896,41,Female,Jaipur,Basic,28,539.68,13285.24,36.9,1,12.1,12,0,6,It is a normal experience with occasional issues.,Neutral,0
897,28,Male,Mumbai,Basic,13,403.39,5068.31,32.7,1,10.3,3,1,7,Average experience. Some things work well and some do not.,Neutral,0
898,22,Male,Chennai,Basic,11,424.94,4856.76,20.2,2,14.2,3,0,5,I am unhappy with the price and frequent service problems.,Negative,1
899,23,Female,Delhi,Standard,10,875.59,8018.39,23.5,0,3.5,3,1,7,Reliable service and simple to use. I would recommend it.,Positive,0
900,37,Female,Mumbai,Standard,21,897.54,17145.07,35.8,5,23.5,10,1,7,Very disappointed with the service and slow support.,Negative,0
901,31,Male,Bengaluru,Basic,25,576.03,12422.25,18.7,2,25.6,4,0,5,Poor experience. Support did not solve my issue.,Negative,1
902,47,Other,Kochi,Basic,19,467.03,8845.38,35.7,2,3.9,11,0,8,Very happy with the service and fast support.,Positive,0
903,34,Male,Pune,Premium,19,1542.97,30757.9,45.6,2,9.9,1,1,7,Very happy with the service and fast support.,Positive,0
904,26,Other,Pune,Premium,7,1586.76,10544.46,36.9,1,10.8,7,0,6,It is a normal experience with occasional issues.,Neutral,0
905,34,Other,Ahmedabad,Premium,17,1409.58,24058.87,33.7,0,2.9,3,0,6,Good value for money and quick customer support.,Positive,0
906,31,Female,Jaipur,Basic,22,483.33,9067.16,23.3,3,4.1,6,0,4,Too many issues and the response from support is slow.,Negative,0
907,32,Male,Delhi,Premium,12,1423.38,17135.51,39.9,0,13.6,0,0,9,Good value for money and quick customer support.,Positive,0
908,27,Female,Kolkata,Basic,23,516.4,11031.91,12.8,4,18.1,7,0,5,I am unhappy with the price and frequent service problems.,Negative,1
909,22,Other,Kochi,Standard,17,938.46,15003.37,31.8,1,4.7,7,0,5,The service is fine and meets most of my needs.,Neutral,1
910,34,Male,Chennai,Standard,42,894.24,34064.28,18.1,2,17,0,0,6,The service is unreliable and I keep facing problems.,Negative,0
911,24,Male,Ahmedabad,Standard,38,1038.05,37736.48,24.6,2,12.1,4,0,2,Bad experience with billing and customer support.,Negative,0
912,35,Other,Kolkata,Standard,18,848.71,15589.52,20.4,4,17.2,8,0,6,Bad experience with billing and customer support.,Negative,0
913,22,Male,Ahmedabad,Standard,8,903.87,6276.02,26.1,2,13.9,6,1,5,Not satisfied. The app is difficult to use and often fails.,Negative,0
914,45,Other,Jaipur,Basic,14,484.16,6707.53,23.5,4,20.1,9,0,6,Too many issues and the response from support is slow.,Negative,1
915,34,Female,Mumbai,Premium,37,1459.88,48902.16,44.9,2,17.9,0,0,6,Too many issues and the response from support is slow.,Negative,0
916,37,Other,Kochi,Standard,12,939.07,10778,19.8,1,14,7,0,8,Very happy with the service and fast support.,Positive,0
917,41,Other,Bengaluru,Standard,12,976.75,11597.9,43.6,1,14.1,0,0,7,Very happy with the service and fast support.,Positive,0
918,33,Female,Mumbai,Standard,9,946.92,7492.6,36.3,1,14.5,3,1,5,It is a normal experience with occasional issues.,Neutral,0
919,40,Female,Hyderabad,Basic,33,498.71,15322.28,12.6,0,12.4,4,1,6,"Service is acceptable for now, but support could be faster.",Neutral,1
920,43,Other,Kolkata,Standard,12,922.01,9830.99,27.3,4,12.9,10,1,8,"Nothing special, but the service is usable.",Neutral,0
921,30,Female,Mumbai,Standard,25,817.68,17604.71,32.2,3,14.6,0,1,6,Poor experience. Support did not solve my issue.,Negative,0
922,32,Female,Kochi,Standard,22,765.39,17396.04,26.6,1,6.6,0,1,6,"Service is acceptable for now, but support could be faster.",Neutral,0
923,44,Other,Delhi,Standard,24,834.79,19237.38,40,3,14.5,0,1,3,Poor experience. Support did not solve my issue.,Negative,0
924,28,Other,Hyderabad,Standard,2,1001.95,1710.29,56.3,1,13.8,7,1,7,I love the service. Everything has been reliable so far.,Positive,0
925,32,Male,Mumbai,Standard,23,896.8,21075.62,31.2,3,21.5,6,1,6,Very disappointed with the service and slow support.,Negative,0
926,42,Male,Kolkata,Premium,28,1558.24,38715.08,26.8,2,10.5,2,0,7,"Great experience, the app works smoothly and the team is helpful.",Positive,0
927,28,Male,Ahmedabad,Premium,4,1532.89,5759.64,47,1,3.6,0,1,10,"Great experience, the app works smoothly and the team is helpful.",Positive,1
928,36,Male,Pune,Basic,8,431.95,3422.11,18.2,4,12.5,6,0,7,Very disappointed with the service and slow support.,Negative,0
929,20,Other,Kolkata,Premium,13,1428.05,17262.87,35.5,3,12.7,6,1,6,Too many issues and the response from support is slow.,Negative,0
930,40,Other,Jaipur,Basic,17,401.27,6796.93,38,3,16.2,7,0,4,I may leave because the service quality has become poor.,Negative,1
931,31,Female,Bengaluru,Basic,16,428.77,5878.17,1,3,9.4,7,1,7,Average experience. Some things work well and some do not.,Neutral,0
932,38,Male,Jaipur,Standard,9,915.41,7267.34,37.3,1,12.3,0,0,5,Poor experience. Support did not solve my issue.,Negative,1
933,39,Other,Bengaluru,Standard,10,928.32,9014.03,1.7,0,9.5,1,0,9,I love the service. Everything has been reliable so far.,Positive,0
934,36,Male,Pune,Standard,14,905.65,11874.52,49.3,4,18.9,7,1,4,Bad experience with billing and customer support.,Negative,1
935,60,Female,Jaipur,Basic,20,539.53,10147.76,22.7,3,14.3,3,0,5,The service is unreliable and I keep facing problems.,Negative,1
936,23,Male,Kochi,Basic,21,564.77,11922.06,1,5,22.2,10,1,5,Not satisfied. The app is difficult to use and often fails.,Negative,1
937,25,Female,Mumbai,Standard,5,898.97,4445.69,32.3,1,12.4,1,0,4,I may leave because the service quality has become poor.,Negative,0
938,26,Female,Jaipur,Basic,38,454.06,16912.25,24.5,4,21.5,13,0,4,Bad experience with billing and customer support.,Negative,1
939,41,Other,Hyderabad,Standard,23,1010.48,20068.93,26.5,1,8.9,0,1,7,Really satisfied with the service and performance.,Positive,0
940,33,Male,Kochi,Premium,49,1506.32,75746.09,36.8,1,16.6,2,1,7,Reliable service and simple to use. I would recommend it.,Positive,0
941,22,Female,Jaipur,Standard,40,807.7,30916.55,44.3,1,14.2,2,0,8,Really satisfied with the service and performance.,Positive,0
942,41,Female,Ahmedabad,Premium,16,1419.97,22691.56,59,1,11.9,3,0,8,Reliable service and simple to use. I would recommend it.,Positive,0
943,26,Male,Pune,Basic,15,496.13,7732.44,16.1,0,8.5,0,0,7,Good value for money and quick customer support.,Positive,0
944,34,Female,Kolkata,Premium,12,1501.1,15672.01,46.2,2,10.4,3,0,5,Too many issues and the response from support is slow.,Negative,0
945,36,Male,Pune,Basic,8,451.79,3091.44,1,2,9.1,12,1,8,The service is okay but there is room for improvement.,Neutral,0
946,33,Other,Chennai,Standard,33,911.46,31000.6,30.7,1,8.4,6,1,8,Good value for money and quick customer support.,Positive,0
947,42,Other,Pune,Basic,20,456.18,9320.72,18.2,2,11.3,3,0,9,Reliable service and simple to use. I would recommend it.,Positive,0
948,26,Other,Mumbai,Basic,14,517.28,7387.97,8.6,7,19.4,13,0,3,Too many issues and the response from support is slow.,Negative,1
949,34,Male,Mumbai,Basic,6,542.04,3275.72,30.7,2,1.2,6,0,4,Not satisfied. The app is difficult to use and often fails.,Negative,0
950,43,Male,Hyderabad,Basic,9,583.03,4471.3,9.7,1,12.2,3,0,8,Reliable service and simple to use. I would recommend it.,Positive,0
951,50,Other,Bengaluru,Standard,21,797.5,17292.97,30.1,1,10.1,8,0,5,I may leave because the service quality has become poor.,Negative,0
952,21,Female,Jaipur,Basic,1,560.83,483.23,1,2,12.5,9,1,7,Reliable service and simple to use. I would recommend it.,Positive,0
953,49,Male,Kochi,Basic,16,474.53,6610.9,13.9,3,11.3,6,0,7,Poor experience. Support did not solve my issue.,Negative,0
954,27,Male,Kochi,Standard,15,896.08,12126.25,16.3,1,24.9,5,1,6,Very disappointed with the service and slow support.,Negative,1
955,41,Other,Delhi,Standard,6,904.53,5339.24,38.4,1,13.1,5,0,8,Reliable service and simple to use. I would recommend it.,Positive,0
956,44,Male,Kochi,Standard,6,965.45,5358.44,18.5,0,13,7,0,5,Very disappointed with the service and slow support.,Negative,0
957,30,Other,Mumbai,Standard,22,891.9,19391.81,48.8,5,8.3,11,0,6,Not satisfied. The app is difficult to use and often fails.,Negative,0
958,28,Female,Jaipur,Premium,25,1410.05,30499.93,47.9,0,11.4,8,0,5,The service is fine and meets most of my needs.,Neutral,0
959,35,Female,Mumbai,Basic,10,534.05,5165.47,21.5,0,8.3,5,1,6,"Service is acceptable for now, but support could be faster.",Neutral,0
960,41,Male,Ahmedabad,Standard,16,923.33,14623.1,21.6,2,16.3,5,1,8,Really satisfied with the service and performance.,Positive,0
961,34,Female,Kolkata,Basic,16,377.91,5617.25,10,1,19.8,6,0,7,The service is fine and meets most of my needs.,Neutral,0
962,37,Male,Jaipur,Standard,18,877.18,13576.37,30,3,19.6,9,0,5,Too many issues and the response from support is slow.,Negative,1
963,44,Male,Kochi,Standard,7,871.79,6066.33,30.6,0,20.1,5,1,8,Good value for money and quick customer support.,Positive,0
964,38,Male,Chennai,Standard,8,947.46,7668.46,41.5,0,9.6,0,0,8,I love the service. Everything has been reliable so far.,Positive,0
965,41,Female,Ahmedabad,Basic,20,597.4,10915.19,7.6,3,17.8,2,1,8,Reliable service and simple to use. I would recommend it.,Positive,0
966,26,Female,Pune,Standard,14,948.07,11855.05,25.7,2,16.3,9,0,4,Bad experience with billing and customer support.,Negative,1
967,35,Male,Chennai,Basic,12,510.93,5842.15,26,4,10.5,7,1,6,I may leave because the service quality has become poor.,Negative,0
968,54,Other,Hyderabad,Standard,4,875.91,3585.23,41.2,2,4.2,4,1,5,Too many issues and the response from support is slow.,Negative,0
969,35,Female,Delhi,Standard,6,835.44,4330.4,39.8,3,17.4,8,1,8,"Service is acceptable for now, but support could be faster.",Neutral,0
970,34,Male,Kolkata,Basic,26,503.34,12428.7,4.9,5,22.4,14,0,3,Poor experience. Support did not solve my issue.,Negative,1
971,21,Female,Delhi,Basic,36,468.67,16966.86,7.8,5,27.1,7,1,4,I may leave because the service quality has become poor.,Negative,1
972,38,Male,Kolkata,Standard,12,743.2,8521.4,42,1,10,6,1,8,I love the service. Everything has been reliable so far.,Positive,0
973,34,Male,Delhi,Standard,24,880.37,20679.28,36.7,2,24.5,8,1,8,The service is okay but there is room for improvement.,Neutral,0
974,46,Male,Chennai,Basic,34,460.39,14917.63,18.6,2,18.5,1,1,5,Not satisfied. The app is difficult to use and often fails.,Negative,0
975,29,Other,Pune,Standard,20,970.89,20164.56,27.3,2,11.8,7,1,8,"Service is acceptable for now, but support could be faster.",Neutral,0
976,29,Female,Delhi,Standard,15,856.12,12734.87,23,0,8.8,6,1,10,Support solved my issue quickly. Very good experience.,Positive,0
977,36,Male,Chennai,Premium,11,1544.08,16767.09,48.9,1,14.2,6,0,5,I am unhappy with the price and frequent service problems.,Negative,0
978,51,Other,Pune,Premium,10,1563.75,15811.07,44.1,3,19.8,11,0,5,I am unhappy with the price and frequent service problems.,Negative,1
979,49,Male,Kolkata,Basic,31,518.21,16335.93,16.3,4,13.3,4,0,5,I may leave because the service quality has become poor.,Negative,0
980,48,Other,Bengaluru,Basic,15,539.05,7261.09,13.2,1,14.5,6,1,6,The service is unreliable and I keep facing problems.,Negative,0
981,41,Male,Pune,Standard,6,834.64,4873.99,8.3,3,15,4,0,6,Bad experience with billing and customer support.,Negative,0
982,39,Female,Mumbai,Basic,28,380.92,11049.74,27.7,0,7.3,4,1,8,Reliable service and simple to use. I would recommend it.,Positive,0
983,30,Other,Chennai,Basic,25,432.3,10070.59,15.7,4,15.7,5,0,5,Very disappointed with the service and slow support.,Negative,1
984,19,Male,Delhi,Premium,36,1653.16,59192.69,41.1,1,18.5,3,1,6,I may leave because the service quality has become poor.,Negative,0
985,29,Female,Kochi,Premium,20,1333.89,27573.13,56.6,1,7.8,9,1,6,Average experience. Some things work well and some do not.,Neutral,0
986,52,Other,Kochi,Basic,13,511.11,5803.35,17.5,2,11.3,0,1,8,Support solved my issue quickly. Very good experience.,Positive,0
987,18,Other,Kochi,Basic,16,479.88,7904.91,27.4,1,22.7,2,1,7,It is a normal experience with occasional issues.,Neutral,1
988,40,Other,Mumbai,Premium,8,1557.05,12977.84,39.5,0,19.8,0,1,5,Too many issues and the response from support is slow.,Negative,0
989,46,Female,Kolkata,Basic,14,525.13,7085.26,26.7,1,10.5,0,1,7,The service is okay but there is room for improvement.,Neutral,0
990,19,Male,Kochi,Premium,21,1478.79,28711.97,43.8,0,8.6,8,0,8,Really satisfied with the service and performance.,Positive,0
991,42,Female,Ahmedabad,Standard,22,995.34,19922.6,22.6,1,6.7,4,1,6,It is a normal experience with occasional issues.,Neutral,0
992,32,Female,Bengaluru,Standard,30,909.23,27123.88,39,1,12.6,3,1,6,The service is fine and meets most of my needs.,Neutral,0
993,37,Male,Bengaluru,Standard,25,827.74,17939.45,30.1,2,15.4,4,0,5,Bad experience with billing and customer support.,Negative,1
994,36,Other,Kolkata,Standard,11,907.23,9399.37,19.1,0,4.2,3,0,10,Support solved my issue quickly. Very good experience.,Positive,0
995,34,Female,Mumbai,Basic,11,544.74,5797.92,19.7,1,1.1,8,1,7,"Nothing special, but the service is usable.",Neutral,0
996,20,Male,Kochi,Standard,16,862.96,14312.79,23.4,1,8.4,0,1,6,"Service is acceptable for now, but support could be faster.",Neutral,0
997,40,Other,Kochi,Premium,15,1580.11,24314.63,60.5,3,17.5,5,1,6,I am unhappy with the price and frequent service problems.,Negative,0
998,33,Male,Chennai,Basic,14,491.09,6443.6,13.8,1,11.6,5,0,6,"Nothing special, but the service is usable.",Neutral,0
999,19,Female,Jaipur,Standard,22,782.89,15160.74,31,2,24.1,0,1,5,I am unhappy with the price and frequent service problems.,Negative,0
1000,40,Female,Bengaluru,Basic,11,503.2,5126.87,21.5,2,20.9,1,0,10,I love the service. Everything has been reliable so far.,Positive,1
1001,37,Male,Pune,Basic,18,551.76,10214.5,16.9,2,19.8,8,1,7,"Nothing special, but the service is usable.",Neutral,0
1002,53,Male,Mumbai,Basic,21,615.82,12919.42,22.2,2,13.5,11,0,7,It is a normal experience with occasional issues.,Neutral,1
1003,20,Male,Delhi,Standard,2,929.03,1620.4,21.4,2,5.9,12,1,6,"Service is acceptable for now, but support could be faster.",Neutral,0
1004,31,Female,Bengaluru,Basic,33,558.81,17083.04,16.9,2,19.3,6,0,8,Very happy with the service and fast support.,Positive,0
1005,45,Female,Kolkata,Basic,38,403.37,14140.33,20.2,6,16.2,9,1,5,Poor experience. Support did not solve my issue.,Negative,0
1006,33,Male,Pune,Premium,25,1385.44,31126.94,42.5,0,6.2,0,0,7,"Great experience, the app works smoothly and the team is helpful.",Positive,0
1007,44,Other,Mumbai,Standard,24,909.93,22286.95,48.5,3,20.1,4,1,3,I am unhappy with the price and frequent service problems.,Negative,0
1008,35,Other,Bengaluru,Basic,15,357.02,5441.12,4.1,5,17.4,5,0,4,I am unhappy with the price and frequent service problems.,Negative,1
1009,40,Female,Kolkata,Standard,29,890.29,26823.77,40.7,3,15.4,0,1,9,Really satisfied with the service and performance.,Positive,0
1010,21,Male,Bengaluru,Standard,16,897.27,15004.82,37.4,0,13.4,5,0,8,"Excellent experience, no major issues and easy to use.",Positive,0
1011,18,Female,Pune,Basic,25,373.19,9065.77,12.5,0,6.2,0,0,10,Good value for money and quick customer support.,Positive,0
1012,44,Male,Mumbai,Standard,15,896.75,12646.07,34.6,1,16.7,5,1,8,The service is okay but there is room for improvement.,Neutral,0
1013,35,Male,Pune,Standard,16,777.15,12175,28,0,4.3,6,1,8,Good value for money and quick customer support.,Positive,0
1014,50,Male,Bengaluru,Standard,22,989.86,18952.39,38.5,2,19,0,1,7,"Nothing special, but the service is usable.",Neutral,0
1015,18,Other,Chennai,Standard,11,926.98,8745.07,25.2,4,14.9,8,0,5,I am unhappy with the price and frequent service problems.,Negative,0
1016,42,Male,Ahmedabad,Basic,9,616.79,5465.1,14.6,2,15,0,1,3,Very disappointed with the service and slow support.,Negative,0
1017,32,Male,Delhi,Standard,14,884.27,12459.56,28.8,0,7.6,8,0,5,Average experience. Some things work well and some do not.,Neutral,0
1018,49,Female,Mumbai,Basic,28,599.21,15239.89,10.8,3,16.8,0,1,7,I may leave because the service quality has become poor.,Negative,0
1019,32,Other,Mumbai,Basic,39,471.75,16590.09,19,0,4.9,0,1,8,Really satisfied with the service and performance.,Positive,0
1020,36,Other,Chennai,Basic,16,431.19,6372.69,35.9,2,19.9,12,0,5,I may leave because the service quality has become poor.,Negative,1
1021,40,Other,Ahmedabad,Standard,21,848.11,15842.64,25.9,2,16.7,0,1,6,Average experience. Some things work well and some do not.,Neutral,1
1022,36,Other,Chennai,Standard,20,991.63,18226.17,39.4,4,6.9,11,1,7,"Nothing special, but the service is usable.",Neutral,0
1023,24,Female,Pune,Premium,20,1500.36,27069.34,53.8,1,3,7,0,6,The service is okay but there is room for improvement.,Neutral,0
1024,33,Other,Chennai,Standard,18,811.59,12675.32,39.9,1,19.4,5,1,5,Not satisfied. The app is difficult to use and often fails.,Negative,1
1025,33,Female,Bengaluru,Standard,7,944.08,6432.59,56.3,2,14.5,3,1,5,Poor experience. Support did not solve my issue.,Negative,1
1026,29,Male,Jaipur,Premium,1,1506.38,1377.54,53.8,2,10.4,2,0,7,"Service is acceptable for now, but support could be faster.",Neutral,0
1027,42,Other,Hyderabad,Standard,28,928.68,24814.06,31.1,2,8.1,8,1,8,Average experience. Some things work well and some do not.,Neutral,0
1028,39,Other,Ahmedabad,Standard,6,787.23,4659.83,39.4,2,19.1,0,0,7,The service is fine and meets most of my needs.,Neutral,0
1029,20,Female,Delhi,Standard,12,857.97,8840.25,34.8,6,27.7,14,1,6,The service is unreliable and I keep facing problems.,Negative,0
1030,38,Male,Kochi,Standard,10,896.71,8133.06,24.4,0,5.5,5,0,8,I love the service. Everything has been reliable so far.,Positive,0
1031,29,Male,Bengaluru,Basic,24,443.11,10124.91,1,3,6.1,1,1,7,Average experience. Some things work well and some do not.,Neutral,0
1032,30,Male,Bengaluru,Standard,8,888.63,6912.88,23.1,1,15.2,2,1,9,Reliable service and simple to use. I would recommend it.,Positive,0
1033,28,Other,Jaipur,Standard,7,816.66,5856.78,25.8,0,9.2,6,1,7,Very happy with the service and fast support.,Positive,0
1034,41,Female,Mumbai,Standard,18,936.42,14869.75,36.6,3,12.5,7,0,3,Very disappointed with the service and slow support.,Negative,1
1035,44,Male,Ahmedabad,Premium,40,1582.77,60356.55,52.3,0,17.9,0,0,10,Reliable service and simple to use. I would recommend it.,Positive,0
1036,33,Other,Bengaluru,Standard,11,872.89,9366.4,21.1,0,16,0,1,9,Really satisfied with the service and performance.,Positive,1
1037,41,Other,Bengaluru,Premium,29,1666.89,42110.23,53.3,1,7,1,1,7,Very happy with the service and fast support.,Positive,0
1038,40,Other,Hyderabad,Premium,24,1633.46,33662.46,48.5,2,19.1,3,0,5,I am unhappy with the price and frequent service problems.,Negative,1
1039,44,Other,Hyderabad,Basic,13,635.2,7684.48,9.9,0,12.3,0,0,8,Support solved my issue quickly. Very good experience.,Positive,0
1040,34,Male,Mumbai,Standard,19,1050.72,17695.49,43,2,15.8,0,0,3,Poor experience. Support did not solve my issue.,Negative,1
1041,45,Other,Kochi,Standard,22,896.32,17139.76,41.2,3,12.5,4,0,5,"Nothing special, but the service is usable.",Neutral,0
1042,45,Other,Delhi,Standard,19,972.72,16913.18,27.1,2,9.1,0,1,5,The service is unreliable and I keep facing problems.,Negative,1
1043,33,Male,Chennai,Standard,15,901.35,12112.57,42.9,1,9,5,1,7,I love the service. Everything has been reliable so far.,Positive,0
1044,41,Other,Jaipur,Standard,21,970.72,18938.05,14.2,3,25.4,1,1,6,Not satisfied. The app is difficult to use and often fails.,Negative,0
1045,27,Other,Delhi,Premium,21,1435.69,27535.79,39.8,0,16.6,11,1,10,Support solved my issue quickly. Very good experience.,Positive,0
1046,38,Other,Delhi,Standard,12,884.98,10982.48,51.9,1,13.2,0,0,6,It is a normal experience with occasional issues.,Neutral,0
1047,30,Other,Pune,Standard,62,893.33,53953.21,11.3,4,15.4,0,1,4,I may leave because the service quality has become poor.,Negative,0
1048,41,Female,Bengaluru,Standard,26,1070.7,28300.6,42.4,0,13.7,0,1,10,Very happy with the service and fast support.,Positive,0
1049,42,Other,Chennai,Premium,19,1492.55,25200.69,49.3,2,11.2,7,1,7,Very happy with the service and fast support.,Positive,0
1050,43,Female,Mumbai,Basic,40,502.19,18041.39,27.4,1,19,4,1,7,The service is okay but there is room for improvement.,Neutral,0
1051,44,Other,Pune,Premium,21,1590.71,30989.38,56.6,1,15.5,4,0,4,The service is unreliable and I keep facing problems.,Negative,0
1052,33,Male,Ahmedabad,Standard,10,774.5,6653.86,43.5,4,13.5,6,0,5,Too many issues and the response from support is slow.,Negative,0
1053,50,Female,Jaipur,Basic,23,520.9,11585.22,20.4,4,23.8,12,1,6,Too many issues and the response from support is slow.,Negative,1
1054,29,Male,Jaipur,Standard,16,862.77,11820.14,37.6,1,12.2,0,0,6,"Nothing special, but the service is usable.",Neutral,0
1055,53,Male,Delhi,Standard,36,981.9,34524.34,34.6,1,20.5,7,0,7,It is a normal experience with occasional issues.,Neutral,0
1056,39,Other,Jaipur,Premium,33,1556.32,48236.44,45.4,0,10.8,2,0,6,The service is fine and meets most of my needs.,Neutral,0
1057,29,Other,Pune,Basic,5,578.88,2819.92,22.9,1,18.1,8,1,7,"Great experience, the app works smoothly and the team is helpful.",Positive,0
1058,20,Male,Delhi,Basic,14,594.98,8098.7,18.2,3,16.3,8,1,5,Bad experience with billing and customer support.,Negative,0
1059,43,Male,Mumbai,Standard,37,939.16,35774.86,30.2,2,3.7,2,0,5,Bad experience with billing and customer support.,Negative,1
1060,35,Male,Pune,Standard,23,693.05,16497.4,25,3,18.5,3,1,5,Poor experience. Support did not solve my issue.,Negative,1
1061,32,Female,Kochi,Standard,17,793.48,12855.46,41.9,0,2,0,0,7,Very happy with the service and fast support.,Positive,0
1062,33,Other,Kolkata,Premium,14,1485.76,21725.07,46.4,2,15.8,4,0,6,I am unhappy with the price and frequent service problems.,Negative,0
1063,22,Female,Pune,Standard,17,995.61,17101.19,37.6,4,21.9,4,0,2,Poor experience. Support did not solve my issue.,Negative,1
1064,22,Female,Hyderabad,Standard,28,918.77,22344.8,24.8,4,20.9,6,0,9,The service is fine and meets most of my needs.,Neutral,0
1065,37,Female,Pune,Basic,4,446.74,1803.75,22.2,6,25.2,10,1,6,Poor experience. Support did not solve my issue.,Negative,1
1066,30,Male,Ahmedabad,Standard,12,855.33,10372.01,29.2,2,12.6,0,1,8,Support solved my issue quickly. Very good experience.,Positive,0
1067,35,Other,Jaipur,Basic,3,564.4,1682.61,13.7,2,15.5,15,0,4,I am unhappy with the price and frequent service problems.,Negative,1
1068,49,Male,Pune,Standard,48,820.28,39135.49,32.8,1,7.7,3,1,8,"Great experience, the app works smoothly and the team is helpful.",Positive,0
1069,40,Male,Kolkata,Standard,8,1013.42,7123.75,53.9,4,10.2,12,1,4,I am unhappy with the price and frequent service problems.,Negative,1
1070,37,Female,Delhi,Standard,21,844.7,18491.78,34.8,4,20.8,8,0,5,Too many issues and the response from support is slow.,Negative,1
1071,26,Male,Delhi,Standard,28,925.78,26329.76,42.1,1,16.1,7,1,7,The service is fine and meets most of my needs.,Neutral,0
1072,24,Male,Ahmedabad,Basic,50,420.4,20084.02,34.7,0,11.9,0,0,5,I am unhappy with the price and frequent service problems.,Negative,0
1073,33,Other,Delhi,Basic,40,468.54,18934.23,9.3,3,9.1,9,0,8,"Great experience, the app works smoothly and the team is helpful.",Positive,0
1074,49,Other,Bengaluru,Basic,36,582.93,20402.95,26.7,1,12.1,0,0,6,"Service is acceptable for now, but support could be faster.",Neutral,0
1075,42,Male,Delhi,Standard,13,823.15,9605.99,42.4,4,18.1,8,0,4,Too many issues and the response from support is slow.,Negative,1
1076,28,Female,Ahmedabad,Basic,44,543.94,22030.71,23.1,3,12.6,3,0,6,I am unhappy with the price and frequent service problems.,Negative,0
1077,31,Male,Kochi,Standard,8,834.36,6298.53,32.8,3,12,5,1,9,Reliable service and simple to use. I would recommend it.,Positive,0
1078,38,Other,Chennai,Standard,27,849.69,21965.86,34,2,15.6,9,0,5,Bad experience with billing and customer support.,Negative,0
1079,37,Other,Kochi,Basic,19,594.67,11345.71,21.1,1,21.1,8,0,8,Very happy with the service and fast support.,Positive,0
1080,29,Female,Mumbai,Standard,7,764,4903.91,35.7,1,15,5,1,5,The service is okay but there is room for improvement.,Neutral,0
1081,41,Female,Bengaluru,Basic,29,454.7,13466.88,32.1,2,4.5,7,1,6,Not satisfied. The app is difficult to use and often fails.,Negative,0
1082,22,Male,Bengaluru,Basic,11,616.46,6203.5,19.1,1,4.4,0,1,9,Good value for money and quick customer support.,Positive,0
1083,22,Female,Kochi,Premium,26,1352.58,35642.53,66.5,1,12.8,7,0,8,Really satisfied with the service and performance.,Positive,0
1084,30,Female,Jaipur,Standard,42,931.29,37204.67,26.8,0,13.1,0,0,9,Good value for money and quick customer support.,Positive,0
1085,33,Other,Ahmedabad,Standard,47,883.98,39884.68,40.7,1,10.2,3,0,8,Very happy with the service and fast support.,Positive,0
1086,27,Male,Kochi,Basic,30,419.04,11331.01,21.8,3,11.9,3,1,8,Support solved my issue quickly. Very good experience.,Positive,0
1087,27,Other,Chennai,Basic,50,439.36,22211.32,21,3,12.6,0,1,5,Not satisfied. The app is difficult to use and often fails.,Negative,0
1088,20,Other,Pune,Basic,22,537.4,10898.72,12.3,4,14.9,3,1,7,Very disappointed with the service and slow support.,Negative,0
1089,42,Other,Pune,Premium,29,1345.3,40017.39,48.1,2,10.5,7,0,7,The service is fine and meets most of my needs.,Neutral,0
1090,36,Female,Mumbai,Basic,18,426.68,7280.4,22.2,3,19.8,9,1,4,Poor experience. Support did not solve my issue.,Negative,1
1091,19,Male,Kolkata,Standard,16,865.59,13512.26,26,0,10.3,5,0,8,It is a normal experience with occasional issues.,Neutral,0
1092,28,Male,Jaipur,Basic,10,484.8,4514.58,17.5,1,9.9,3,1,7,The service is fine and meets most of my needs.,Neutral,0
1093,40,Female,Ahmedabad,Standard,17,943.46,14663.25,35.1,0,8.2,1,0,7,"Nothing special, but the service is usable.",Neutral,0
1094,25,Male,Jaipur,Standard,19,945.55,15512.9,32.4,1,6.8,2,0,7,Average experience. Some things work well and some do not.,Neutral,0
1095,22,Female,Kochi,Premium,49,1450.89,68834.81,59,1,16.1,2,1,6,Average experience. Some things work well and some do not.,Neutral,0
1096,26,Other,Jaipur,Premium,24,1469.09,33350.34,29.5,4,18.6,1,1,10,"Great experience, the app works smoothly and the team is helpful.",Positive,0
1097,26,Other,Kochi,Premium,9,1511.85,11770.47,40.9,2,15.4,3,0,5,Poor experience. Support did not solve my issue.,Negative,0
1098,37,Female,Chennai,Standard,20,951.2,18918.3,32.7,2,19.8,3,1,7,Bad experience with billing and customer support.,Negative,0
1099,34,Female,Pune,Standard,33,849.43,29396.26,8.5,3,17.5,0,1,7,Average experience. Some things work well and some do not.,Neutral,0
1100,42,Male,Hyderabad,Basic,27,509.29,12665.18,29.4,1,19.4,0,0,6,The service is fine and meets most of my needs.,Neutral,0
1101,35,Other,Pune,Standard,19,966.77,18493.44,53.2,0,13.4,8,0,8,Good value for money and quick customer support.,Positive,0
1102,25,Male,Bengaluru,Standard,20,899.62,17305.15,49.6,1,7.5,8,1,8,Average experience. Some things work well and some do not.,Neutral,0
1103,21,Other,Jaipur,Standard,29,858.24,23679.63,27.4,2,10.5,9,1,5,Poor experience. Support did not solve my issue.,Negative,1
1104,27,Female,Ahmedabad,Standard,16,794.89,11750.32,11.1,0,16.5,0,0,9,Good value for money and quick customer support.,Positive,0
1105,39,Male,Bengaluru,Standard,19,905.47,16332.93,28,4,28.3,11,0,6,Too many issues and the response from support is slow.,Negative,1
1106,27,Female,Mumbai,Standard,54,991.53,49233.38,31.5,1,8.2,2,0,6,Average experience. Some things work well and some do not.,Neutral,0
1107,24,Male,Chennai,Premium,11,1469.87,16945.9,52.5,1,11.9,6,1,8,Reliable service and simple to use. I would recommend it.,Positive,0
1108,34,Other,Delhi,Premium,8,1690.52,13032.84,53.7,0,15.1,6,0,7,It is a normal experience with occasional issues.,Neutral,0
1109,35,Female,Bengaluru,Standard,11,1007.73,10979.88,32.4,1,14.1,3,1,7,"Nothing special, but the service is usable.",Neutral,0
1110,25,Female,Kolkata,Standard,9,859.96,6752.27,30.2,1,14.8,8,0,7,The service is fine and meets most of my needs.,Neutral,0
1111,30,Male,Ahmedabad,Standard,40,928.89,36106.78,25.5,2,7.4,0,0,4,I am unhappy with the price and frequent service problems.,Negative,0
1112,25,Other,Kochi,Standard,12,912.36,10617.66,33.1,0,10.7,0,0,6,Support solved my issue quickly. Very good experience.,Positive,0
1113,53,Other,Bengaluru,Basic,15,462.46,6388.33,37.2,1,10.3,3,1,8,Support solved my issue quickly. Very good experience.,Positive,0
1114,31,Female,Pune,Standard,10,942.32,8317.57,14.9,1,18,0,1,6,"Service is acceptable for now, but support could be faster.",Neutral,0
1115,29,Other,Bengaluru,Standard,34,862.47,29785.86,22.9,0,7.4,7,0,7,Reliable service and simple to use. I would recommend it.,Positive,0
1116,41,Other,Ahmedabad,Basic,25,589.57,14389.97,10.2,0,0.7,9,0,6,Average experience. Some things work well and some do not.,Neutral,0
1117,38,Other,Kochi,Basic,15,604.46,9468.48,10.7,1,22.8,0,1,9,Really satisfied with the service and performance.,Positive,0
1118,26,Female,Bengaluru,Basic,11,398.19,4136.22,16,2,13.4,4,0,4,I may leave because the service quality has become poor.,Negative,0
1119,30,Male,Pune,Basic,25,551.14,13511.92,6.8,1,7.3,6,0,5,The service is unreliable and I keep facing problems.,Negative,1
1120,18,Male,Hyderabad,Standard,9,892.03,7395.27,25.7,3,15.6,7,1,3,The service is unreliable and I keep facing problems.,Negative,0
1121,27,Other,Kolkata,Standard,58,899.57,49714.25,32.8,2,10.1,3,0,5,Bad experience with billing and customer support.,Negative,0
1122,38,Other,Kolkata,Basic,43,494.52,19426.86,1,2,24.7,3,0,6,Not satisfied. The app is difficult to use and often fails.,Negative,0
1123,40,Other,Chennai,Basic,28,523.42,13586.35,19.5,1,8.6,4,0,6,Average experience. Some things work well and some do not.,Neutral,1
1124,41,Other,Bengaluru,Standard,16,952.48,13277.87,31.6,1,6.4,13,1,8,Reliable service and simple to use. I would recommend it.,Positive,0
1125,44,Female,Chennai,Basic,13,505.51,6265.65,24.8,3,15.4,4,0,6,I am unhappy with the price and frequent service problems.,Negative,0
1126,39,Male,Jaipur,Standard,35,808.35,25539.99,46.6,2,10,0,0,3,I may leave because the service quality has become poor.,Negative,0
1127,27,Female,Ahmedabad,Standard,19,920.8,17658.81,36.7,2,13.9,4,0,7,I may leave because the service quality has become poor.,Negative,0
1128,21,Male,Mumbai,Standard,4,908.64,3222.41,27.6,0,11.4,8,1,8,Reliable service and simple to use. I would recommend it.,Positive,0
1129,32,Female,Ahmedabad,Basic,39,440.76,17106.15,23.9,4,26.6,9,0,7,I am unhappy with the price and frequent service problems.,Negative,0
1130,38,Other,Pune,Standard,33,1025.31,35464.44,29.7,2,14.7,7,0,7,The service is okay but there is room for improvement.,Neutral,0
1131,26,Male,Chennai,Basic,27,568.58,14439.85,18.7,1,3.3,2,1,8,Very happy with the service and fast support.,Positive,0
1132,38,Male,Bengaluru,Standard,29,1001.53,29809,41.2,3,21.3,10,1,7,"Service is acceptable for now, but support could be faster.",Neutral,0
1133,42,Male,Bengaluru,Basic,24,522.38,11766.9,14.2,2,17.7,6,0,3,Poor experience. Support did not solve my issue.,Negative,1
1134,27,Other,Pune,Standard,27,950.63,25295.65,34.8,4,19.7,12,0,4,I may leave because the service quality has become poor.,Negative,1
1135,51,Other,Jaipur,Standard,14,885.41,10853.28,44.8,1,7.7,2,0,6,The service is okay but there is room for improvement.,Neutral,0
1136,49,Female,Delhi,Standard,62,824.33,47712.2,34.4,0,17.4,0,1,7,The service is okay but there is room for improvement.,Neutral,0
1137,26,Female,Kochi,Basic,18,383.77,7076.22,19.3,0,14,1,1,9,I love the service. Everything has been reliable so far.,Positive,0
1138,39,Male,Pune,Basic,39,538.02,21504.41,8.5,4,18.7,0,1,8,The service is fine and meets most of my needs.,Neutral,0
1139,36,Male,Mumbai,Standard,16,976.51,15343.31,22.7,1,19.1,0,0,8,The service is fine and meets most of my needs.,Neutral,0
1140,32,Other,Kochi,Premium,31,1451.13,45541.14,29.7,1,17.3,0,1,9,"Excellent experience, no major issues and easy to use.",Positive,0
1141,28,Female,Jaipur,Premium,6,1521.27,8447.21,52.8,0,11.1,1,1,8,Really satisfied with the service and performance.,Positive,0
1142,44,Male,Jaipur,Standard,11,834.74,9216.53,46.5,1,6.4,9,1,10,Reliable service and simple to use. I would recommend it.,Positive,0
1143,44,Male,Jaipur,Basic,21,558.72,10738.46,25.3,3,6.9,13,1,7,Average experience. Some things work well and some do not.,Neutral,0
1144,35,Male,Hyderabad,Basic,9,599.08,5429.13,20.6,1,13.2,6,0,7,"Nothing special, but the service is usable.",Neutral,0
1145,28,Male,Jaipur,Premium,10,1578.68,15290.08,38.1,0,15.3,0,1,6,The service is okay but there is room for improvement.,Neutral,0
1146,33,Female,Delhi,Standard,32,809.87,24430.43,21.9,1,12.8,4,0,5,Very disappointed with the service and slow support.,Negative,0
1147,26,Other,Mumbai,Standard,11,782.59,8030.62,46.5,2,15.2,0,1,7,"Great experience, the app works smoothly and the team is helpful.",Positive,0
1148,39,Female,Pune,Standard,10,929.54,8758.25,31.5,2,9.6,0,1,5,Very disappointed with the service and slow support.,Negative,1
1149,42,Male,Delhi,Basic,28,592.01,15294.6,19.4,3,15.4,0,0,5,Poor experience. Support did not solve my issue.,Negative,1
1150,44,Male,Delhi,Premium,10,1533.43,14868.16,58.3,0,13.5,0,1,6,Reliable service and simple to use. I would recommend it.,Positive,0
1151,40,Male,Chennai,Standard,9,762.38,6525.41,27,2,7.7,7,1,8,Really satisfied with the service and performance.,Positive,0
1152,39,Female,Kolkata,Premium,25,1476.46,32151.29,38,1,13.8,0,0,8,"Excellent experience, no major issues and easy to use.",Positive,0
1153,29,Other,Delhi,Standard,8,812.06,6365.03,45.4,2,18.7,11,0,7,Average experience. Some things work well and some do not.,Neutral,0
1154,38,Other,Delhi,Standard,20,1010.67,19620.19,41,0,14.6,0,1,7,The service is okay but there is room for improvement.,Neutral,0
1155,22,Male,Pune,Premium,21,1501.69,32877.64,59.8,6,14.3,13,1,6,Bad experience with billing and customer support.,Negative,0
1156,35,Other,Kochi,Premium,9,1547.95,13103.3,31.2,1,18.6,8,1,5,Poor experience. Support did not solve my issue.,Negative,1
1157,46,Other,Hyderabad,Premium,11,1529.86,14514.3,34.6,1,10.7,11,1,8,Really satisfied with the service and performance.,Positive,0
1158,36,Other,Bengaluru,Basic,14,643.98,8688.18,20.5,1,10.5,8,0,5,I may leave because the service quality has become poor.,Negative,1
1159,26,Male,Delhi,Standard,36,903.35,30223.76,40.7,2,13.3,10,1,9,Good value for money and quick customer support.,Positive,0
1160,48,Other,Pune,Basic,12,433.66,5348.79,28.1,1,11.4,4,1,10,Very happy with the service and fast support.,Positive,0
1161,47,Male,Hyderabad,Standard,46,809.75,35102.97,50.3,0,21.2,6,0,3,I may leave because the service quality has become poor.,Negative,0
1162,44,Other,Chennai,Basic,6,460.99,2723.06,15.9,4,15.3,8,1,4,Too many issues and the response from support is slow.,Negative,0
1163,29,Female,Chennai,Standard,7,901.86,5918.63,42.3,4,13.4,6,0,8,Poor experience. Support did not solve my issue.,Negative,0
1164,53,Male,Bengaluru,Standard,45,958.14,44247.77,38.2,0,16,0,0,6,The service is okay but there is room for improvement.,Neutral,0
1165,41,Female,Bengaluru,Standard,8,900.68,6786.53,36.2,0,6.6,6,0,8,Really satisfied with the service and performance.,Positive,0
1166,26,Female,Bengaluru,Basic,12,523.03,5794.18,11.1,3,18.9,4,1,5,Very disappointed with the service and slow support.,Negative,0
1167,41,Other,Pune,Standard,8,966.63,8012.75,22.6,2,14.6,3,0,6,"Service is acceptable for now, but support could be faster.",Neutral,0
1168,34,Male,Mumbai,Basic,6,614.63,3458.49,16.7,2,26.4,11,1,9,Reliable service and simple to use. I would recommend it.,Positive,0
1169,33,Other,Hyderabad,Basic,16,478.86,7249.77,22.2,3,17.1,14,0,7,"Service is acceptable for now, but support could be faster.",Neutral,0
1170,37,Male,Bengaluru,Premium,18,1597.79,28424.48,47.6,0,16.4,0,0,7,Average experience. Some things work well and some do not.,Neutral,0
1171,26,Other,Delhi,Standard,27,945.21,24389.57,36.8,2,17.2,4,1,8,I love the service. Everything has been reliable so far.,Positive,0
1172,24,Other,Pune,Standard,17,917.52,13808.51,43.6,1,11.3,7,0,7,"Great experience, the app works smoothly and the team is helpful.",Positive,0
1173,47,Female,Jaipur,Premium,11,1529.44,17200.42,55.3,2,3.7,0,1,5,Very disappointed with the service and slow support.,Negative,0
1174,26,Male,Bengaluru,Standard,32,870.77,27584.23,30.8,1,12.3,8,0,6,The service is okay but there is room for improvement.,Neutral,0
1175,30,Female,Bengaluru,Basic,17,486.1,7856.19,24.7,3,16.9,5,1,7,Average experience. Some things work well and some do not.,Neutral,0
1176,22,Other,Jaipur,Premium,25,1452.7,32494.45,30.1,0,12.3,0,1,8,Really satisfied with the service and performance.,Positive,0
1177,19,Female,Delhi,Premium,4,1445.47,5821.72,53.5,1,18.2,4,0,8,Reliable service and simple to use. I would recommend it.,Positive,0
1178,48,Other,Chennai,Basic,10,545.53,5603.95,23,1,14.4,4,1,6,The service is unreliable and I keep facing problems.,Negative,0
1179,37,Female,Pune,Standard,18,914.72,16926.34,39.3,1,16.3,10,1,8,Reliable service and simple to use. I would recommend it.,Positive,0
1180,34,Male,Mumbai,Basic,5,464.85,2097.3,22.4,1,12.6,0,1,7,"Service is acceptable for now, but support could be faster.",Neutral,0
1181,30,Female,Chennai,Standard,31,889.91,28448.84,47,5,24.3,9,1,7,Not satisfied. The app is difficult to use and often fails.,Negative,0
1182,29,Female,Ahmedabad,Basic,51,558.39,26398.41,24,3,22.4,5,1,5,The service is unreliable and I keep facing problems.,Negative,0
1183,38,Female,Ahmedabad,Standard,11,773.27,7630.69,25.5,0,10.6,0,0,7,"Excellent experience, no major issues and easy to use.",Positive,0
1184,33,Female,Jaipur,Standard,13,917.64,10361.98,49.5,3,9.8,6,0,6,Bad experience with billing and customer support.,Negative,0
1185,18,Other,Hyderabad,Basic,4,526.46,2178.23,28,1,21.3,2,0,3,Too many issues and the response from support is slow.,Negative,1
1186,33,Other,Ahmedabad,Standard,25,941.28,22331.59,29.7,4,9.8,12,1,5,I am unhappy with the price and frequent service problems.,Negative,1
1187,35,Other,Mumbai,Standard,15,906.89,14070.89,45,1,8,0,1,10,Support solved my issue quickly. Very good experience.,Positive,0
1188,33,Male,Delhi,Basic,29,564.86,15352.03,17.4,1,9.5,6,1,7,Support solved my issue quickly. Very good experience.,Positive,0
1189,48,Other,Delhi,Standard,22,944.17,18450.91,30.4,3,20.4,8,0,4,Poor experience. Support did not solve my issue.,Negative,1
1190,31,Other,Hyderabad,Standard,20,796.62,15814.54,15.5,2,14,6,1,8,"Great experience, the app works smoothly and the team is helpful.",Positive,0
1191,36,Other,Jaipur,Standard,41,817.6,34190.59,23.2,1,11.2,3,0,8,Reliable service and simple to use. I would recommend it.,Positive,0
1192,21,Male,Pune,Premium,7,1465.04,9492.36,49.1,2,13.1,8,0,7,The service is fine and meets most of my needs.,Neutral,0
1193,20,Male,Jaipur,Standard,27,908.42,22485.86,21.5,1,15.1,6,1,7,"Service is acceptable for now, but support could be faster.",Neutral,0
1194,19,Female,Bengaluru,Basic,28,507.29,12646.96,8,1,18.1,0,0,6,Very disappointed with the service and slow support.,Negative,0
1195,19,Male,Chennai,Standard,20,898.55,15700.21,34.2,3,19.5,5,1,4,Bad experience with billing and customer support.,Negative,1
1196,22,Other,Jaipur,Standard,2,819.7,1428.2,47.9,1,12.2,4,0,7,"Nothing special, but the service is usable.",Neutral,0
1197,35,Female,Pune,Standard,14,865.37,10688.34,40.5,1,5.8,5,1,7,It is a normal experience with occasional issues.,Neutral,0
1198,43,Other,Delhi,Premium,10,1405.09,12954.64,48.4,1,12.7,0,0,7,The service is fine and meets most of my needs.,Neutral,0
1199,31,Other,Kolkata,Premium,35,1512.76,49009.15,55,2,14.8,7,1,5,Very disappointed with the service and slow support.,Negative,0
1200,42,Female,Kochi,Premium,26,1629.33,42070.97,42,1,7.6,3,0,7,"Nothing special, but the service is usable.",Neutral,0
1201,29,Other,Delhi,Basic,10,425.97,3639.16,14.5,3,13.6,8,1,7,Very disappointed with the service and slow support.,Negative,0
1202,32,Male,Kolkata,Standard,24,917.66,22371.55,18.7,2,13.1,6,1,9,Really satisfied with the service and performance.,Positive,0
1203,31,Other,Kolkata,Standard,22,989.72,20867.53,43.8,2,18.9,2,1,5,I am unhappy with the price and frequent service problems.,Negative,1
1204,30,Other,Chennai,Standard,41,870.39,32114.09,31.6,1,13.3,6,0,8,The service is fine and meets most of my needs.,Neutral,0
1205,34,Female,Delhi,Premium,37,1395.96,47640.19,39.6,1,9.4,5,0,5,Too many issues and the response from support is slow.,Negative,0
1206,24,Other,Chennai,Basic,17,622.94,11108.24,20.1,0,12.4,10,0,7,Very happy with the service and fast support.,Positive,0
1207,38,Male,Ahmedabad,Standard,14,761.86,11018.1,41.5,0,8.1,0,0,6,"Great experience, the app works smoothly and the team is helpful.",Positive,0
1208,45,Male,Kolkata,Premium,21,1498.79,29375.25,42.6,2,7,4,1,6,The service is fine and meets most of my needs.,Neutral,0
1209,37,Male,Ahmedabad,Standard,31,952.04,27029.89,36.9,6,20.3,21,1,5,Bad experience with billing and customer support.,Negative,1
1210,39,Female,Mumbai,Basic,23,615.85,12055.77,30,2,15.8,6,0,6,I may leave because the service quality has become poor.,Negative,0
1211,35,Other,Mumbai,Standard,15,893.75,13814.15,24.1,1,12.4,4,1,9,Support solved my issue quickly. Very good experience.,Positive,0
1212,35,Other,Jaipur,Standard,36,895.14,31757.5,37.9,1,15.1,4,0,4,I may leave because the service quality has become poor.,Negative,0
1213,30,Other,Delhi,Basic,24,519.11,10687.17,22.5,2,17.5,2,1,8,"Nothing special, but the service is usable.",Neutral,0
1214,44,Male,Chennai,Standard,22,1027.41,23139.29,15.4,2,17.1,5,1,8,Reliable service and simple to use. I would recommend it.,Positive,0
1215,43,Other,Hyderabad,Standard,7,745.88,4960.11,28.2,5,21.5,15,0,4,I am unhappy with the price and frequent service problems.,Negative,1
1216,39,Female,Hyderabad,Standard,11,867.39,9130.41,10.6,1,12.5,0,1,7,The service is fine and meets most of my needs.,Neutral,0
1217,28,Male,Delhi,Standard,25,830.53,17682.58,42.5,0,10.5,0,0,6,I may leave because the service quality has become poor.,Negative,0
1218,25,Female,Kochi,Premium,12,1364.89,15605.28,44.9,0,17.4,4,1,8,Support solved my issue quickly. Very good experience.,Positive,0
1219,36,Female,Pune,Basic,14,393.87,5119.87,4.1,1,12.5,0,0,9,"Excellent experience, no major issues and easy to use.",Positive,0
1220,37,Other,Jaipur,Basic,15,452.53,5902.9,25.8,3,23.6,0,1,4,Poor experience. Support did not solve my issue.,Negative,1
1221,23,Other,Bengaluru,Standard,28,870.46,25261.88,35.3,2,9.7,0,1,7,"Nothing special, but the service is usable.",Neutral,0
1222,19,Other,Bengaluru,Basic,48,433.23,21707.66,37.8,2,9.1,5,0,6,Average experience. Some things work well and some do not.,Neutral,0
1223,49,Other,Hyderabad,Premium,35,1579.46,55184.34,55.3,1,13.5,8,1,6,Too many issues and the response from support is slow.,Negative,0
1224,41,Male,Jaipur,Basic,40,516.87,20680.04,26.4,0,8.2,0,1,10,Very happy with the service and fast support.,Positive,0
1225,27,Other,Hyderabad,Standard,9,910.69,8493.83,18.6,3,25.2,5,0,7,"Nothing special, but the service is usable.",Neutral,1
1226,33,Female,Delhi,Premium,10,1584.16,14992.12,42.5,2,8.9,5,1,5,"Nothing special, but the service is usable.",Neutral,0
1227,31,Male,Ahmedabad,Basic,11,506.89,5746.98,25.4,3,11.3,9,0,6,"Service is acceptable for now, but support could be faster.",Neutral,0
1228,37,Male,Chennai,Standard,15,879.22,13057.17,29.1,4,8.1,8,0,4,I may leave because the service quality has become poor.,Negative,0
1229,41,Female,Kolkata,Basic,12,507.94,6154.23,17.6,2,13.2,8,1,6,"Nothing special, but the service is usable.",Neutral,0
1230,47,Other,Chennai,Basic,13,533.9,6464.48,23.5,3,11,6,1,8,The service is okay but there is room for improvement.,Neutral,0
1231,37,Other,Pune,Standard,6,865.04,4563.44,32.8,3,20.9,7,0,7,The service is okay but there is room for improvement.,Neutral,0
1232,18,Male,Ahmedabad,Standard,21,786.73,15617.42,43,3,15.2,13,1,8,It is a normal experience with occasional issues.,Neutral,0
1233,33,Other,Kochi,Basic,23,556.44,13241.56,5,3,18.1,9,1,4,I may leave because the service quality has become poor.,Negative,1
1234,25,Female,Chennai,Standard,35,877.16,27662.57,31,1,9.4,8,1,9,Very happy with the service and fast support.,Positive,0
1235,42,Female,Ahmedabad,Standard,34,791.37,23524.15,12.8,1,5.5,0,1,8,Very happy with the service and fast support.,Positive,0
1236,33,Male,Kochi,Standard,20,798.2,15062.93,3.4,2,12.6,4,1,10,"Excellent experience, no major issues and easy to use.",Positive,0
1237,32,Female,Pune,Basic,72,496.43,35359.47,9.5,2,21.3,8,0,6,Too many issues and the response from support is slow.,Negative,0
1238,39,Other,Jaipur,Standard,23,906.31,19032.43,33.1,2,11,13,0,6,I am unhappy with the price and frequent service problems.,Negative,1
1239,39,Other,Delhi,Standard,7,785.43,5243.49,25.3,2,20.5,0,0,6,"Service is acceptable for now, but support could be faster.",Neutral,1
1240,20,Other,Bengaluru,Standard,6,953.48,4995.16,53.4,1,19.2,4,0,7,The service is okay but there is room for improvement.,Neutral,1
1241,65,Female,Hyderabad,Standard,36,928.95,30082.22,35.9,2,12.4,15,1,6,"Service is acceptable for now, but support could be faster.",Neutral,1
1242,45,Male,Pune,Basic,16,671.41,9983.24,21.6,3,6.9,6,0,8,The service is okay but there is room for improvement.,Neutral,0
1243,40,Other,Hyderabad,Basic,8,558.63,4145.33,20,4,20.4,8,0,3,The service is unreliable and I keep facing problems.,Negative,1
1244,35,Other,Hyderabad,Basic,24,552.93,13392.5,4,0,7.1,0,0,7,Support solved my issue quickly. Very good experience.,Positive,0
1245,35,Other,Jaipur,Premium,10,1593.88,14378.85,59.9,1,19.6,0,0,3,The service is unreliable and I keep facing problems.,Negative,1
1246,32,Other,Chennai,Basic,11,498.23,5477.97,25.8,1,16.5,4,1,7,"Great experience, the app works smoothly and the team is helpful.",Positive,0
1247,36,Other,Ahmedabad,Premium,10,1563.52,15499.34,45.6,0,12.8,0,1,6,It is a normal experience with occasional issues.,Neutral,0
1248,37,Other,Delhi,Basic,22,458.6,8703.23,6.6,3,12.7,12,0,6,Too many issues and the response from support is slow.,Negative,1
1249,35,Male,Kolkata,Standard,31,841.3,23043.12,40.2,1,15.3,1,0,8,"Excellent experience, no major issues and easy to use.",Positive,0
1250,26,Female,Chennai,Standard,15,987.75,14388.91,24.2,2,11.5,5,1,7,Average experience. Some things work well and some do not.,Neutral,0
1251,36,Other,Kolkata,Basic,72,522.7,36685.09,24.2,1,13.4,0,1,8,"Great experience, the app works smoothly and the team is helpful.",Positive,0
1252,44,Male,Kochi,Standard,33,909.2,30877.18,28.9,3,15,1,0,4,The service is unreliable and I keep facing problems.,Negative,1
1253,30,Female,Pune,Basic,19,541.43,9098.6,17.8,2,9.6,2,0,3,The service is unreliable and I keep facing problems.,Negative,1
1254,39,Other,Pune,Standard,16,1045.83,15367.77,22.2,1,15.8,1,0,5,I may leave because the service quality has become poor.,Negative,0
1255,38,Male,Bengaluru,Premium,6,1537.57,9290.84,36.5,2,8,3,1,6,"Service is acceptable for now, but support could be faster.",Neutral,0
1256,28,Male,Delhi,Premium,6,1530.14,8751.3,56.3,0,15,0,0,6,The service is fine and meets most of my needs.,Neutral,0
1257,47,Other,Ahmedabad,Standard,13,870.81,10563.67,25,4,27.5,11,1,4,The service is unreliable and I keep facing problems.,Negative,1
1258,50,Other,Mumbai,Basic,50,477.42,24091.43,5.3,3,15.9,0,1,6,The service is unreliable and I keep facing problems.,Negative,0
1259,26,Other,Kochi,Premium,18,1445.88,24316.18,58.2,1,16.3,7,1,10,Really satisfied with the service and performance.,Positive,0
1260,35,Other,Pune,Standard,8,828.73,6414.99,36.8,3,21.2,8,0,8,"Service is acceptable for now, but support could be faster.",Neutral,1
1261,18,Other,Delhi,Basic,39,428.84,16451.51,18.6,2,16.6,4,1,6,Too many issues and the response from support is slow.,Negative,0
1262,32,Other,Mumbai,Basic,14,486.71,6680.4,10.8,3,13.2,14,0,5,Bad experience with billing and customer support.,Negative,1
1263,35,Other,Mumbai,Basic,33,497.82,14951.92,4.5,1,15.8,0,1,8,"Great experience, the app works smoothly and the team is helpful.",Positive,0
1264,35,Other,Delhi,Standard,12,985.78,12114.85,45.7,3,15,2,1,6,"Nothing special, but the service is usable.",Neutral,0
1265,36,Male,Chennai,Basic,5,497.78,2435.19,25.3,0,5.2,2,0,6,"Nothing special, but the service is usable.",Neutral,0
1266,47,Other,Mumbai,Standard,9,904.74,8196.43,29.2,0,0.5,0,0,8,"Excellent experience, no major issues and easy to use.",Positive,0
1267,49,Female,Kochi,Premium,11,1413.57,15758.56,61.2,3,12.5,7,1,8,The service is okay but there is room for improvement.,Neutral,0
1268,50,Male,Delhi,Basic,19,445.41,7676.15,9.4,3,21.9,4,0,7,It is a normal experience with occasional issues.,Neutral,0
1269,46,Male,Mumbai,Premium,5,1509.64,6522.08,59.2,2,12.1,13,1,5,Poor experience. Support did not solve my issue.,Negative,0
1270,39,Other,Jaipur,Basic,19,503.33,9263.81,20.3,2,9.4,9,0,5,Very disappointed with the service and slow support.,Negative,1
1271,25,Other,Chennai,Standard,21,886.2,18848,24.9,3,12.6,8,0,6,It is a normal experience with occasional issues.,Neutral,0
1272,34,Other,Bengaluru,Basic,24,443.06,9822.69,13.2,1,16,9,0,7,The service is okay but there is room for improvement.,Neutral,0
1273,20,Male,Bengaluru,Premium,8,1441.67,10099.94,46.5,0,12.3,4,0,8,Reliable service and simple to use. I would recommend it.,Positive,0
1274,35,Other,Chennai,Premium,29,1481.96,43109.6,41.5,2,12.1,7,0,4,The service is unreliable and I keep facing problems.,Negative,1
1275,29,Male,Ahmedabad,Standard,24,902.62,20081.93,27.4,0,1.4,2,0,8,"Great experience, the app works smoothly and the team is helpful.",Positive,0
1276,36,Male,Kolkata,Basic,27,392.74,10998.15,16.7,2,19.7,6,1,6,Not satisfied. The app is difficult to use and often fails.,Negative,0
1277,34,Male,Jaipur,Standard,16,833.41,12135.8,12.6,3,7.3,7,1,8,Average experience. Some things work well and some do not.,Neutral,0
1278,21,Male,Jaipur,Basic,19,495.87,8793.77,24.7,0,7.9,0,0,6,The service is okay but there is room for improvement.,Neutral,0
1279,43,Female,Chennai,Standard,24,887.67,20698.35,15,3,7,9,0,4,Not satisfied. The app is difficult to use and often fails.,Negative,1
1280,34,Other,Chennai,Standard,15,948.48,14498.66,35.9,3,22.3,3,0,2,Poor experience. Support did not solve my issue.,Negative,1
1281,47,Male,Jaipur,Standard,15,922.58,12170.3,25.9,2,9.9,2,0,6,The service is okay but there is room for improvement.,Neutral,0
1282,34,Female,Hyderabad,Basic,19,515.59,9352.65,32.4,1,19.3,0,0,3,The service is unreliable and I keep facing problems.,Negative,1
1283,25,Other,Jaipur,Premium,24,1477.72,34301.69,44.9,0,5.1,7,1,7,"Nothing special, but the service is usable.",Neutral,0
1284,38,Female,Chennai,Basic,18,579.73,10378.3,6.7,4,11.6,8,1,5,I may leave because the service quality has become poor.,Negative,1
1285,38,Female,Mumbai,Premium,5,1552.6,6886.09,40.6,1,11.9,7,0,8,I love the service. Everything has been reliable so far.,Positive,0
1286,26,Other,Ahmedabad,Standard,35,1013.04,35567.1,37.8,2,12.7,3,0,6,Too many issues and the response from support is slow.,Negative,0
1287,35,Female,Kolkata,Basic,5,497.2,2144.26,4.4,2,12.2,7,0,8,Good value for money and quick customer support.,Positive,0
1288,38,Male,Kochi,Premium,20,1555.67,27273.77,48.8,2,11.1,2,1,7,Good value for money and quick customer support.,Positive,0
1289,35,Female,Mumbai,Basic,47,550.99,25168.39,3.9,2,8.8,7,0,6,The service is okay but there is room for improvement.,Neutral,0
1290,43,Male,Ahmedabad,Standard,29,937.83,25920.88,20.6,2,10.6,8,0,5,Very disappointed with the service and slow support.,Negative,0
1291,34,Male,Delhi,Basic,12,516.77,6071.77,16.6,6,9.2,11,1,5,Too many issues and the response from support is slow.,Negative,0
1292,18,Female,Jaipur,Premium,7,1615.13,9675.77,36.4,2,1.1,1,1,9,Very happy with the service and fast support.,Positive,0
1293,42,Male,Bengaluru,Premium,9,1518.52,11757.73,47.4,1,13,0,0,4,Poor experience. Support did not solve my issue.,Negative,0
1294,31,Male,Ahmedabad,Standard,16,873.82,12271.53,41.2,2,21.5,8,0,7,I am unhappy with the price and frequent service problems.,Negative,1
1295,33,Other,Ahmedabad,Standard,22,1018.26,20327.99,54.1,1,8.4,9,1,4,Bad experience with billing and customer support.,Negative,0
1296,35,Male,Delhi,Basic,15,430.31,5894.6,11.3,2,6.3,10,0,10,Really satisfied with the service and performance.,Positive,0
1297,45,Male,Hyderabad,Basic,6,442.5,2538.73,18.4,3,16.7,5,1,8,Average experience. Some things work well and some do not.,Neutral,0
1298,42,Female,Mumbai,Basic,27,306.18,8655.07,13.1,4,19.5,4,1,7,The service is okay but there is room for improvement.,Neutral,0
1299,34,Female,Chennai,Basic,2,399.61,818,1,0,18.5,0,1,6,I love the service. Everything has been reliable so far.,Positive,0
1300,38,Female,Delhi,Basic,9,458.75,4261.98,27.6,3,15.6,7,0,4,Not satisfied. The app is difficult to use and often fails.,Negative,1
1301,44,Female,Mumbai,Basic,17,438.39,7590.76,5.3,3,12.7,2,0,6,"Nothing special, but the service is usable.",Neutral,0
1302,30,Other,Bengaluru,Basic,25,451.89,10314.86,18.1,3,10.4,8,0,7,It is a normal experience with occasional issues.,Neutral,0
1303,40,Female,Kolkata,Basic,40,427.17,15132.99,27.9,0,10.3,3,1,5,Average experience. Some things work well and some do not.,Neutral,0
1304,40,Female,Jaipur,Basic,16,591.89,8622.85,22.2,2,10,14,0,6,I am unhappy with the price and frequent service problems.,Negative,0
1305,43,Male,Kolkata,Premium,9,1545.76,14599.26,35.8,2,7.5,3,1,8,Good value for money and quick customer support.,Positive,0
1306,39,Other,Ahmedabad,Premium,11,1439.99,14344.93,46,1,15.6,4,1,8,The service is okay but there is room for improvement.,Neutral,0
1307,19,Other,Kolkata,Standard,19,975.13,16875.03,24.6,1,12.5,5,0,6,Average experience. Some things work well and some do not.,Neutral,0
1308,20,Female,Kolkata,Standard,33,899.26,26673.35,29.6,2,18.7,4,0,6,Very disappointed with the service and slow support.,Negative,0
1309,20,Female,Bengaluru,Basic,20,418.05,8260.11,24.3,1,17.8,13,1,7,"Nothing special, but the service is usable.",Neutral,0
1310,49,Other,Bengaluru,Standard,20,922.1,18013.45,37.5,2,12.8,9,1,9,Reliable service and simple to use. I would recommend it.,Positive,0
1311,26,Other,Hyderabad,Standard,21,854.73,18758.23,39.2,2,16.9,2,0,4,The service is unreliable and I keep facing problems.,Negative,0
1312,54,Other,Bengaluru,Standard,22,908.55,20693.33,40.9,0,7.9,2,1,8,Good value for money and quick customer support.,Positive,0
1313,25,Male,Delhi,Basic,19,662.85,13023.02,7.2,2,18.2,1,0,4,Very disappointed with the service and slow support.,Negative,0
1314,36,Female,Pune,Basic,20,588.74,11948.03,37.2,0,9.7,0,1,7,Very happy with the service and fast support.,Positive,0
1315,18,Female,Ahmedabad,Standard,17,1007.6,17387.97,38.4,0,10.4,0,1,10,I love the service. Everything has been reliable so far.,Positive,0
1316,20,Female,Ahmedabad,Standard,37,832.5,31381.96,37.4,3,13.8,2,0,7,"Nothing special, but the service is usable.",Neutral,0
1317,28,Male,Kolkata,Premium,26,1448.54,33654.77,54.4,4,26.4,8,1,5,Very disappointed with the service and slow support.,Negative,0
1318,56,Female,Kolkata,Standard,25,903.28,21815.02,27.4,2,18.4,10,0,3,The service is unreliable and I keep facing problems.,Negative,1
1319,45,Other,Delhi,Standard,9,919.95,8347.91,39.5,0,3.9,5,0,6,The service is fine and meets most of my needs.,Neutral,0
1320,32,Other,Delhi,Premium,17,1574.95,22811.58,37.6,0,12.9,5,0,6,Support solved my issue quickly. Very good experience.,Positive,0
1321,30,Female,Ahmedabad,Standard,17,853.82,12382.99,34.8,0,20.4,5,1,7,"Service is acceptable for now, but support could be faster.",Neutral,1
1322,35,Male,Kochi,Standard,15,819.9,12501.41,40.3,1,4.8,9,0,6,Average experience. Some things work well and some do not.,Neutral,0
1323,42,Female,Mumbai,Standard,27,840.84,20043.43,31.7,2,12.6,5,1,7,Good value for money and quick customer support.,Positive,0
1324,46,Other,Mumbai,Basic,38,462.02,17381.53,27.3,3,10.8,16,1,8,The service is fine and meets most of my needs.,Neutral,0
1325,37,Other,Kolkata,Basic,13,361.68,4285.41,20.4,2,19.2,2,0,8,Really satisfied with the service and performance.,Positive,0
1326,31,Female,Ahmedabad,Standard,9,821.98,7119.25,28.9,2,14,3,0,2,I may leave because the service quality has become poor.,Negative,0
1327,38,Other,Kochi,Standard,29,964.66,27817.18,32.6,2,12.4,6,1,6,It is a normal experience with occasional issues.,Neutral,0
1328,18,Other,Delhi,Standard,24,984.29,20692.8,42.5,2,9.9,4,0,7,Average experience. Some things work well and some do not.,Neutral,0
1329,26,Female,Hyderabad,Basic,21,469.77,10033.4,9.4,1,15.3,0,0,4,Too many issues and the response from support is slow.,Negative,0
1330,18,Male,Hyderabad,Basic,14,471.72,6288.5,1.8,0,11.2,0,0,5,"Nothing special, but the service is usable.",Neutral,0
1331,32,Male,Ahmedabad,Basic,43,440.34,18172.46,16.7,2,30.1,4,0,6,Very disappointed with the service and slow support.,Negative,1
1332,37,Female,Kolkata,Premium,31,1428.23,46105.98,43.2,2,18,4,0,5,I may leave because the service quality has become poor.,Negative,1
1333,22,Female,Kolkata,Standard,12,958.17,10005.88,16.9,2,4.2,7,0,7,"Service is acceptable for now, but support could be faster.",Neutral,0
1334,36,Male,Hyderabad,Basic,33,509.22,14737.56,33.3,2,21.5,2,0,8,The service is fine and meets most of my needs.,Neutral,0
1335,21,Other,Delhi,Standard,22,1031.29,21558.75,32.3,2,18.6,7,1,5,Not satisfied. The app is difficult to use and often fails.,Negative,1
1336,43,Female,Jaipur,Standard,19,852.33,16997.83,40.2,1,22.4,7,1,8,Reliable service and simple to use. I would recommend it.,Positive,0
1337,44,Female,Jaipur,Basic,24,511.44,11246.29,11.5,2,11.7,5,1,8,Average experience. Some things work well and some do not.,Neutral,0
1338,25,Female,Mumbai,Standard,26,759.45,19307.79,20,2,19.1,5,1,5,Very disappointed with the service and slow support.,Negative,0
1339,26,Male,Delhi,Basic,15,511.04,7655.57,1,1,17,0,0,6,The service is fine and meets most of my needs.,Neutral,0
1340,36,Male,Kochi,Basic,24,550.45,13609.39,13.4,4,19.3,7,0,6,Poor experience. Support did not solve my issue.,Negative,0
1341,26,Male,Mumbai,Basic,20,426.2,7605.19,17.3,1,4.8,0,1,8,The service is fine and meets most of my needs.,Neutral,0
1342,46,Male,Ahmedabad,Basic,18,572.12,10197.83,6.2,3,11.6,3,0,5,I am unhappy with the price and frequent service problems.,Negative,1
1343,65,Other,Bengaluru,Standard,15,965.26,14225.79,26.8,2,15.5,6,1,5,Poor experience. Support did not solve my issue.,Negative,0
1344,42,Female,Ahmedabad,Standard,23,1002.67,24052.41,45.8,1,8,4,0,5,The service is fine and meets most of my needs.,Neutral,0
1345,60,Female,Hyderabad,Premium,14,1379.52,19003.27,50.5,3,13.7,4,1,7,It is a normal experience with occasional issues.,Neutral,0
1346,42,Male,Ahmedabad,Premium,30,1575.01,48523.56,45.2,0,13.1,0,0,8,Very happy with the service and fast support.,Positive,0
1347,45,Other,Kochi,Premium,14,1422,19219.05,33.8,0,9.6,1,1,7,"Excellent experience, no major issues and easy to use.",Positive,0
1348,27,Female,Pune,Premium,8,1474.9,11743.01,49.3,0,15.5,7,0,6,The service is fine and meets most of my needs.,Neutral,0
1349,33,Other,Ahmedabad,Basic,30,539.19,14146.79,24.5,2,23.4,0,0,5,I may leave because the service quality has become poor.,Negative,0
1350,30,Male,Chennai,Standard,11,937.16,8802.05,46.4,1,19.9,2,0,6,"Service is acceptable for now, but support could be faster.",Neutral,0
1351,35,Male,Kolkata,Standard,12,1063.56,10893.11,23.5,2,14.8,0,0,6,It is a normal experience with occasional issues.,Neutral,0
1352,45,Female,Hyderabad,Basic,23,414.15,8692.86,28.5,9,38.7,20,0,3,I am unhappy with the price and frequent service problems.,Negative,1
1353,26,Female,Mumbai,Basic,12,570.82,6957.62,8.8,2,13.7,0,1,7,"Nothing special, but the service is usable.",Neutral,0
1354,43,Other,Hyderabad,Premium,24,1549.11,38815.66,45,0,7.4,0,1,8,Good value for money and quick customer support.,Positive,0
1355,38,Female,Delhi,Standard,19,903.45,14624.75,43.7,1,18.8,3,0,5,Not satisfied. The app is difficult to use and often fails.,Negative,1
1356,25,Female,Chennai,Standard,8,945.08,6518.6,56.3,2,11.4,11,1,6,"Service is acceptable for now, but support could be faster.",Neutral,0
1357,39,Female,Delhi,Basic,8,449.57,3306.31,4.8,3,20.9,10,1,6,"Service is acceptable for now, but support could be faster.",Neutral,0
1358,28,Female,Ahmedabad,Premium,15,1542.02,20984.34,51.5,2,16.3,2,0,7,I am unhappy with the price and frequent service problems.,Negative,0
1359,30,Other,Ahmedabad,Standard,3,935.91,2693.93,26.8,4,25,9,1,6,I may leave because the service quality has become poor.,Negative,0
1360,29,Female,Chennai,Premium,14,1482.48,18723.33,40.1,1,4.2,0,1,7,Support solved my issue quickly. Very good experience.,Positive,0
1361,28,Male,Jaipur,Standard,13,816.74,9857.44,36.5,0,12.8,3,0,6,I am unhappy with the price and frequent service problems.,Negative,0
1362,37,Female,Ahmedabad,Premium,13,1596.3,19810,43.6,0,18.9,3,1,7,"Great experience, the app works smoothly and the team is helpful.",Positive,0
1363,31,Other,Kolkata,Basic,54,592.62,32985.51,11.4,1,20.4,6,1,6,Too many issues and the response from support is slow.,Negative,0
1364,34,Female,Chennai,Standard,11,1015.86,9989.9,19.9,1,0.5,0,0,5,I am unhappy with the price and frequent service problems.,Negative,0
1365,33,Male,Kolkata,Basic,10,509.57,5094.78,12.5,1,11.1,11,1,7,The service is okay but there is room for improvement.,Neutral,0
1366,23,Female,Jaipur,Basic,10,614.82,6047.09,1,3,14.2,5,1,8,Average experience. Some things work well and some do not.,Neutral,1
1367,27,Male,Bengaluru,Basic,19,474.58,8839.47,22.6,1,13.4,0,1,7,Reliable service and simple to use. I would recommend it.,Positive,0
1368,55,Male,Pune,Standard,21,899.81,17831.95,31.2,0,4.9,8,1,9,Good value for money and quick customer support.,Positive,0
1369,25,Male,Hyderabad,Standard,33,944.71,30865.47,33.1,3,10.1,14,1,5,The service is unreliable and I keep facing problems.,Negative,0
1370,36,Other,Delhi,Standard,23,962.02,20322.92,17.4,3,17.2,2,1,5,Too many issues and the response from support is slow.,Negative,1
1371,45,Other,Ahmedabad,Premium,13,1624.29,18266.41,49,1,12.8,2,0,8,Really satisfied with the service and performance.,Positive,0
1372,43,Other,Jaipur,Basic,18,563.92,9054.15,24.1,0,11.7,6,1,8,I love the service. Everything has been reliable so far.,Positive,0
1373,33,Other,Bengaluru,Basic,25,544.26,14051.66,18.9,5,23.7,4,1,6,Poor experience. Support did not solve my issue.,Negative,0
1374,43,Female,Chennai,Basic,17,445.7,7936.85,29.7,5,22.5,10,1,6,Bad experience with billing and customer support.,Negative,1
1375,36,Other,Delhi,Basic,15,476.33,7020.6,35.2,3,23.4,13,1,5,The service is unreliable and I keep facing problems.,Negative,1
1376,18,Other,Mumbai,Standard,15,789.77,11562.33,40.3,2,17.6,10,0,6,The service is okay but there is room for improvement.,Neutral,0
1377,30,Other,Chennai,Standard,38,920.14,35295.25,38.1,0,18.6,6,1,4,Too many issues and the response from support is slow.,Negative,0
1378,33,Female,Delhi,Basic,13,607.23,7968.43,11.7,0,14.7,12,1,10,I love the service. Everything has been reliable so far.,Positive,0
1379,41,Male,Chennai,Standard,20,916.07,16168.91,28.3,4,12.5,5,1,7,I may leave because the service quality has become poor.,Negative,0
1380,19,Female,Delhi,Premium,7,1527.22,10554.12,46.6,1,15.9,0,0,5,The service is unreliable and I keep facing problems.,Negative,0
1381,42,Male,Chennai,Standard,13,839.05,10617.38,28.2,2,18,7,0,5,The service is unreliable and I keep facing problems.,Negative,1
1382,36,Female,Ahmedabad,Premium,10,1646.29,15958.59,78.7,2,3.1,7,0,5,Average experience. Some things work well and some do not.,Neutral,0
1383,46,Male,Ahmedabad,Basic,15,515.25,6834.37,15.9,0,6.5,10,1,8,I love the service. Everything has been reliable so far.,Positive,0
1384,32,Female,Jaipur,Standard,20,895.22,15531.54,30.7,2,14.4,9,1,6,Poor experience. Support did not solve my issue.,Negative,0
1385,23,Other,Pune,Basic,9,452.4,3950.63,24.6,2,15.1,0,0,4,I am unhappy with the price and frequent service problems.,Negative,0
1386,47,Male,Chennai,Standard,41,847.98,30956.1,51.2,1,11.4,15,1,5,Poor experience. Support did not solve my issue.,Negative,0
1387,31,Male,Chennai,Premium,17,1362.49,23999.67,34.2,0,16.1,1,1,8,"Nothing special, but the service is usable.",Neutral,0
1388,31,Male,Hyderabad,Basic,15,562.11,7555.11,25.8,2,13.4,1,1,5,Bad experience with billing and customer support.,Negative,0
1389,36,Male,Mumbai,Basic,6,559.91,3243.94,22.6,0,14.9,0,0,5,I may leave because the service quality has become poor.,Negative,0
1390,57,Male,Pune,Basic,23,455.87,10524.73,26.9,3,20.7,0,1,8,"Nothing special, but the service is usable.",Neutral,0
1391,42,Male,Hyderabad,Standard,16,831.34,13760.06,35.8,3,11,4,0,7,The service is fine and meets most of my needs.,Neutral,0
1392,40,Male,Chennai,Standard,36,921.39,33253.99,33.2,1,9.6,0,0,6,The service is okay but there is room for improvement.,Neutral,0
1393,44,Male,Pune,Premium,52,1546.29,73132.11,37.7,3,15.1,6,1,7,"Service is acceptable for now, but support could be faster.",Neutral,0
1394,18,Male,Kochi,Standard,18,969.18,15272.88,35.4,3,17.8,6,0,7,The service is fine and meets most of my needs.,Neutral,0
1395,42,Other,Hyderabad,Basic,13,551.72,6716.94,35.5,3,15.6,6,0,6,I am unhappy with the price and frequent service problems.,Negative,0
1396,36,Other,Mumbai,Premium,13,1616.88,20241.91,46.6,1,4.8,7,0,9,Very happy with the service and fast support.,Positive,0
1397,55,Other,Hyderabad,Premium,15,1414.08,21272.77,34.2,2,5.9,0,1,6,"Service is acceptable for now, but support could be faster.",Neutral,0
1398,36,Other,Jaipur,Basic,30,375.54,9666.69,19.3,3,17.1,6,0,7,Average experience. Some things work well and some do not.,Neutral,0
1399,41,Female,Kolkata,Standard,22,922,19921.79,37.2,2,12.2,2,0,5,Bad experience with billing and customer support.,Negative,1
1400,47,Male,Delhi,Basic,16,503.42,7893.95,20.4,1,4.2,4,0,5,Poor experience. Support did not solve my issue.,Negative,0
1401,34,Female,Delhi,Standard,10,940.17,8030.86,33,0,13.1,12,0,5,The service is okay but there is room for improvement.,Neutral,1
1402,47,Female,Ahmedabad,Basic,41,520.97,22411.24,1,1,11.3,3,1,7,Reliable service and simple to use. I would recommend it.,Positive,0
1403,36,Other,Pune,Standard,31,950.01,30051.72,23.5,2,9.8,8,1,4,I am unhappy with the price and frequent service problems.,Negative,0
1404,19,Other,Kolkata,Basic,26,512.57,13636.6,18.6,5,26.2,4,1,8,Average experience. Some things work well and some do not.,Neutral,0
1405,28,Male,Ahmedabad,Premium,31,1627.02,52363.83,40.9,0,5.3,8,1,9,I love the service. Everything has been reliable so far.,Positive,0
1406,23,Male,Ahmedabad,Standard,32,865.84,26989.57,47.5,5,18.5,7,1,5,I may leave because the service quality has become poor.,Negative,0
1407,28,Other,Hyderabad,Basic,25,353.38,7992.16,10,5,23.5,6,1,4,Bad experience with billing and customer support.,Negative,1
1408,32,Other,Jaipur,Premium,19,1563.69,29629.47,61,1,15.2,4,0,8,"Great experience, the app works smoothly and the team is helpful.",Positive,0
1409,38,Female,Mumbai,Basic,21,476.15,9502.09,22.3,6,14,6,1,8,The service is unreliable and I keep facing problems.,Negative,0
1410,25,Male,Kolkata,Standard,52,912.74,46631.04,45.1,4,10.4,6,1,6,Too many issues and the response from support is slow.,Negative,0
1411,23,Other,Kolkata,Standard,7,1028.77,6710.8,4.4,2,15.7,10,1,5,I may leave because the service quality has become poor.,Negative,1
1412,33,Other,Pune,Basic,23,392.61,8725.53,17.4,1,15.6,9,1,8,"Great experience, the app works smoothly and the team is helpful.",Positive,0
1413,22,Male,Pune,Standard,23,966.28,20475.48,39.4,0,2,2,0,5,"Nothing special, but the service is usable.",Neutral,0
1414,31,Male,Bengaluru,Basic,16,656.08,10488.87,18.7,2,15.4,6,0,4,The service is unreliable and I keep facing problems.,Negative,1
1415,27,Female,Bengaluru,Premium,14,1398.43,18664.72,50.6,0,6.2,9,1,7,The service is fine and meets most of my needs.,Neutral,0
1416,30,Other,Delhi,Basic,20,449.15,9038.32,14.5,5,23.5,6,0,5,The service is unreliable and I keep facing problems.,Negative,1
1417,18,Other,Kochi,Standard,38,805.45,28798.31,23.2,3,13.2,9,1,8,Average experience. Some things work well and some do not.,Neutral,0
1418,33,Female,Ahmedabad,Standard,7,923.65,6784.84,37.4,1,11.2,6,1,8,Really satisfied with the service and performance.,Positive,0
1419,43,Other,Kochi,Basic,3,455.56,1267.86,10.5,2,13.3,4,0,5,Bad experience with billing and customer support.,Negative,0
1420,45,Male,Kolkata,Standard,59,959.11,53337.41,37.4,1,8.3,1,1,5,I may leave because the service quality has become poor.,Negative,0
1421,22,Female,Bengaluru,Basic,21,525.74,11343.28,26.2,0,15.4,8,1,4,Poor experience. Support did not solve my issue.,Negative,1
1422,19,Female,Kolkata,Basic,9,572.76,4393.02,26.3,1,18.8,6,1,7,It is a normal experience with occasional issues.,Neutral,0
1423,19,Male,Jaipur,Standard,3,883.13,2392.31,38.7,3,20,10,1,5,I may leave because the service quality has become poor.,Negative,1
1424,24,Other,Chennai,Standard,10,906.14,7720.14,34.5,4,16.8,7,1,5,Too many issues and the response from support is slow.,Negative,0
1425,51,Female,Jaipur,Premium,20,1516.1,26346.95,79.5,0,14.9,0,1,5,"Service is acceptable for now, but support could be faster.",Neutral,0
1426,52,Female,Bengaluru,Basic,13,500.78,5854.72,6.4,2,21.4,7,0,7,Average experience. Some things work well and some do not.,Neutral,0
1427,29,Female,Delhi,Premium,38,1450.75,55890.05,50.7,1,14.8,0,0,7,Really satisfied with the service and performance.,Positive,0
1428,40,Female,Hyderabad,Standard,13,996.75,12702.91,11.2,1,16,0,1,9,Support solved my issue quickly. Very good experience.,Positive,0
1429,37,Female,Bengaluru,Standard,9,863.93,6807.45,22.4,1,19.8,4,0,8,Good value for money and quick customer support.,Positive,0
1430,48,Other,Pune,Standard,32,958.8,31405.29,44.9,0,15.4,5,0,7,"Excellent experience, no major issues and easy to use.",Positive,0
1431,38,Male,Delhi,Basic,38,564.96,21184.86,28.2,1,5.5,7,1,6,The service is okay but there is room for improvement.,Neutral,0
1432,36,Female,Kolkata,Standard,11,862.1,9359.03,43.1,2,5.4,1,1,6,"Service is acceptable for now, but support could be faster.",Neutral,0
1433,48,Male,Ahmedabad,Standard,13,824.53,9253.47,20.3,1,22.6,3,1,10,Support solved my issue quickly. Very good experience.,Positive,0
1434,35,Other,Kolkata,Basic,26,519.47,12472.78,14.4,1,16.2,0,0,8,It is a normal experience with occasional issues.,Neutral,0
1435,22,Male,Mumbai,Basic,26,474.66,11240.24,28.6,3,8.6,5,1,6,Poor experience. Support did not solve my issue.,Negative,0
1436,34,Other,Pune,Standard,24,931.04,22197.57,43.7,1,18,4,1,7,Average experience. Some things work well and some do not.,Neutral,0
1437,28,Female,Hyderabad,Premium,30,1554.1,40809.73,57,2,14.7,4,0,8,"Service is acceptable for now, but support could be faster.",Neutral,0
1438,28,Female,Bengaluru,Basic,16,526.51,7660.37,23.6,2,14.7,0,1,6,Average experience. Some things work well and some do not.,Neutral,0
1439,40,Other,Hyderabad,Standard,17,770.91,12846.26,34.3,1,16,0,0,4,Not satisfied. The app is difficult to use and often fails.,Negative,0
1440,30,Female,Hyderabad,Standard,12,993.15,11108.11,25.9,2,12.1,2,1,6,Bad experience with billing and customer support.,Negative,1
1441,41,Male,Delhi,Standard,27,956.22,25786.46,36.9,1,20.6,0,1,8,"Excellent experience, no major issues and easy to use.",Positive,0
1442,49,Female,Kochi,Basic,29,550.51,13789.39,15.4,2,28.1,9,1,8,It is a normal experience with occasional issues.,Neutral,0
1443,27,Female,Jaipur,Standard,19,928.25,17082.63,23.4,1,12,9,0,6,The service is okay but there is room for improvement.,Neutral,0
1444,48,Other,Kochi,Premium,40,1489.12,59339.25,53.1,1,6.5,0,1,7,Good value for money and quick customer support.,Positive,0
1445,42,Other,Ahmedabad,Basic,17,494.37,8246.38,13.4,3,20.2,3,1,6,Very disappointed with the service and slow support.,Negative,0
1446,40,Other,Mumbai,Standard,30,878.86,26471.34,28.2,3,26.6,8,0,7,Average experience. Some things work well and some do not.,Neutral,0
1447,29,Male,Pune,Premium,13,1449.88,19190.51,45.4,1,9.1,1,1,5,Not satisfied. The app is difficult to use and often fails.,Negative,0
1448,31,Male,Mumbai,Premium,24,1567.82,35369.06,48.1,2,15.7,4,1,9,"Excellent experience, no major issues and easy to use.",Positive,0
1449,49,Other,Chennai,Basic,12,299,3617.36,30.8,1,11.1,5,0,7,Support solved my issue quickly. Very good experience.,Positive,0
1450,41,Male,Hyderabad,Basic,21,589.62,12004.57,24,4,12.2,12,0,5,I am unhappy with the price and frequent service problems.,Negative,1
1451,30,Female,Ahmedabad,Standard,14,972.39,12311.01,35.6,0,9.6,0,1,6,It is a normal experience with occasional issues.,Neutral,0
1452,21,Other,Bengaluru,Basic,13,549.33,7107.22,32.8,0,8.1,10,1,7,I love the service. Everything has been reliable so far.,Positive,0
1453,36,Male,Pune,Standard,16,838.9,12716.82,36.3,1,12,0,1,9,I love the service. Everything has been reliable so far.,Positive,1
1454,25,Other,Bengaluru,Premium,48,1489.47,63439,46,0,9.5,4,1,8,Very happy with the service and fast support.,Positive,0
1455,44,Male,Hyderabad,Basic,13,621.87,7160.71,14.7,3,18.6,6,1,7,The service is okay but there is room for improvement.,Neutral,0
1456,31,Female,Delhi,Standard,26,844.97,21947.53,31,2,15.9,1,0,4,Bad experience with billing and customer support.,Negative,1
1457,27,Other,Chennai,Basic,12,501.25,5824.51,28.8,0,16.9,3,0,7,The service is fine and meets most of my needs.,Neutral,0
1458,26,Other,Jaipur,Premium,8,1523.88,10987.62,45.7,1,15.2,3,1,9,Reliable service and simple to use. I would recommend it.,Positive,0
1459,54,Male,Mumbai,Standard,16,839.07,12555.23,22.5,0,5.3,0,1,7,Really satisfied with the service and performance.,Positive,0
1460,33,Other,Kolkata,Premium,8,1505.42,11815.57,46.1,0,9.3,1,0,7,Support solved my issue quickly. Very good experience.,Positive,0
1461,41,Male,Chennai,Basic,6,529.82,2954.02,9.8,1,14.6,7,0,4,Too many issues and the response from support is slow.,Negative,0
1462,34,Female,Kolkata,Basic,45,491.78,19518.51,23.4,3,20.5,7,0,6,I may leave because the service quality has become poor.,Negative,1
1463,27,Other,Delhi,Standard,8,962.22,6576.72,11.9,1,13.4,8,0,6,"Service is acceptable for now, but support could be faster.",Neutral,0
1464,39,Other,Kolkata,Standard,10,841.33,8446.35,32.8,2,14.8,9,0,3,Too many issues and the response from support is slow.,Negative,1
1465,40,Male,Delhi,Standard,25,851.99,20308.62,16.6,2,17.4,0,1,9,"Excellent experience, no major issues and easy to use.",Positive,0
1466,43,Male,Jaipur,Basic,26,431.76,9703.56,22,5,19.9,11,0,2,I am unhappy with the price and frequent service problems.,Negative,1
1467,39,Female,Kochi,Standard,25,901.76,19452.8,25.5,0,10.2,1,1,10,"Great experience, the app works smoothly and the team is helpful.",Positive,0
1468,26,Other,Mumbai,Premium,23,1512.1,35250.35,42.6,6,28.1,9,1,7,Very disappointed with the service and slow support.,Negative,1
1469,40,Female,Pune,Basic,26,445.26,11847.66,32.5,2,18.4,6,0,2,Too many issues and the response from support is slow.,Negative,1
1470,33,Male,Chennai,Premium,10,1504.47,14718.97,43.7,2,11.7,0,1,9,Support solved my issue quickly. Very good experience.,Positive,0
1471,36,Male,Pune,Premium,18,1519.04,23484.05,66,3,20.4,9,1,3,I may leave because the service quality has become poor.,Negative,1
1472,20,Other,Kolkata,Premium,18,1683.67,31380.49,50.6,0,14.4,2,1,9,Support solved my issue quickly. Very good experience.,Positive,0
1473,33,Male,Chennai,Standard,10,771.91,7599.1,24.2,1,8.1,0,0,8,Really satisfied with the service and performance.,Positive,0
1474,51,Female,Jaipur,Standard,18,923.17,15822.02,22.6,0,2.7,4,1,6,It is a normal experience with occasional issues.,Neutral,0
1475,21,Other,Bengaluru,Standard,28,884.67,25906.43,33.7,2,14.3,7,0,3,I may leave because the service quality has become poor.,Negative,0
1476,33,Other,Chennai,Basic,12,395.41,4884.04,8.8,4,18.2,11,0,5,Too many issues and the response from support is slow.,Negative,0
1477,18,Female,Jaipur,Basic,13,485.72,5550.36,17.5,2,13.7,7,0,5,I am unhappy with the price and frequent service problems.,Negative,0
1478,33,Other,Chennai,Premium,13,1617.33,18733.91,60.9,0,17.2,5,1,7,"Service is acceptable for now, but support could be faster.",Neutral,0
1479,18,Female,Ahmedabad,Premium,25,1546.09,34018.77,45.9,3,13.1,9,0,9,"Excellent experience, no major issues and easy to use.",Positive,0
1480,18,Male,Jaipur,Premium,19,1496.81,26704.92,40.8,0,7,0,1,7,Good value for money and quick customer support.,Positive,0
1481,36,Male,Kolkata,Standard,26,876.96,21788.84,55.2,2,8.6,9,1,6,Bad experience with billing and customer support.,Negative,0
1482,33,Other,Mumbai,Basic,19,520.79,9958.6,2.3,0,10.5,1,0,10,Good value for money and quick customer support.,Positive,0
1483,37,Male,Ahmedabad,Basic,33,494.32,14052.66,1.2,1,16.9,3,0,5,Very disappointed with the service and slow support.,Negative,1
1484,46,Female,Jaipur,Standard,24,901.93,22473.31,47.4,2,13.8,3,1,8,I love the service. Everything has been reliable so far.,Positive,0
1485,32,Male,Delhi,Basic,20,497.73,8821.22,36.5,3,18.4,7,0,4,Very disappointed with the service and slow support.,Negative,1
1486,31,Other,Kochi,Standard,3,989.63,2997.55,20.3,2,5.3,7,1,8,Reliable service and simple to use. I would recommend it.,Positive,0
1487,30,Male,Mumbai,Standard,9,823.41,6571.2,29,0,8.3,6,0,7,"Excellent experience, no major issues and easy to use.",Positive,0
1488,42,Female,Ahmedabad,Standard,14,842.74,12056.36,28.3,1,11.2,6,1,5,Average experience. Some things work well and some do not.,Neutral,0
1489,31,Other,Mumbai,Premium,12,1425.42,16098.8,62.4,0,4.4,0,1,9,Good value for money and quick customer support.,Positive,0
1490,39,Female,Chennai,Standard,25,953.38,23691.32,20,1,11.2,0,0,4,Very disappointed with the service and slow support.,Negative,0
1491,29,Female,Pune,Basic,41,477.39,17207.6,8.8,2,6.3,7,1,9,Good value for money and quick customer support.,Positive,0
1492,27,Female,Jaipur,Standard,40,1135.36,38912.99,19.1,3,10.9,7,1,7,The service is okay but there is room for improvement.,Neutral,0
1493,39,Male,Ahmedabad,Basic,11,491.01,4677.17,17.5,3,15.4,10,1,6,Bad experience with billing and customer support.,Negative,0
1494,37,Other,Mumbai,Standard,8,822.46,5801.74,27.1,1,16.8,3,1,7,"Excellent experience, no major issues and easy to use.",Positive,0
1495,46,Male,Hyderabad,Standard,12,966.81,10888.83,23.6,1,11.2,5,0,7,Really satisfied with the service and performance.,Positive,0
1496,48,Male,Ahmedabad,Premium,31,1578.94,42829.06,63.3,2,18.9,3,0,7,Very disappointed with the service and slow support.,Negative,0
1497,46,Female,Kochi,Standard,48,845.57,35608.14,27.1,4,11.6,7,1,5,Bad experience with billing and customer support.,Negative,0
1498,58,Other,Delhi,Basic,7,442.5,2955.19,39.5,3,25,10,0,5,Poor experience. Support did not solve my issue.,Negative,1
1499,27,Female,Chennai,Standard,15,864.12,13542.39,38.7,1,3.2,6,1,6,It is a normal experience with occasional issues.,Neutral,0
1500,33,Male,Hyderabad,Basic,22,608.52,13013.33,23.7,3,17.4,11,1,10,I love the service. Everything has been reliable so far.,Positive,0
1501,24,Female,Hyderabad,Basic,7,542.75,3392.43,21.6,1,10.6,3,0,6,It is a normal experience with occasional issues.,Neutral,0
1502,36,Female,Delhi,Premium,7,1561.25,10721.2,59,0,11.7,7,1,6,"Service is acceptable for now, but support could be faster.",Neutral,0
1503,23,Other,Pune,Standard,5,979.63,4533.59,27.8,2,7.3,4,1,8,I love the service. Everything has been reliable so far.,Positive,0
1504,22,Female,Ahmedabad,Standard,11,895.54,9985.64,31.5,2,15.7,4,0,5,I may leave because the service quality has become poor.,Negative,0
1505,31,Male,Mumbai,Basic,12,461.27,5761.05,10.3,3,13,9,0,2,Poor experience. Support did not solve my issue.,Negative,0
1506,31,Male,Ahmedabad,Basic,16,421.85,6313.35,11.9,0,11.1,4,1,7,It is a normal experience with occasional issues.,Neutral,0
1507,39,Male,Ahmedabad,Basic,19,400.74,7527.46,10.6,2,11.5,2,1,7,"Nothing special, but the service is usable.",Neutral,0
1508,33,Other,Ahmedabad,Standard,37,957.67,34584.88,25.3,2,16.1,2,0,6,"Nothing special, but the service is usable.",Neutral,0
1509,26,Male,Hyderabad,Basic,17,469.01,8003.63,9.8,2,19.5,3,0,3,Too many issues and the response from support is slow.,Negative,0
1510,48,Male,Chennai,Standard,10,842.98,7168.17,27.1,2,14.6,5,1,9,Good value for money and quick customer support.,Positive,0
1511,40,Other,Bengaluru,Standard,25,896.23,21719.89,25.2,3,12.7,11,0,8,It is a normal experience with occasional issues.,Neutral,0
1512,24,Male,Mumbai,Standard,19,873.09,15007.99,34.8,0,9.5,0,0,7,Really satisfied with the service and performance.,Positive,0
1513,47,Male,Pune,Standard,39,1018.75,34109.61,16.9,0,8.7,8,0,5,Bad experience with billing and customer support.,Negative,1
1514,38,Female,Jaipur,Premium,40,1534.96,53255.09,39.2,4,18.9,8,0,5,Not satisfied. The app is difficult to use and often fails.,Negative,0
1515,36,Male,Bengaluru,Basic,24,667.46,13877.04,11.6,6,10.4,7,1,8,It is a normal experience with occasional issues.,Neutral,0
1516,31,Other,Pune,Standard,30,1032.73,32417.27,23.5,3,15.3,4,0,6,Not satisfied. The app is difficult to use and often fails.,Negative,0
1517,49,Male,Jaipur,Premium,20,1432.86,27834.02,69.4,2,23.1,5,1,8,I love the service. Everything has been reliable so far.,Positive,0
1518,32,Male,Bengaluru,Premium,28,1469.36,36567.42,52.8,1,7.2,0,1,6,"Service is acceptable for now, but support could be faster.",Neutral,0
1519,33,Male,Hyderabad,Standard,22,890.33,18717.75,14.8,1,0.5,5,1,3,The service is unreliable and I keep facing problems.,Negative,0
1520,45,Female,Pune,Basic,25,504.96,11815.78,32,0,16.2,0,1,8,"Great experience, the app works smoothly and the team is helpful.",Positive,0
1521,35,Male,Mumbai,Basic,19,510.56,9085.99,24.1,0,5.7,0,1,7,"Excellent experience, no major issues and easy to use.",Positive,0
1522,48,Other,Chennai,Basic,11,405.32,4087.37,35.9,0,17,0,1,5,Bad experience with billing and customer support.,Negative,0
1523,40,Other,Pune,Premium,13,1528.96,20761.71,28.6,2,14.3,9,0,7,"Service is acceptable for now, but support could be faster.",Neutral,1
1524,36,Other,Hyderabad,Premium,6,1509.99,8226.91,64.6,1,13.1,0,0,5,I may leave because the service quality has become poor.,Negative,0
1525,23,Female,Kolkata,Standard,26,1039.99,24688.73,29.1,3,10.4,1,1,7,The service is okay but there is room for improvement.,Neutral,0
1526,28,Female,Delhi,Standard,43,972.91,41167.04,52.6,2,9.7,3,1,9,Support solved my issue quickly. Very good experience.,Positive,0
1527,33,Male,Bengaluru,Standard,29,1024.83,30281.57,28.3,2,12,8,1,10,Good value for money and quick customer support.,Positive,0
1528,38,Other,Chennai,Premium,14,1507.11,20961.01,59.6,1,13.4,4,0,6,Too many issues and the response from support is slow.,Negative,1
1529,37,Female,Kolkata,Basic,9,551.52,4364.59,38.9,9,16.6,14,1,3,Too many issues and the response from support is slow.,Negative,1
1530,32,Male,Chennai,Standard,6,861.26,5367.15,41.3,2,10.9,16,1,7,Average experience. Some things work well and some do not.,Neutral,0
1531,33,Other,Kolkata,Basic,30,547.55,15709.73,10.8,3,13,1,0,5,The service is unreliable and I keep facing problems.,Negative,0
1532,31,Male,Kochi,Basic,13,506.68,6650.11,23,1,9.4,2,1,6,It is a normal experience with occasional issues.,Neutral,0
1533,30,Male,Ahmedabad,Standard,13,902.8,11345.81,44,2,18.9,11,1,5,Not satisfied. The app is difficult to use and often fails.,Negative,0
1534,28,Female,Jaipur,Basic,31,477.17,15116.19,35,4,15.8,4,0,3,The service is unreliable and I keep facing problems.,Negative,0
1535,39,Other,Ahmedabad,Basic,26,452.04,11362.18,18.9,3,17.5,7,0,6,It is a normal experience with occasional issues.,Neutral,0
1536,22,Male,Hyderabad,Standard,17,786.53,11930.59,38,5,19.9,10,1,6,Not satisfied. The app is difficult to use and often fails.,Negative,0
1537,38,Other,Ahmedabad,Standard,53,867.65,46605.82,28,1,4.1,0,1,9,"Excellent experience, no major issues and easy to use.",Positive,0
1538,28,Female,Chennai,Basic,14,590.53,8406.35,4.5,1,16.8,2,0,4,"Nothing special, but the service is usable.",Neutral,0
1539,28,Other,Pune,Premium,34,1424.83,45031.27,42.4,2,8.2,4,0,5,It is a normal experience with occasional issues.,Neutral,0
1540,24,Other,Bengaluru,Basic,30,468.39,12622.69,18.1,0,7,5,0,6,The service is okay but there is room for improvement.,Neutral,1
1541,43,Male,Ahmedabad,Standard,36,913.53,32860.69,40.2,1,13.2,3,1,10,Reliable service and simple to use. I would recommend it.,Positive,0
1542,33,Female,Jaipur,Premium,6,1360.63,7963.31,27.3,1,12.7,5,1,7,"Nothing special, but the service is usable.",Neutral,0
1543,22,Other,Kolkata,Premium,22,1440.88,28143.54,29.4,0,7.4,6,0,6,Average experience. Some things work well and some do not.,Neutral,0
1544,33,Male,Bengaluru,Basic,17,443.92,7312.53,15.8,2,20.2,4,0,5,I am unhappy with the price and frequent service problems.,Negative,1
1545,38,Male,Mumbai,Standard,28,838.38,24602.16,34.8,1,14,0,0,4,I am unhappy with the price and frequent service problems.,Negative,0
1546,36,Female,Kochi,Basic,19,493.54,8772.38,24.3,3,18.6,0,1,4,I may leave because the service quality has become poor.,Negative,0
1547,43,Male,Ahmedabad,Standard,28,866.6,21944.92,38.7,1,17.8,2,0,7,Average experience. Some things work well and some do not.,Neutral,0
1548,28,Male,Ahmedabad,Premium,15,1527.99,22830.43,39.2,2,16.2,7,1,5,The service is okay but there is room for improvement.,Neutral,0
1549,44,Female,Jaipur,Basic,25,510.12,10865.06,7.8,1,11.8,2,1,7,Support solved my issue quickly. Very good experience.,Positive,0
1550,32,Male,Delhi,Basic,4,558.86,2133.11,22.5,2,14,2,1,7,It is a normal experience with occasional issues.,Neutral,0
1551,22,Female,Jaipur,Standard,31,924.35,26098.64,26.8,2,17.4,10,1,7,The service is okay but there is room for improvement.,Neutral,0
1552,38,Female,Kolkata,Standard,10,866.34,8080.61,27.9,0,9.3,2,1,5,I am unhappy with the price and frequent service problems.,Negative,0
1553,32,Other,Bengaluru,Standard,21,815.35,16397.08,32.5,0,15.3,5,1,10,Really satisfied with the service and performance.,Positive,0
1554,49,Other,Hyderabad,Basic,32,468.78,14876.73,1.4,3,12,3,1,6,It is a normal experience with occasional issues.,Neutral,0
1555,41,Male,Ahmedabad,Standard,23,915.05,21483.27,46.9,1,3.3,8,1,8,Reliable service and simple to use. I would recommend it.,Positive,0
1556,32,Other,Kolkata,Basic,4,445.4,1707.23,15.2,2,10.5,0,1,6,"Nothing special, but the service is usable.",Neutral,0
1557,40,Male,Ahmedabad,Basic,32,582.42,17079.39,25.1,3,17.6,10,0,10,Good value for money and quick customer support.,Positive,0
1558,54,Other,Delhi,Premium,16,1682.76,24886.25,54.6,1,14.9,0,1,6,Average experience. Some things work well and some do not.,Neutral,0
1559,35,Female,Kolkata,Premium,9,1436.14,11008.39,54.3,0,15.8,0,1,7,Reliable service and simple to use. I would recommend it.,Positive,0
1560,48,Male,Jaipur,Basic,27,518.98,12139.98,7.3,1,20.5,11,0,7,"Nothing special, but the service is usable.",Neutral,0
1561,36,Female,Chennai,Basic,23,493.17,11320.9,1.2,2,13.7,12,0,7,The service is fine and meets most of my needs.,Neutral,0
1562,33,Female,Hyderabad,Standard,22,768.39,15275.76,36.9,2,21.8,6,1,6,Too many issues and the response from support is slow.,Negative,0
1563,39,Male,Mumbai,Standard,23,907.43,21809.18,19.7,3,15.6,0,0,8,"Service is acceptable for now, but support could be faster.",Neutral,0
1564,29,Female,Delhi,Standard,21,968.81,17495.43,30.8,2,10.4,0,0,4,Very disappointed with the service and slow support.,Negative,0
1565,35,Male,Delhi,Standard,72,781.11,58155.24,37.9,2,16.7,8,0,7,The service is okay but there is room for improvement.,Neutral,0
1566,44,Other,Mumbai,Standard,10,931.02,8009.58,33.4,0,10.7,0,1,7,Really satisfied with the service and performance.,Positive,0
1567,27,Male,Kochi,Basic,8,501.47,4114.28,27.2,1,12.6,1,0,6,"Nothing special, but the service is usable.",Neutral,0
1568,27,Other,Jaipur,Standard,51,799.19,42321.15,10.8,1,13.5,0,0,8,Reliable service and simple to use. I would recommend it.,Positive,0
1569,21,Female,Hyderabad,Premium,22,1559.76,32843.83,53,3,15.3,4,0,7,Very disappointed with the service and slow support.,Negative,0
1570,18,Other,Hyderabad,Basic,16,508.24,7826.6,1,0,9.4,0,0,5,Average experience. Some things work well and some do not.,Neutral,0
1571,41,Female,Chennai,Standard,16,786.79,13121.19,33,2,11.5,9,1,9,Reliable service and simple to use. I would recommend it.,Positive,0
1572,43,Other,Hyderabad,Basic,29,539.27,13943.96,22.1,3,14.5,9,1,6,Not satisfied. The app is difficult to use and often fails.,Negative,0
1573,36,Male,Hyderabad,Premium,29,1470.78,41608.04,48.9,2,18,5,1,3,Bad experience with billing and customer support.,Negative,1
1574,34,Male,Mumbai,Premium,4,1561.54,6009.95,42.8,5,17.3,8,1,7,Not satisfied. The app is difficult to use and often fails.,Negative,0
1575,39,Female,Kochi,Basic,18,597.96,10286.63,34.4,1,9.2,0,1,7,"Service is acceptable for now, but support could be faster.",Neutral,0
1576,34,Other,Kolkata,Standard,27,832.78,22389.63,41,3,11.4,5,0,7,Average experience. Some things work well and some do not.,Neutral,0
1577,23,Other,Kolkata,Standard,10,1019.27,10041.59,18.8,6,21.5,16,0,5,Bad experience with billing and customer support.,Negative,1
1578,42,Female,Kolkata,Premium,4,1539.96,5818.06,37.8,1,17.5,1,1,7,Very happy with the service and fast support.,Positive,0
1579,35,Female,Chennai,Standard,6,753.5,4526.24,28.9,2,10.8,5,0,6,The service is unreliable and I keep facing problems.,Negative,0
1580,40,Female,Delhi,Standard,18,965.75,16254.17,26.1,4,25.2,7,0,4,Bad experience with billing and customer support.,Negative,0
1581,54,Male,Kolkata,Standard,18,878.37,15148.59,22.1,2,9.8,4,0,5,Very disappointed with the service and slow support.,Negative,1
1582,40,Other,Kochi,Premium,11,1582.1,15812.43,36.9,0,11.1,4,1,8,Support solved my issue quickly. Very good experience.,Positive,0
1583,49,Other,Kochi,Premium,27,1412.64,37365.8,50.5,0,2.5,5,1,4,Not satisfied. The app is difficult to use and often fails.,Negative,0
1584,33,Male,Pune,Premium,22,1503.29,29964.87,31,1,3.1,2,0,8,Support solved my issue quickly. Very good experience.,Positive,0
1585,38,Female,Mumbai,Premium,38,1551.8,60734.58,42.2,0,16.1,0,1,5,"Nothing special, but the service is usable.",Neutral,0
1586,27,Female,Kolkata,Standard,24,890.45,18707.69,42.8,2,16.3,5,1,5,The service is unreliable and I keep facing problems.,Negative,0
1587,34,Male,Kochi,Basic,9,476.58,4451.54,3.3,3,13.3,6,0,4,Too many issues and the response from support is slow.,Negative,1
1588,47,Male,Hyderabad,Standard,15,943.96,12637.87,33.6,2,11.5,7,1,8,The service is fine and meets most of my needs.,Neutral,0
1589,43,Female,Chennai,Basic,8,566.38,4273.92,23.1,1,12.6,0,1,5,I am unhappy with the price and frequent service problems.,Negative,0
1590,45,Female,Kolkata,Premium,13,1566.13,18063.29,34.4,3,12.9,6,0,6,"Nothing special, but the service is usable.",Neutral,1
1591,31,Male,Delhi,Basic,32,359.06,10642.31,33.6,4,14.5,0,1,6,The service is unreliable and I keep facing problems.,Negative,0
1592,39,Male,Hyderabad,Standard,17,1053.93,18508.34,34,0,15.4,6,0,5,I may leave because the service quality has become poor.,Negative,0
1593,31,Female,Mumbai,Premium,19,1469.58,28771.02,59.9,1,15.6,2,0,7,"Service is acceptable for now, but support could be faster.",Neutral,0
1594,44,Female,Pune,Standard,6,897.43,5084.69,27.5,2,10.5,1,0,7,"Nothing special, but the service is usable.",Neutral,0
1595,20,Female,Kochi,Standard,6,945.2,4860.78,26.5,1,7.7,10,0,4,Not satisfied. The app is difficult to use and often fails.,Negative,0
1596,40,Other,Jaipur,Basic,29,377.88,10466.47,1,2,21.6,6,1,6,It is a normal experience with occasional issues.,Neutral,0
1597,27,Male,Chennai,Standard,4,881.52,3321.65,30.4,0,4.9,4,1,7,"Great experience, the app works smoothly and the team is helpful.",Positive,0
1598,29,Male,Bengaluru,Standard,49,885.87,42711.39,42,0,20.8,3,0,8,Reliable service and simple to use. I would recommend it.,Positive,0
1599,38,Male,Ahmedabad,Basic,17,376.94,5704.66,25.1,1,2.5,0,1,9,Support solved my issue quickly. Very good experience.,Positive,0
1600,34,Female,Jaipur,Standard,25,907.25,22027.54,46.1,1,17.2,2,1,5,I may leave because the service quality has become poor.,Negative,0
1601,35,Other,Ahmedabad,Standard,10,974.4,8692.88,46.2,2,19.3,10,1,5,Poor experience. Support did not solve my issue.,Negative,1
1602,35,Male,Kochi,Basic,21,465.53,9510.86,15,2,12.7,10,1,8,Average experience. Some things work well and some do not.,Neutral,0
1603,32,Other,Kochi,Premium,13,1501.12,19138.39,27.2,0,0.5,0,0,7,Good value for money and quick customer support.,Positive,0
1604,31,Female,Ahmedabad,Basic,13,523.23,6844.88,10.2,2,11,3,0,7,The service is fine and meets most of my needs.,Neutral,0
1605,43,Female,Hyderabad,Standard,19,915.07,17307,29.6,1,13.4,0,1,5,The service is okay but there is room for improvement.,Neutral,0
1606,35,Male,Delhi,Standard,28,841.27,23465.76,40.6,1,7.1,3,0,6,The service is fine and meets most of my needs.,Neutral,0
1607,21,Male,Hyderabad,Standard,67,871.9,61128.95,28.6,4,3.5,10,1,8,Too many issues and the response from support is slow.,Negative,0
1608,30,Female,Ahmedabad,Basic,5,563.95,2957.61,18,3,23.3,5,0,7,Average experience. Some things work well and some do not.,Neutral,0
1609,27,Other,Kolkata,Basic,15,437.97,6623.37,23.4,2,11.5,5,1,6,"Service is acceptable for now, but support could be faster.",Neutral,0
1610,19,Male,Chennai,Premium,14,1430.57,19041.12,35.9,1,17,2,1,8,Very happy with the service and fast support.,Positive,0
1611,39,Male,Kochi,Basic,9,599.08,5243.43,23.8,1,12.8,9,0,7,Bad experience with billing and customer support.,Negative,1
1612,18,Female,Jaipur,Basic,10,470.97,4259.64,7.3,2,19.1,2,1,5,Not satisfied. The app is difficult to use and often fails.,Negative,1
1613,36,Female,Ahmedabad,Premium,15,1397.12,21385.27,59.3,1,17.2,0,0,7,Average experience. Some things work well and some do not.,Neutral,0
1614,44,Other,Ahmedabad,Standard,5,908.45,4602.71,41.4,1,13.7,6,1,5,Poor experience. Support did not solve my issue.,Negative,0
1615,26,Other,Delhi,Basic,3,452.76,1164.02,15.4,3,15.1,7,1,8,It is a normal experience with occasional issues.,Neutral,0
1616,49,Male,Kolkata,Basic,9,424.28,3403.02,26.5,0,8,3,0,8,Reliable service and simple to use. I would recommend it.,Positive,0
1617,18,Other,Pune,Standard,18,811.06,14441.65,19,2,16.7,7,0,10,Very happy with the service and fast support.,Positive,0
1618,36,Other,Pune,Standard,8,949.86,7607.72,35.6,1,10.4,7,0,5,The service is unreliable and I keep facing problems.,Negative,0
1619,33,Male,Jaipur,Standard,4,794.46,3183.28,34.2,2,24,3,0,5,I am unhappy with the price and frequent service problems.,Negative,1
1620,24,Female,Kochi,Premium,35,1546.66,56540.19,48.5,0,17.9,2,0,6,"Nothing special, but the service is usable.",Neutral,0
1621,33,Other,Chennai,Premium,5,1460.18,6206.05,61.8,1,15.8,2,1,7,Good value for money and quick customer support.,Positive,0
1622,30,Male,Jaipur,Standard,13,933.17,10770.04,26.8,2,16.1,4,1,7,It is a normal experience with occasional issues.,Neutral,0
1623,37,Other,Bengaluru,Standard,3,1003.5,2633.92,39.2,1,22.1,1,0,5,Not satisfied. The app is difficult to use and often fails.,Negative,0
1624,49,Female,Chennai,Standard,21,882.66,15796.92,40.2,1,9.8,0,1,8,Support solved my issue quickly. Very good experience.,Positive,0
1625,35,Female,Hyderabad,Basic,16,394.79,6630.48,18,1,14.4,0,0,8,I love the service. Everything has been reliable so far.,Positive,0
1626,41,Female,Chennai,Basic,16,516.94,7395.93,10.3,0,4.3,0,0,7,I love the service. Everything has been reliable so far.,Positive,0
1627,36,Female,Kolkata,Standard,9,784.34,7038.54,30.8,2,7.1,0,0,7,The service is fine and meets most of my needs.,Neutral,0
1628,33,Female,Chennai,Basic,12,413.29,4951.58,21.1,1,7.9,0,0,8,"Excellent experience, no major issues and easy to use.",Positive,0
1629,32,Female,Hyderabad,Basic,31,504.58,16224.75,16.6,4,21.9,1,1,6,Not satisfied. The app is difficult to use and often fails.,Negative,0
1630,31,Female,Kolkata,Premium,39,1427.56,48332.35,39.8,1,9.9,7,0,8,Very happy with the service and fast support.,Positive,0
1631,34,Male,Mumbai,Standard,21,896.03,18081.28,17.6,1,11.3,0,0,6,It is a normal experience with occasional issues.,Neutral,0
1632,34,Other,Kochi,Standard,5,813.07,4179.73,32.4,2,12,2,0,3,Too many issues and the response from support is slow.,Negative,0
1633,34,Male,Delhi,Standard,33,990.58,29425.83,30.5,1,6.8,0,1,6,The service is okay but there is room for improvement.,Neutral,0
1634,47,Female,Bengaluru,Standard,7,786.64,4922.25,35.1,1,21.3,0,0,5,Very disappointed with the service and slow support.,Negative,1
1635,28,Female,Kochi,Premium,3,1529.86,3993.26,49.5,3,20.4,7,0,6,I am unhappy with the price and frequent service problems.,Negative,1
1636,33,Other,Chennai,Basic,21,487.18,9313.15,24.3,0,7.2,3,1,7,Reliable service and simple to use. I would recommend it.,Positive,0
1637,39,Male,Kochi,Basic,19,506.87,9234.26,38.3,2,18.4,3,0,2,Not satisfied. The app is difficult to use and often fails.,Negative,1
1638,47,Other,Chennai,Standard,28,888.51,22930.51,39.3,1,4.8,2,1,8,Reliable service and simple to use. I would recommend it.,Positive,0
1639,23,Male,Bengaluru,Premium,15,1586.22,23299.36,53,1,9.3,6,1,7,"Nothing special, but the service is usable.",Neutral,0
1640,31,Male,Bengaluru,Basic,19,553.54,10987.83,10.1,2,11.8,3,1,7,Too many issues and the response from support is slow.,Negative,0
1641,28,Other,Pune,Premium,13,1540.94,19792.81,41,0,10,2,1,4,Not satisfied. The app is difficult to use and often fails.,Negative,0
1642,23,Other,Mumbai,Standard,10,861.91,8674.23,14.6,1,9.5,1,1,6,Very happy with the service and fast support.,Positive,0
1643,36,Male,Kochi,Standard,7,987.23,7033.37,48.8,1,7.4,7,1,5,The service is unreliable and I keep facing problems.,Negative,0
1644,44,Female,Hyderabad,Premium,25,1450.55,34067.92,52.6,3,11.9,3,1,9,Support solved my issue quickly. Very good experience.,Positive,0
1645,53,Male,Jaipur,Standard,9,938.26,8364.11,22.8,2,8.3,0,1,7,Not satisfied. The app is difficult to use and often fails.,Negative,0
1646,48,Other,Pune,Premium,8,1459.11,10010.8,45.1,3,17.3,11,1,7,Too many issues and the response from support is slow.,Negative,0
1647,32,Male,Delhi,Basic,9,463.9,3883.25,16.9,3,16.6,6,1,7,Not satisfied. The app is difficult to use and often fails.,Negative,0
1648,30,Male,Chennai,Standard,30,777.51,22045.56,35.8,1,13.8,1,0,5,I may leave because the service quality has become poor.,Negative,0
1649,27,Male,Bengaluru,Standard,25,859.02,21678.98,8.1,1,10.5,6,1,5,I may leave because the service quality has become poor.,Negative,0
1650,43,Female,Kochi,Basic,8,641.7,4387.44,30.7,1,10.2,11,0,8,Very happy with the service and fast support.,Positive,0
1651,41,Other,Ahmedabad,Standard,7,912.64,6008.36,32.4,3,21.5,1,1,6,Bad experience with billing and customer support.,Negative,0
1652,40,Other,Delhi,Standard,14,973.23,13000.55,15.5,1,0.5,5,0,6,The service is okay but there is room for improvement.,Neutral,0
1653,30,Female,Delhi,Premium,25,1479.69,34332.92,58.8,2,10.2,2,1,9,Very happy with the service and fast support.,Positive,0
1654,21,Male,Bengaluru,Standard,8,1012.92,8225.1,32.2,1,13.5,4,1,6,I am unhappy with the price and frequent service problems.,Negative,1
1655,28,Male,Jaipur,Standard,4,878.29,3130.62,19.4,3,19.5,3,0,2,I am unhappy with the price and frequent service problems.,Negative,1
1656,22,Female,Delhi,Basic,15,480.7,6810.95,29.6,2,14.9,0,1,8,Good value for money and quick customer support.,Positive,0
1657,18,Male,Mumbai,Premium,17,1519.19,22452.94,56.4,2,12,5,1,5,The service is unreliable and I keep facing problems.,Negative,0
1658,46,Female,Jaipur,Standard,15,838.81,10766.35,23.6,3,3.1,4,0,5,I am unhappy with the price and frequent service problems.,Negative,0
1659,44,Other,Jaipur,Standard,23,1011.36,20326.76,40,1,18.1,0,0,4,The service is unreliable and I keep facing problems.,Negative,0
1660,21,Other,Chennai,Standard,15,920.01,11741.87,26.8,1,7.4,1,0,5,"Service is acceptable for now, but support could be faster.",Neutral,0
1661,22,Other,Mumbai,Premium,10,1446.7,14965.84,31.8,2,15.3,6,1,8,Average experience. Some things work well and some do not.,Neutral,0
1662,28,Other,Bengaluru,Premium,22,1389.74,29635.29,54.6,2,15.1,12,1,6,I may leave because the service quality has become poor.,Negative,0
1663,25,Male,Kolkata,Standard,42,1002.37,41210.75,24.8,2,14.3,1,0,5,Not satisfied. The app is difficult to use and often fails.,Negative,1
1664,19,Female,Kolkata,Basic,27,529.11,14732.99,11.5,4,23.5,14,1,7,I may leave because the service quality has become poor.,Negative,1
1665,29,Female,Kochi,Standard,17,952.95,16189.95,38.7,1,15.2,2,0,5,Very disappointed with the service and slow support.,Negative,0
1666,32,Female,Kolkata,Standard,28,953.63,27332.49,31.4,2,12.4,10,1,5,Very disappointed with the service and slow support.,Negative,0
1667,31,Female,Mumbai,Basic,7,490.23,3440.62,28.6,4,14.2,11,0,5,I am unhappy with the price and frequent service problems.,Negative,1
1668,27,Other,Kolkata,Premium,24,1572.24,32137.93,37,2,13.5,5,0,7,Average experience. Some things work well and some do not.,Neutral,0
1669,18,Male,Delhi,Basic,15,538.02,8031.93,16.2,4,12.6,9,0,6,Very disappointed with the service and slow support.,Negative,1
1670,56,Female,Kolkata,Premium,35,1628.02,57929.86,48.1,0,12.2,8,1,7,"Excellent experience, no major issues and easy to use.",Positive,0
1671,22,Male,Hyderabad,Standard,14,924.19,13483.54,22.1,4,19,0,1,10,Very happy with the service and fast support.,Positive,0
1672,31,Female,Kochi,Standard,13,860.19,11163.36,40,3,17.6,9,0,6,I may leave because the service quality has become poor.,Negative,0
1673,36,Male,Ahmedabad,Standard,8,844.11,5869.28,6.5,3,14.7,6,0,5,Very disappointed with the service and slow support.,Negative,0
1674,42,Male,Kolkata,Basic,7,449.83,3091.3,1,2,13.6,2,0,5,Poor experience. Support did not solve my issue.,Negative,1
1675,33,Male,Ahmedabad,Basic,15,459.16,6434.71,1,4,21.4,4,1,6,The service is unreliable and I keep facing problems.,Negative,0
1676,29,Male,Bengaluru,Standard,11,701.37,8056.73,43,4,24.8,8,1,8,It is a normal experience with occasional issues.,Neutral,0
1677,47,Female,Hyderabad,Standard,9,897.49,7257.21,28.8,3,15.3,3,1,3,I am unhappy with the price and frequent service problems.,Negative,0
1678,47,Other,Jaipur,Basic,6,454.35,2681.14,31.4,4,22.8,0,1,4,I may leave because the service quality has become poor.,Negative,0
1679,25,Female,Jaipur,Standard,24,974.29,21349.51,33.2,1,15,13,1,5,Very disappointed with the service and slow support.,Negative,0
1680,29,Female,Kochi,Basic,10,450.34,4575.29,20.6,1,10.7,0,0,7,The service is okay but there is room for improvement.,Neutral,0
1681,43,Male,Bengaluru,Standard,16,893.29,12255.3,19,0,16.2,9,0,7,The service is fine and meets most of my needs.,Neutral,0
1682,34,Male,Jaipur,Basic,17,558.33,8375.11,8.5,3,23.7,1,1,5,Not satisfied. The app is difficult to use and often fails.,Negative,0
1683,40,Female,Ahmedabad,Standard,27,879.38,21178.28,37.6,0,0.5,1,1,10,I love the service. Everything has been reliable so far.,Positive,0
1684,39,Male,Chennai,Standard,36,980.72,35807.41,39.2,1,14.8,7,0,6,Poor experience. Support did not solve my issue.,Negative,0
1685,37,Female,Jaipur,Standard,7,907.33,6204.94,26.5,3,14.2,4,1,6,Too many issues and the response from support is slow.,Negative,0
1686,38,Other,Kochi,Standard,6,880.77,4671.58,15.2,3,12.8,11,0,7,I may leave because the service quality has become poor.,Negative,1
1687,18,Female,Jaipur,Basic,11,424.01,4729.74,1.8,7,19.1,13,1,6,Very disappointed with the service and slow support.,Negative,1
1688,25,Other,Jaipur,Standard,9,877.47,6847.31,22.2,0,14.5,0,0,6,The service is okay but there is room for improvement.,Neutral,0
1689,41,Male,Kochi,Premium,26,1485.73,37648.71,50,0,11.5,0,0,6,It is a normal experience with occasional issues.,Neutral,0
1690,21,Female,Mumbai,Premium,22,1499.56,30214.86,61.8,2,14.3,6,0,5,The service is unreliable and I keep facing problems.,Negative,1
1691,28,Female,Mumbai,Standard,8,928.45,7569.73,18.6,5,19.5,9,1,4,Not satisfied. The app is difficult to use and often fails.,Negative,1
1692,37,Other,Jaipur,Premium,30,1529.34,46932.18,54.7,1,17.5,3,1,6,It is a normal experience with occasional issues.,Neutral,1
1693,31,Female,Chennai,Basic,25,514.06,12730.9,19.3,2,26.3,3,0,6,It is a normal experience with occasional issues.,Neutral,0
1694,48,Male,Bengaluru,Standard,13,972.98,11871.27,35.1,0,18,0,0,6,It is a normal experience with occasional issues.,Neutral,0
1695,25,Other,Mumbai,Basic,11,583.2,5520.04,27.1,1,18.8,1,1,7,Support solved my issue quickly. Very good experience.,Positive,0
1696,35,Male,Kolkata,Basic,16,475.53,7005.32,5.3,2,9.7,10,0,3,Not satisfied. The app is difficult to use and often fails.,Negative,0
1697,50,Male,Hyderabad,Standard,17,881.19,14527.37,45.6,2,21.7,0,0,6,Poor experience. Support did not solve my issue.,Negative,0
1698,30,Female,Ahmedabad,Basic,26,469.13,12402.3,21.1,5,20.2,5,1,3,Very disappointed with the service and slow support.,Negative,1
1699,33,Male,Mumbai,Basic,16,520.55,7635.77,26.1,4,17.3,10,0,3,I am unhappy with the price and frequent service problems.,Negative,1
1700,32,Female,Chennai,Basic,5,544.16,2615.07,19.5,4,23.4,12,0,2,Poor experience. Support did not solve my issue.,Negative,1
1701,18,Male,Bengaluru,Basic,3,528.31,1519.38,19.2,4,19.1,3,1,8,The service is okay but there is room for improvement.,Neutral,0
1702,48,Male,Chennai,Standard,9,954.8,8857.45,26.1,3,5.8,15,0,3,Not satisfied. The app is difficult to use and often fails.,Negative,0
1703,36,Male,Pune,Standard,20,904.15,16098.71,24.2,2,12.5,7,1,7,"Service is acceptable for now, but support could be faster.",Neutral,0
1704,46,Other,Chennai,Premium,13,1623.83,18242.08,42.4,1,12.1,11,1,9,"Great experience, the app works smoothly and the team is helpful.",Positive,0
1705,47,Male,Chennai,Premium,16,1531.21,21481.05,57.9,1,23.8,3,0,6,Average experience. Some things work well and some do not.,Neutral,0
1706,39,Male,Kochi,Standard,17,783.95,11958.44,31.8,0,8.9,0,1,7,Really satisfied with the service and performance.,Positive,0
1707,34,Other,Kolkata,Premium,13,1432.11,15921.15,45.6,2,15.7,0,0,5,Very disappointed with the service and slow support.,Negative,1
1708,32,Other,Jaipur,Basic,14,463.27,6582.08,31.5,2,18.8,5,1,7,Average experience. Some things work well and some do not.,Neutral,0
1709,25,Female,Mumbai,Basic,32,571.71,19065.26,28.7,1,13.4,0,1,7,I love the service. Everything has been reliable so far.,Positive,0
1710,36,Other,Jaipur,Premium,26,1494.95,36925.9,62.6,0,8.4,5,0,5,"Nothing special, but the service is usable.",Neutral,0
1711,34,Male,Ahmedabad,Standard,11,929.99,9691.92,25,0,17.2,1,0,5,Average experience. Some things work well and some do not.,Neutral,0
1712,47,Other,Kolkata,Standard,29,857.26,24862.57,24.4,1,21.1,4,1,6,It is a normal experience with occasional issues.,Neutral,0
1713,22,Other,Ahmedabad,Basic,42,547.88,23439.07,18.4,3,14.6,2,1,6,I may leave because the service quality has become poor.,Negative,0
1714,38,Other,Ahmedabad,Standard,32,907.52,27186.1,31.2,0,14.8,8,1,5,Very disappointed with the service and slow support.,Negative,0
1715,25,Male,Mumbai,Premium,5,1487.53,7153.1,52.3,2,7.7,6,1,8,Good value for money and quick customer support.,Positive,0
1716,33,Female,Mumbai,Basic,16,507.08,7156.04,13.2,2,14.6,11,1,7,The service is fine and meets most of my needs.,Neutral,0
1717,36,Male,Delhi,Basic,3,517.12,1336.97,11.4,2,18.9,0,0,6,Poor experience. Support did not solve my issue.,Negative,0
1718,37,Male,Pune,Standard,25,926.66,23518.14,39,4,16.6,10,1,5,I am unhappy with the price and frequent service problems.,Negative,0
1719,38,Other,Bengaluru,Standard,13,741.03,8403.81,34.1,2,19.4,1,1,5,Bad experience with billing and customer support.,Negative,0
1720,24,Female,Ahmedabad,Standard,40,852.91,33270.14,48.4,1,11.5,3,1,7,It is a normal experience with occasional issues.,Neutral,0
1721,54,Female,Pune,Standard,37,1063.36,36180.25,38.1,2,11,3,0,5,It is a normal experience with occasional issues.,Neutral,0
1722,35,Male,Pune,Standard,2,991.34,1790.2,33.6,1,14.9,2,1,7,The service is okay but there is room for improvement.,Neutral,0
1723,32,Female,Kochi,Standard,10,882.91,8109.18,35.1,1,12.6,5,0,5,"Service is acceptable for now, but support could be faster.",Neutral,0
1724,38,Male,Hyderabad,Basic,20,486.07,9348.67,23.4,3,28.5,0,1,7,Very disappointed with the service and slow support.,Negative,0
1725,25,Other,Mumbai,Basic,29,519.35,13581.45,13,3,18.8,1,1,6,"Service is acceptable for now, but support could be faster.",Neutral,0
1726,23,Female,Pune,Basic,48,461.2,22735.03,18.3,1,7,6,0,6,"Nothing special, but the service is usable.",Neutral,0
1727,44,Other,Kochi,Premium,8,1522.16,10530.72,49.9,2,18.9,0,0,6,"Service is acceptable for now, but support could be faster.",Neutral,0
1728,33,Female,Delhi,Standard,24,936.5,22319.77,34.6,0,19.2,3,1,8,It is a normal experience with occasional issues.,Neutral,0
1729,48,Other,Bengaluru,Standard,15,857.24,11668.92,26.5,1,16.6,0,0,5,Bad experience with billing and customer support.,Negative,0
1730,26,Male,Mumbai,Standard,4,890.83,3295.95,36.3,2,17.3,2,0,5,I may leave because the service quality has become poor.,Negative,0
1731,28,Male,Kochi,Standard,14,860.7,10386.53,30.6,2,13.5,1,1,6,"Nothing special, but the service is usable.",Neutral,0
1732,19,Female,Delhi,Standard,26,832.44,21495.71,28.8,1,9,1,1,8,Good value for money and quick customer support.,Positive,0
1733,31,Female,Kolkata,Basic,8,404.12,2957.71,14.2,1,11.1,6,1,5,Very disappointed with the service and slow support.,Negative,0
1734,37,Female,Chennai,Standard,36,847.09,28882.39,28.3,2,10.8,12,0,7,"Service is acceptable for now, but support could be faster.",Neutral,0
1735,37,Other,Bengaluru,Standard,48,989.96,46283.7,46.1,0,15.1,0,1,7,"Service is acceptable for now, but support could be faster.",Neutral,0
1736,41,Male,Kolkata,Standard,12,855.33,9636.65,23.8,1,15.4,7,1,8,"Nothing special, but the service is usable.",Neutral,0
1737,35,Other,Pune,Basic,30,467.79,13083.53,14.3,3,17.3,5,0,9,Very happy with the service and fast support.,Positive,0
1738,40,Male,Chennai,Premium,11,1400.76,15647.14,37.1,0,10.8,0,1,3,Bad experience with billing and customer support.,Negative,0
1739,24,Female,Mumbai,Premium,14,1439.45,20173.81,49.6,1,19.6,6,0,6,Bad experience with billing and customer support.,Negative,0
1740,41,Male,Ahmedabad,Basic,21,519.55,9960.38,11.8,5,16.6,11,1,5,Too many issues and the response from support is slow.,Negative,1
1741,29,Male,Chennai,Basic,10,608.36,5920.66,16.4,4,18.8,6,0,7,The service is okay but there is room for improvement.,Neutral,1
1742,37,Other,Jaipur,Standard,32,847.51,23752.21,42,0,8.7,0,0,8,Good value for money and quick customer support.,Positive,0
1743,31,Male,Kolkata,Basic,27,530.49,13542.32,9.7,0,12.3,0,0,8,"Excellent experience, no major issues and easy to use.",Positive,0
1744,35,Other,Kochi,Basic,21,429.31,9338.74,19.9,2,8.5,13,0,5,Not satisfied. The app is difficult to use and often fails.,Negative,1
1745,18,Other,Bengaluru,Basic,22,486.01,10769.73,29,2,6.5,6,1,7,It is a normal experience with occasional issues.,Neutral,0
1746,30,Male,Hyderabad,Basic,16,498.91,7263.11,8.9,2,7.7,1,1,6,I may leave because the service quality has become poor.,Negative,0
1747,32,Other,Hyderabad,Standard,32,873.69,27249.79,27.9,0,12.6,0,0,8,I love the service. Everything has been reliable so far.,Positive,0
1748,38,Male,Pune,Standard,43,858.04,38226.02,35.9,1,10.6,7,1,4,Poor experience. Support did not solve my issue.,Negative,0
1749,21,Other,Jaipur,Premium,17,1468.58,24744.11,55.9,2,10,8,0,6,I may leave because the service quality has become poor.,Negative,0
1750,25,Female,Mumbai,Basic,31,496.8,14400.16,17.1,2,10.4,8,0,3,I may leave because the service quality has become poor.,Negative,1
1751,24,Male,Kolkata,Standard,49,896.97,44280.34,27.3,1,20.7,0,0,6,The service is fine and meets most of my needs.,Neutral,0
1752,19,Female,Jaipur,Premium,10,1400.96,13188.75,63,1,12.9,0,1,9,Reliable service and simple to use. I would recommend it.,Positive,0
1753,40,Other,Bengaluru,Standard,4,970.36,3842.02,28.7,1,13.5,1,1,8,"Nothing special, but the service is usable.",Neutral,0
1754,18,Female,Delhi,Standard,12,830.51,9143.27,26.4,2,12.1,0,1,7,It is a normal experience with occasional issues.,Neutral,0
1755,31,Other,Chennai,Standard,28,844.54,24566.44,20.6,4,25.9,2,0,4,Bad experience with billing and customer support.,Negative,1
1756,27,Female,Kolkata,Premium,43,1438.02,59735.17,42,0,5.4,5,0,4,The service is unreliable and I keep facing problems.,Negative,0
1757,43,Female,Bengaluru,Basic,5,518.3,2508.01,12.7,1,4.4,4,0,6,"Service is acceptable for now, but support could be faster.",Neutral,0
1758,40,Other,Kochi,Basic,13,612.03,7802.48,17.9,1,8.9,2,0,4,I am unhappy with the price and frequent service problems.,Negative,1
1759,31,Female,Kolkata,Premium,21,1532.36,28781.9,57.1,0,12.2,0,0,4,Not satisfied. The app is difficult to use and often fails.,Negative,0
1760,25,Male,Hyderabad,Standard,14,1000.9,11995.95,25,0,4.7,10,1,5,Bad experience with billing and customer support.,Negative,0
1761,44,Female,Chennai,Basic,8,358.3,2683.05,30.7,4,20.4,11,0,6,I may leave because the service quality has become poor.,Negative,1
1762,31,Male,Hyderabad,Standard,21,812.77,15964.61,19.2,3,9.2,8,1,6,Bad experience with billing and customer support.,Negative,1
1763,30,Female,Kolkata,Premium,22,1471.5,28374.05,48.7,1,3.2,1,1,7,Very happy with the service and fast support.,Positive,0
1764,25,Male,Pune,Basic,29,598.16,17663.34,18,1,10.7,4,0,7,"Service is acceptable for now, but support could be faster.",Neutral,0
1765,26,Other,Ahmedabad,Standard,14,964.22,12575.93,36.6,1,11.9,2,0,6,The service is okay but there is room for improvement.,Neutral,0
1766,36,Other,Mumbai,Standard,62,895.44,53601.54,22.8,1,2.6,4,1,10,I love the service. Everything has been reliable so far.,Positive,0
1767,37,Female,Pune,Premium,2,1451.33,2768.75,56.2,1,11.8,3,0,4,Very disappointed with the service and slow support.,Negative,1
1768,51,Other,Hyderabad,Basic,6,386.72,2223.1,9.8,2,8.8,6,0,4,Bad experience with billing and customer support.,Negative,0
1769,43,Male,Hyderabad,Standard,12,855.97,9831.01,44.7,1,4.5,0,0,7,"Nothing special, but the service is usable.",Neutral,0
1770,24,Female,Chennai,Standard,17,904.78,14149.33,14.5,1,9.5,0,0,7,Average experience. Some things work well and some do not.,Neutral,0
1771,43,Other,Bengaluru,Premium,8,1430.76,9989.93,39.9,1,8.3,4,0,7,Reliable service and simple to use. I would recommend it.,Positive,0
1772,20,Other,Bengaluru,Premium,15,1436.08,21469.71,47.8,2,11.3,8,0,3,Bad experience with billing and customer support.,Negative,0
1773,19,Other,Pune,Standard,22,827.3,15568.45,28.6,3,19.1,4,0,5,Very disappointed with the service and slow support.,Negative,0
1774,48,Female,Mumbai,Premium,45,1467.7,56991.29,63.5,2,21.4,7,1,6,I am unhappy with the price and frequent service problems.,Negative,0
1775,38,Male,Hyderabad,Basic,20,437.84,7977.72,14.2,3,17.2,2,0,8,The service is okay but there is room for improvement.,Neutral,0
1776,34,Female,Mumbai,Standard,15,914.58,12219.31,38.6,1,14.1,2,0,7,Good value for money and quick customer support.,Positive,0
1777,28,Male,Chennai,Standard,11,1015.4,10509.15,44.3,2,15,15,0,5,Bad experience with billing and customer support.,Negative,1
1778,25,Other,Hyderabad,Premium,11,1404.18,15258.69,37.6,5,22.8,9,1,4,I am unhappy with the price and frequent service problems.,Negative,1
1779,23,Other,Mumbai,Premium,11,1463.32,14629.69,45.5,0,10.9,2,1,10,Support solved my issue quickly. Very good experience.,Positive,0
1780,18,Male,Mumbai,Basic,11,530.7,5137.17,22.2,1,6.5,7,1,4,Not satisfied. The app is difficult to use and often fails.,Negative,0
1781,45,Male,Bengaluru,Standard,22,867.84,17209.76,10.8,2,5.1,10,1,5,Very disappointed with the service and slow support.,Negative,0
1782,35,Female,Mumbai,Standard,31,892.35,28120.76,22.5,3,21.8,12,0,5,Too many issues and the response from support is slow.,Negative,0
1783,49,Other,Jaipur,Standard,17,919.39,14553.47,20.5,1,12.4,1,0,5,I am unhappy with the price and frequent service problems.,Negative,1
1784,30,Female,Pune,Standard,6,1022.2,5292.91,32.7,3,26.6,4,1,5,The service is unreliable and I keep facing problems.,Negative,0
1785,29,Other,Kochi,Standard,10,812.52,7543.94,28.5,2,12.9,6,0,5,Too many issues and the response from support is slow.,Negative,0
1786,38,Male,Jaipur,Basic,6,502.9,2667.15,8.5,1,11.9,3,1,7,"Nothing special, but the service is usable.",Neutral,0
1787,33,Other,Chennai,Basic,40,489.21,19252.48,22.9,1,12,0,1,7,"Nothing special, but the service is usable.",Neutral,0
1788,25,Female,Hyderabad,Basic,27,401.23,11328.85,20,0,0.5,3,1,6,Support solved my issue quickly. Very good experience.,Positive,0
1789,34,Other,Mumbai,Standard,11,897.47,9549.6,51.4,1,9.8,2,0,6,Average experience. Some things work well and some do not.,Neutral,0
1790,38,Male,Jaipur,Standard,24,876.86,20633.02,29.1,2,26.6,4,0,5,Too many issues and the response from support is slow.,Negative,0
1791,50,Male,Kolkata,Standard,7,1000.83,6477.17,24.9,2,10.8,8,0,6,The service is okay but there is room for improvement.,Neutral,1
1792,37,Male,Delhi,Standard,15,821.79,11679.24,56.5,3,18.5,9,0,7,Poor experience. Support did not solve my issue.,Negative,1
1793,36,Female,Mumbai,Standard,13,937.58,11759.2,42.9,0,8.7,0,0,8,Reliable service and simple to use. I would recommend it.,Positive,0
1794,46,Other,Delhi,Basic,20,482.17,9221.47,21.6,0,11.5,0,1,9,Very happy with the service and fast support.,Positive,0
1795,31,Other,Kolkata,Standard,38,917.63,30575.6,24.2,2,7.6,12,1,5,Very disappointed with the service and slow support.,Negative,0
1796,28,Male,Delhi,Basic,39,513.6,19389.72,11,4,18.6,12,0,5,Very disappointed with the service and slow support.,Negative,1
1797,48,Other,Mumbai,Premium,30,1452.75,39737.59,54.7,1,16.5,4,0,6,The service is fine and meets most of my needs.,Neutral,0
1798,26,Female,Kochi,Basic,20,444.69,8737.42,28.3,3,4.5,9,1,9,Very happy with the service and fast support.,Positive,0
1799,47,Male,Ahmedabad,Basic,18,463.71,8752.46,9,1,15.7,0,0,6,The service is okay but there is room for improvement.,Neutral,0
1800,29,Other,Chennai,Premium,28,1514.05,37897.23,33.8,0,12.4,4,0,8,"Great experience, the app works smoothly and the team is helpful.",Positive,0
1801,46,Male,Jaipur,Standard,8,885.87,7096.76,21.8,2,23.1,4,0,4,I am unhappy with the price and frequent service problems.,Negative,0
1802,28,Other,Hyderabad,Standard,8,967.68,6877.95,37,1,12.5,0,1,8,"Excellent experience, no major issues and easy to use.",Positive,0
1803,21,Male,Mumbai,Basic,43,509.75,20619.78,8,3,9.3,9,0,1,I am unhappy with the price and frequent service problems.,Negative,0
1804,35,Female,Pune,Standard,17,827.99,12687.04,26.7,1,9,3,0,5,Too many issues and the response from support is slow.,Negative,0
1805,21,Female,Hyderabad,Premium,25,1543.2,37376.17,55.5,2,7.6,2,1,8,Support solved my issue quickly. Very good experience.,Positive,0
1806,46,Female,Chennai,Standard,9,980.35,8814.95,45.7,1,0.5,0,1,9,Support solved my issue quickly. Very good experience.,Positive,0
1807,45,Male,Ahmedabad,Basic,3,448.44,1315.66,22.4,0,11.8,3,1,6,Support solved my issue quickly. Very good experience.,Positive,0
1808,18,Male,Pune,Standard,10,929.16,8833.16,17.2,2,17.5,2,0,4,Poor experience. Support did not solve my issue.,Negative,0
1809,34,Female,Kolkata,Standard,39,960.14,33589.12,18.3,1,10.4,11,1,7,"Excellent experience, no major issues and easy to use.",Positive,0
1810,18,Female,Kochi,Standard,29,788.83,20914.14,24.3,3,9,3,0,5,Not satisfied. The app is difficult to use and often fails.,Negative,0
1811,29,Male,Ahmedabad,Basic,39,519.26,19012.03,27.3,1,15.5,9,0,9,Very happy with the service and fast support.,Positive,0
1812,47,Male,Kochi,Standard,11,929.73,9592.28,37.2,0,8.8,3,1,7,Reliable service and simple to use. I would recommend it.,Positive,0
1813,24,Female,Kolkata,Premium,48,1378.31,64773.87,51.8,1,1,7,1,7,It is a normal experience with occasional issues.,Neutral,0
1814,38,Female,Pune,Standard,29,871.26,24578.4,31.1,2,5.3,3,0,5,Bad experience with billing and customer support.,Negative,0
1815,42,Male,Hyderabad,Standard,57,955.47,51572.3,39.5,1,10.7,0,0,7,Good value for money and quick customer support.,Positive,0
1816,22,Female,Pune,Standard,19,970.33,17381.62,21.8,2,4.9,7,1,9,Reliable service and simple to use. I would recommend it.,Positive,0
1817,28,Other,Delhi,Standard,20,844.4,15533.4,27.8,0,14.8,6,1,8,Support solved my issue quickly. Very good experience.,Positive,0
1818,35,Other,Mumbai,Basic,19,544.64,8936.77,31,1,20.4,9,0,6,"Service is acceptable for now, but support could be faster.",Neutral,0
1819,31,Other,Bengaluru,Standard,18,933.09,17007.74,32.9,0,11.8,0,0,5,"Service is acceptable for now, but support could be faster.",Neutral,0
1820,31,Other,Ahmedabad,Premium,12,1635.76,18779.72,50.8,2,24.4,1,0,6,Too many issues and the response from support is slow.,Negative,1
1821,37,Male,Jaipur,Standard,12,956.05,10237.18,23.2,2,8.6,10,0,8,The service is okay but there is room for improvement.,Neutral,0
1822,38,Male,Hyderabad,Standard,53,801.49,38048.92,34.1,2,9.5,12,1,6,Bad experience with billing and customer support.,Negative,0
1823,43,Other,Jaipur,Premium,8,1461.25,10961.87,53.1,1,16.9,1,0,4,I am unhappy with the price and frequent service problems.,Negative,1
1824,31,Female,Chennai,Premium,2,1506,3139.52,55,3,11.8,5,1,9,"Excellent experience, no major issues and easy to use.",Positive,0
1825,44,Other,Kochi,Standard,20,868.36,15322.93,24.8,1,9.9,0,1,8,"Excellent experience, no major issues and easy to use.",Positive,0
1826,34,Other,Kolkata,Standard,27,1004.37,24949.52,31.4,4,25,10,0,4,The service is unreliable and I keep facing problems.,Negative,1
1827,30,Other,Jaipur,Standard,15,859.39,11509.27,28.4,2,17,4,1,5,Poor experience. Support did not solve my issue.,Negative,1
1828,37,Female,Mumbai,Premium,31,1464.56,42393.11,35.2,4,29,9,1,6,Too many issues and the response from support is slow.,Negative,0
1829,33,Male,Chennai,Premium,14,1544.58,21268.58,47.4,3,12.3,5,0,4,The service is unreliable and I keep facing problems.,Negative,1
1830,55,Male,Kolkata,Standard,5,866.56,3799.54,18.8,0,10.9,0,1,7,Support solved my issue quickly. Very good experience.,Positive,0
1831,33,Male,Chennai,Standard,9,831.7,7420.3,35.8,2,11,9,0,5,I am unhappy with the price and frequent service problems.,Negative,0
1832,29,Female,Chennai,Standard,25,907.14,22341.73,21.4,2,13.5,2,0,6,I may leave because the service quality has become poor.,Negative,1
1833,31,Other,Mumbai,Basic,17,375.23,5624.67,7.4,2,24.5,0,0,6,"Nothing special, but the service is usable.",Neutral,0
1834,29,Male,Mumbai,Basic,2,415.38,811.18,18,2,15.3,8,1,6,I may leave because the service quality has become poor.,Negative,0
1835,25,Other,Jaipur,Basic,28,454.69,11477.9,27.4,3,16.2,5,0,6,The service is unreliable and I keep facing problems.,Negative,0
1836,45,Female,Hyderabad,Standard,42,944.29,38894.26,27.8,0,12.1,0,1,7,"Great experience, the app works smoothly and the team is helpful.",Positive,0
1837,35,Female,Bengaluru,Standard,12,832.62,9214.39,49.8,0,5.3,3,1,5,I may leave because the service quality has become poor.,Negative,0
1838,40,Other,Hyderabad,Basic,3,567.9,1574.19,21.8,2,4.1,8,1,6,The service is okay but there is room for improvement.,Neutral,0
1839,34,Other,Jaipur,Standard,14,867.9,11197.2,35,3,20.9,7,0,9,"Great experience, the app works smoothly and the team is helpful.",Positive,0
1840,43,Male,Kochi,Standard,9,864.63,7792.37,20.4,4,23.2,14,1,8,The service is fine and meets most of my needs.,Neutral,0
1841,44,Other,Pune,Premium,48,1587.44,76115.35,56.1,0,6.7,2,1,6,"Service is acceptable for now, but support could be faster.",Neutral,0
1842,40,Other,Kolkata,Basic,6,392.64,2446.49,9.7,2,16,8,1,7,"Service is acceptable for now, but support could be faster.",Neutral,0
1843,18,Male,Delhi,Standard,17,951.23,15128.18,32.7,1,17,1,1,7,The service is fine and meets most of my needs.,Neutral,0
1844,37,Male,Delhi,Premium,1,1539.76,1481.56,48.1,2,12.2,0,0,6,The service is okay but there is room for improvement.,Neutral,0
1845,41,Female,Kolkata,Standard,12,984.25,10470.38,19.3,2,19.3,5,0,6,Very disappointed with the service and slow support.,Negative,1
1846,26,Other,Hyderabad,Premium,22,1429.54,32635.29,32.6,1,17.8,6,1,8,Good value for money and quick customer support.,Positive,0
1847,33,Female,Ahmedabad,Standard,15,832.07,10890.08,23.2,2,15.7,7,1,9,Support solved my issue quickly. Very good experience.,Positive,0
1848,25,Other,Mumbai,Basic,14,437.14,6089.28,22.4,0,9.6,0,1,8,Very happy with the service and fast support.,Positive,0
1849,25,Other,Delhi,Premium,29,1634,47185.37,53.1,0,11.5,6,1,9,Reliable service and simple to use. I would recommend it.,Positive,0
1850,24,Male,Jaipur,Standard,12,832.24,9457.58,19.4,1,10.1,4,0,9,Really satisfied with the service and performance.,Positive,0
1851,44,Female,Ahmedabad,Premium,17,1583.96,27478.04,53.4,0,17.6,3,0,4,Bad experience with billing and customer support.,Negative,0
1852,50,Female,Jaipur,Basic,31,439.21,13644.08,24.9,6,27,5,0,6,Very disappointed with the service and slow support.,Negative,1
1853,33,Male,Ahmedabad,Standard,49,961.83,47765.39,30,1,6.1,1,1,5,I may leave because the service quality has become poor.,Negative,0
1854,25,Male,Ahmedabad,Premium,21,1589.87,29195.83,46.2,3,10.2,10,1,4,I am unhappy with the price and frequent service problems.,Negative,1
1855,51,Male,Mumbai,Basic,34,522.29,15472.88,19.2,1,13.2,3,0,8,The service is okay but there is room for improvement.,Neutral,0
1856,30,Female,Bengaluru,Basic,28,526.55,12957.61,17,0,7.4,6,1,6,It is a normal experience with occasional issues.,Neutral,0
1857,30,Female,Mumbai,Standard,12,855.71,10172.07,29.9,4,18.7,14,1,9,"Nothing special, but the service is usable.",Neutral,0
1858,23,Male,Chennai,Premium,10,1542.08,15575.42,26.7,2,23,11,1,5,The service is unreliable and I keep facing problems.,Negative,1
1859,44,Other,Delhi,Premium,27,1535.32,42770.37,48.3,0,7.6,0,0,5,"Nothing special, but the service is usable.",Neutral,0
1860,29,Female,Kolkata,Premium,26,1546.21,41276.33,47.9,1,9.1,3,1,6,"Nothing special, but the service is usable.",Neutral,0
1861,47,Other,Kochi,Premium,7,1560.81,11300.04,53.5,1,12.8,0,1,9,Good value for money and quick customer support.,Positive,0
1862,29,Male,Pune,Basic,28,501.34,12148.12,3.8,2,16,0,0,8,"Great experience, the app works smoothly and the team is helpful.",Positive,0
1863,34,Male,Delhi,Standard,30,915.61,26756.12,38.9,2,19.8,6,0,7,"Nothing special, but the service is usable.",Neutral,0
1864,21,Male,Jaipur,Standard,45,964.47,45034.63,31.6,3,12.8,8,1,7,It is a normal experience with occasional issues.,Neutral,0
1865,38,Other,Bengaluru,Basic,63,511.71,33813.59,7.5,0,11.2,3,0,7,It is a normal experience with occasional issues.,Neutral,0
1866,26,Female,Delhi,Standard,14,845.96,12088.76,34.8,2,19,7,0,7,Good value for money and quick customer support.,Positive,0
1867,23,Male,Kolkata,Basic,14,597.64,8575.25,22.6,2,13.7,7,1,8,Really satisfied with the service and performance.,Positive,0
1868,49,Male,Pune,Premium,25,1485.22,36130.22,41.4,2,19.8,1,1,4,I may leave because the service quality has become poor.,Negative,0
1869,34,Male,Jaipur,Basic,8,570.79,4704.69,2.8,4,17.2,14,0,5,Not satisfied. The app is difficult to use and often fails.,Negative,1
1870,44,Female,Kochi,Premium,30,1477.9,45315.24,48,0,14.4,0,0,4,Too many issues and the response from support is slow.,Negative,0
1871,46,Other,Jaipur,Standard,8,794.03,6289.32,17.6,2,9.3,1,0,3,I may leave because the service quality has become poor.,Negative,1
1872,37,Female,Kolkata,Basic,16,384.56,5792.51,3.9,1,15.8,1,1,8,I love the service. Everything has been reliable so far.,Positive,0
1873,31,Other,Mumbai,Premium,16,1450.16,20770.15,47.9,0,6.2,0,0,5,"Nothing special, but the service is usable.",Neutral,0
1874,32,Other,Bengaluru,Premium,13,1439.25,16861.38,63.2,1,8.4,0,0,6,It is a normal experience with occasional issues.,Neutral,0
1875,27,Other,Kolkata,Basic,23,558.71,11361.66,38.7,4,19,7,0,4,Very disappointed with the service and slow support.,Negative,1
1876,28,Other,Kolkata,Basic,34,372.81,13060.66,41.4,1,8.3,6,1,8,"Service is acceptable for now, but support could be faster.",Neutral,0
1877,44,Female,Kolkata,Basic,27,477.64,12684.14,30.2,1,8,0,1,6,"Service is acceptable for now, but support could be faster.",Neutral,0
1878,22,Other,Mumbai,Standard,37,913.02,29900.81,21.6,1,17.3,0,1,7,"Great experience, the app works smoothly and the team is helpful.",Positive,0
1879,32,Male,Delhi,Standard,29,936.01,25239.87,30.7,2,18,4,0,6,"Nothing special, but the service is usable.",Neutral,0
1880,44,Female,Ahmedabad,Standard,21,896.05,18588.89,39.4,0,4.4,0,0,7,Reliable service and simple to use. I would recommend it.,Positive,0
1881,33,Other,Ahmedabad,Basic,19,500.9,8897.34,16,1,15.8,1,0,6,Average experience. Some things work well and some do not.,Neutral,0
1882,22,Male,Mumbai,Standard,5,820.73,3986.85,39.9,1,17.1,2,0,5,Not satisfied. The app is difficult to use and often fails.,Negative,0
1883,33,Other,Jaipur,Basic,10,605.18,6311.46,16.2,1,4.6,1,0,5,It is a normal experience with occasional issues.,Neutral,0
1884,48,Female,Chennai,Premium,28,1616.12,41099.65,39.7,1,7.9,9,0,7,"Service is acceptable for now, but support could be faster.",Neutral,0
1885,18,Female,Chennai,Premium,5,1488.96,6462.78,63.7,0,6.4,6,0,7,The service is fine and meets most of my needs.,Neutral,0
1886,35,Other,Delhi,Standard,18,840.14,14614.55,31.3,1,17.9,0,0,7,"Nothing special, but the service is usable.",Neutral,0
1887,37,Other,Kolkata,Basic,19,555.59,10436.73,23.8,0,16.6,3,0,5,Average experience. Some things work well and some do not.,Neutral,1
1888,30,Female,Ahmedabad,Basic,11,473.8,5393.47,8.2,3,12.9,0,0,7,"Nothing special, but the service is usable.",Neutral,0
1889,35,Other,Kolkata,Standard,1,939.6,972.37,46.8,1,15.9,7,0,7,It is a normal experience with occasional issues.,Neutral,0
1890,37,Other,Kolkata,Basic,30,488.22,13863.21,16.7,0,6,5,1,7,Really satisfied with the service and performance.,Positive,0
1891,28,Male,Hyderabad,Basic,21,474.95,8627.09,14,1,9.6,0,0,8,Reliable service and simple to use. I would recommend it.,Positive,0
1892,39,Other,Kochi,Basic,27,468.04,13035.43,22.5,1,11.2,5,1,7,"Excellent experience, no major issues and easy to use.",Positive,0
1893,33,Other,Hyderabad,Standard,29,889.75,23446.14,35.4,2,13.2,5,0,4,Bad experience with billing and customer support.,Negative,1
1894,30,Female,Kolkata,Basic,24,498.61,10541.96,32.6,1,10.8,3,0,7,The service is okay but there is room for improvement.,Neutral,0
1895,36,Female,Hyderabad,Standard,22,743.51,14217.26,31.4,1,14.6,0,0,4,It is a normal experience with occasional issues.,Neutral,0
1896,21,Other,Bengaluru,Standard,44,985.12,41364.55,25.5,2,18.2,6,1,8,"Great experience, the app works smoothly and the team is helpful.",Positive,0
1897,35,Other,Jaipur,Standard,22,960.46,21446.99,30.5,2,18.7,6,0,7,Average experience. Some things work well and some do not.,Neutral,0
1898,46,Other,Hyderabad,Basic,4,479.69,1964.52,13.4,2,3.8,4,0,6,The service is okay but there is room for improvement.,Neutral,1
1899,36,Other,Ahmedabad,Premium,46,1717.14,80853.97,53.5,0,3.9,5,0,6,The service is okay but there is room for improvement.,Neutral,0
1900,31,Male,Jaipur,Basic,26,485.55,12179.77,40.5,0,13.3,9,0,7,"Great experience, the app works smoothly and the team is helpful.",Positive,0
1901,39,Other,Pune,Premium,18,1638.4,28047.5,41.1,1,7.2,0,0,7,The service is okay but there is room for improvement.,Neutral,0
1902,26,Male,Kochi,Basic,15,519.43,7009.36,17.4,2,6,8,0,8,Support solved my issue quickly. Very good experience.,Positive,0
1903,33,Other,Bengaluru,Basic,36,405.35,12921.38,1.5,4,16.3,12,0,7,Too many issues and the response from support is slow.,Negative,1
1904,43,Other,Kochi,Standard,12,801.49,8765.06,25.6,2,12,5,1,4,Not satisfied. The app is difficult to use and often fails.,Negative,0
1905,35,Other,Delhi,Standard,23,929.86,20075.72,29.5,2,9.3,0,0,4,The service is unreliable and I keep facing problems.,Negative,0
1906,29,Other,Bengaluru,Basic,16,658.01,10396.22,1.5,4,13.3,2,0,9,I love the service. Everything has been reliable so far.,Positive,0
1907,44,Female,Mumbai,Premium,27,1516.75,34947.64,47.9,1,9.4,5,0,5,The service is fine and meets most of my needs.,Neutral,0
1908,26,Female,Pune,Basic,15,551.88,7247.16,25.4,5,15.4,12,1,5,The service is unreliable and I keep facing problems.,Negative,1
1909,25,Other,Pune,Basic,11,548.74,5140.04,21,5,23.3,10,0,5,Bad experience with billing and customer support.,Negative,1
1910,27,Female,Hyderabad,Premium,11,1381.14,15610.14,54.1,0,15.7,4,1,8,I love the service. Everything has been reliable so far.,Positive,0
1911,36,Other,Mumbai,Basic,10,533.17,4583.08,18.9,2,15,3,1,8,"Nothing special, but the service is usable.",Neutral,0
1912,45,Other,Mumbai,Standard,26,823.13,22392.03,25.4,3,24.5,11,0,5,Bad experience with billing and customer support.,Negative,1
1913,25,Male,Delhi,Premium,7,1504.95,9430.47,49.6,1,12,0,1,8,Support solved my issue quickly. Very good experience.,Positive,0
1914,40,Male,Jaipur,Basic,16,417.86,5778.73,6.2,1,5.6,3,1,9,"Great experience, the app works smoothly and the team is helpful.",Positive,0
1915,33,Other,Hyderabad,Standard,37,967.61,32872.75,43.8,0,8.2,8,1,10,"Great experience, the app works smoothly and the team is helpful.",Positive,0
1916,18,Female,Hyderabad,Standard,9,861.79,7283.99,36.2,0,14.8,0,1,5,"Service is acceptable for now, but support could be faster.",Neutral,0
1917,34,Male,Mumbai,Basic,12,544.92,6205.38,18.6,1,11.6,0,0,7,Support solved my issue quickly. Very good experience.,Positive,0
1918,25,Male,Kolkata,Premium,6,1533.66,8212.26,41.9,1,14.8,3,0,9,I love the service. Everything has been reliable so far.,Positive,0
1919,41,Other,Pune,Standard,22,870.06,19170.03,43.2,2,13.7,7,1,7,The service is okay but there is room for improvement.,Neutral,1
1920,49,Other,Delhi,Standard,18,879.83,16505.15,20.4,1,18.7,2,1,6,Too many issues and the response from support is slow.,Negative,1
1921,47,Other,Hyderabad,Premium,25,1568.37,36560.21,57.4,0,17.4,2,0,7,Really satisfied with the service and performance.,Positive,0
1922,33,Female,Chennai,Basic,29,571.16,16003.28,23.6,2,17.9,2,1,7,Reliable service and simple to use. I would recommend it.,Positive,0
1923,31,Other,Chennai,Basic,17,457.99,8145.93,16.2,4,16.8,9,0,6,Poor experience. Support did not solve my issue.,Negative,0
1924,20,Male,Kolkata,Standard,33,923.75,29593.26,19.1,0,9.3,2,1,10,Very happy with the service and fast support.,Positive,0
1925,32,Other,Delhi,Standard,33,838.88,27110.51,35,4,16.8,6,0,7,"Nothing special, but the service is usable.",Neutral,0
1926,30,Other,Kolkata,Standard,6,765.07,4015.64,45.7,1,10,0,0,7,It is a normal experience with occasional issues.,Neutral,0
1927,38,Female,Ahmedabad,Standard,31,882.52,24602.5,29.4,1,15.5,0,1,7,It is a normal experience with occasional issues.,Neutral,0
1928,34,Other,Mumbai,Basic,22,585.69,11000.12,12.3,0,9.5,4,0,7,"Excellent experience, no major issues and easy to use.",Positive,0
1929,24,Female,Delhi,Premium,5,1616.48,8450.39,49.6,0,10.9,0,0,5,The service is okay but there is room for improvement.,Neutral,0
1930,35,Other,Mumbai,Premium,7,1520.96,9575.08,47.6,0,3.9,4,0,9,Very happy with the service and fast support.,Positive,0
1931,21,Male,Pune,Standard,23,942.9,20593.68,37.4,1,4.5,4,1,7,The service is okay but there is room for improvement.,Neutral,0
1932,45,Female,Kochi,Premium,30,1543.73,48118.44,33,0,10.5,7,0,7,It is a normal experience with occasional issues.,Neutral,0
1933,29,Female,Kochi,Standard,3,960.1,2546.71,32.2,3,9,4,0,5,Bad experience with billing and customer support.,Negative,0
1934,20,Male,Jaipur,Basic,8,419.52,3013.67,19.4,3,12.6,8,0,6,Bad experience with billing and customer support.,Negative,1
1935,34,Other,Kochi,Standard,38,935.33,30400.32,35.1,0,7.9,8,0,8,Very happy with the service and fast support.,Positive,0
1936,40,Other,Ahmedabad,Premium,18,1552.38,25022.41,63.6,2,16.4,1,0,7,I love the service. Everything has been reliable so far.,Positive,0
1937,24,Male,Delhi,Premium,25,1328.95,32585.03,46.4,0,10.1,4,1,8,Very happy with the service and fast support.,Positive,0
1938,43,Female,Ahmedabad,Standard,13,855.31,10731.22,16.4,1,9.8,4,1,7,"Great experience, the app works smoothly and the team is helpful.",Positive,0
1939,28,Female,Mumbai,Premium,6,1640.71,8499.35,23.1,0,14,11,0,6,"Service is acceptable for now, but support could be faster.",Neutral,1
1940,23,Female,Ahmedabad,Basic,34,514.03,17534.28,7.5,3,16.3,0,0,6,Very disappointed with the service and slow support.,Negative,0
1941,34,Other,Jaipur,Standard,25,905.83,22331.56,23,3,22.2,9,1,5,Very disappointed with the service and slow support.,Negative,0
1942,30,Female,Jaipur,Premium,34,1453.13,42584.12,54.4,1,17.4,9,0,7,Really satisfied with the service and performance.,Positive,0
1943,20,Male,Jaipur,Standard,9,1012.6,9512.88,39,5,24.7,12,1,4,Not satisfied. The app is difficult to use and often fails.,Negative,1
1944,32,Male,Bengaluru,Basic,3,478.18,1244.79,23.6,2,19.2,7,0,7,It is a normal experience with occasional issues.,Neutral,1
1945,18,Female,Bengaluru,Basic,18,489.58,8732.17,1,1,18.7,8,1,7,Average experience. Some things work well and some do not.,Neutral,0
1946,28,Male,Kochi,Standard,27,875.42,23800.59,28.1,2,16.3,1,0,5,It is a normal experience with occasional issues.,Neutral,0
1947,43,Male,Ahmedabad,Basic,31,479.69,13221.58,16.2,1,9.5,0,1,8,Good value for money and quick customer support.,Positive,0
1948,35,Female,Kolkata,Standard,20,953.06,17146.26,38.8,3,22.4,7,1,7,Bad experience with billing and customer support.,Negative,0
1949,27,Male,Kochi,Premium,8,1486.32,12253.05,37.4,0,16.5,0,0,7,Reliable service and simple to use. I would recommend it.,Positive,0
1950,32,Other,Ahmedabad,Basic,29,378.19,9754.82,1,3,10.7,9,1,6,Bad experience with billing and customer support.,Negative,0
1951,57,Male,Delhi,Premium,38,1531.49,53963.01,46.4,0,15.3,0,0,7,The service is okay but there is room for improvement.,Neutral,0
1952,51,Male,Pune,Basic,5,471.7,2260.25,29.1,2,15.3,0,1,5,Bad experience with billing and customer support.,Negative,0
1953,32,Other,Delhi,Premium,48,1424.66,68987.79,50.2,1,7.4,0,0,4,I am unhappy with the price and frequent service problems.,Negative,0
1954,46,Female,Pune,Basic,6,576.36,3348.81,12.3,5,26.1,10,1,6,I may leave because the service quality has become poor.,Negative,0
1955,34,Other,Chennai,Basic,17,501.95,7750.98,32,4,24,14,1,6,Bad experience with billing and customer support.,Negative,0
1956,38,Male,Hyderabad,Premium,17,1463.45,21273.21,61.6,3,20.4,7,0,6,Poor experience. Support did not solve my issue.,Negative,0
1957,36,Male,Delhi,Standard,11,775.61,8760.72,30.6,1,17.2,11,0,7,The service is okay but there is room for improvement.,Neutral,0
1958,38,Other,Delhi,Standard,32,909.22,27609.4,8.5,3,12.1,5,0,5,Bad experience with billing and customer support.,Negative,0
1959,26,Female,Pune,Basic,27,494.88,13495.1,15.2,5,26,11,0,7,Bad experience with billing and customer support.,Negative,0
1960,39,Male,Jaipur,Basic,14,505.91,6973.35,24,2,14.4,0,0,4,I am unhappy with the price and frequent service problems.,Negative,1
1961,32,Female,Hyderabad,Premium,12,1419.22,14958.97,39.5,1,16.2,2,0,7,"Nothing special, but the service is usable.",Neutral,0
1962,37,Female,Mumbai,Standard,16,959.72,14082.93,48.1,0,9.1,4,0,6,"Nothing special, but the service is usable.",Neutral,0
1963,20,Other,Kochi,Standard,35,933.04,31270.57,21.9,1,8.6,1,0,5,The service is fine and meets most of my needs.,Neutral,1
1964,32,Other,Chennai,Basic,21,586.28,11755.52,28.7,4,16,7,0,2,Bad experience with billing and customer support.,Negative,1
1965,42,Male,Pune,Premium,13,1443.89,19196.07,55.4,3,14.7,11,0,6,Bad experience with billing and customer support.,Negative,0
1966,31,Male,Jaipur,Basic,10,586.72,6043.39,22.9,2,24.2,0,0,8,Support solved my issue quickly. Very good experience.,Positive,0
1967,41,Female,Kochi,Basic,38,488.59,17976.04,16.5,1,13.2,7,0,5,I am unhappy with the price and frequent service problems.,Negative,1
1968,41,Female,Kolkata,Standard,26,926.91,20743.37,27.1,1,16.1,3,1,8,Very happy with the service and fast support.,Positive,0
1969,25,Female,Hyderabad,Basic,26,471.37,11152.78,9.4,4,23.5,12,1,5,Not satisfied. The app is difficult to use and often fails.,Negative,0
1970,35,Other,Kolkata,Basic,17,569.2,8426.93,10.7,4,18.6,1,0,5,Poor experience. Support did not solve my issue.,Negative,1
1971,43,Male,Bengaluru,Basic,18,546.26,9752.66,7.9,3,16.9,6,1,6,I am unhappy with the price and frequent service problems.,Negative,0
1972,24,Female,Ahmedabad,Basic,16,475.35,7736.86,31.3,0,8.4,1,0,6,It is a normal experience with occasional issues.,Neutral,0
1973,36,Male,Pune,Premium,10,1459.92,13864.92,34.1,2,20.5,4,1,8,Really satisfied with the service and performance.,Positive,0
1974,28,Female,Hyderabad,Basic,31,450.86,12982.27,12.8,1,12,1,0,6,Poor experience. Support did not solve my issue.,Negative,1
1975,49,Female,Delhi,Standard,26,827.83,19059.45,29,3,11.7,10,1,7,"Nothing special, but the service is usable.",Neutral,0
1976,27,Other,Kochi,Standard,42,918.99,39155.43,30.1,5,24.6,2,0,5,Too many issues and the response from support is slow.,Negative,1
1977,45,Male,Jaipur,Standard,8,934.92,7121.81,31.3,5,11.7,10,0,6,Poor experience. Support did not solve my issue.,Negative,1
1978,36,Other,Jaipur,Basic,15,491.02,6862.78,6.4,1,11.4,5,0,5,Average experience. Some things work well and some do not.,Neutral,0
1979,42,Other,Ahmedabad,Premium,4,1617.42,6412.09,36,1,11.6,3,0,10,Really satisfied with the service and performance.,Positive,0
1980,28,Female,Ahmedabad,Premium,23,1376.79,28470.34,55.4,0,12.7,0,0,9,I love the service. Everything has been reliable so far.,Positive,0
1981,22,Male,Chennai,Basic,14,363.6,4991.18,23.9,4,19.3,5,1,7,Not satisfied. The app is difficult to use and often fails.,Negative,1
1982,30,Female,Ahmedabad,Standard,4,866.89,3265.54,25.6,3,19,6,0,6,Bad experience with billing and customer support.,Negative,0
1983,39,Male,Ahmedabad,Standard,30,994,30685.23,28.1,1,17.2,4,0,8,I love the service. Everything has been reliable so far.,Positive,0
1984,36,Other,Pune,Standard,22,922.56,18902.81,16.5,2,19.3,2,0,4,Too many issues and the response from support is slow.,Negative,1
1985,23,Male,Jaipur,Basic,39,395.71,14981.22,14.7,0,2.8,1,0,4,Bad experience with billing and customer support.,Negative,0
1986,52,Female,Kochi,Premium,27,1422.82,38079.33,43.9,0,18.5,0,0,6,Average experience. Some things work well and some do not.,Neutral,0
1987,31,Female,Kochi,Standard,27,875.55,20174.68,18.9,4,26.9,8,1,5,Bad experience with billing and customer support.,Negative,1
1988,30,Other,Pune,Basic,10,410.97,4277.51,15.1,5,20,14,0,5,Poor experience. Support did not solve my issue.,Negative,1
1989,24,Other,Mumbai,Standard,26,859.44,22757.75,44.9,0,2.9,0,0,5,The service is fine and meets most of my needs.,Neutral,0
1990,19,Female,Kochi,Standard,10,895.36,9380.2,22.5,2,12.2,6,1,7,"Service is acceptable for now, but support could be faster.",Neutral,1
1991,18,Male,Pune,Standard,11,949.29,9512.31,28.9,0,6.3,5,0,5,Poor experience. Support did not solve my issue.,Negative,1
1992,30,Male,Bengaluru,Standard,12,927.03,11572.7,26,2,15.3,0,1,4,Very disappointed with the service and slow support.,Negative,0
1993,25,Other,Chennai,Premium,17,1415.33,24369.25,43.4,2,12.7,9,1,5,Poor experience. Support did not solve my issue.,Negative,1
1994,40,Female,Bengaluru,Standard,9,956.05,7610.67,28.3,4,19.7,3,0,6,I am unhappy with the price and frequent service problems.,Negative,0
1995,28,Other,Hyderabad,Basic,22,478.18,11022.29,38.8,3,18.9,6,1,6,Not satisfied. The app is difficult to use and often fails.,Negative,1
1996,36,Female,Hyderabad,Premium,47,1469,63726.87,43.7,3,15.8,10,1,3,Poor experience. Support did not solve my issue.,Negative,0
1997,27,Female,Jaipur,Basic,60,552.11,34585.78,1,2,16.6,2,0,6,Very disappointed with the service and slow support.,Negative,0
1998,28,Female,Mumbai,Standard,9,991.05,8744.66,23.3,3,25.9,7,1,5,Poor experience. Support did not solve my issue.,Negative,0
1999,47,Female,Bengaluru,Standard,18,923.31,14521.48,37.6,1,15.6,4,0,6,Bad experience with billing and customer support.,Negative,0
2000,29,Other,Pune,Premium,21,1548.06,30557.87,40,1,15.9,2,0,5,I may leave because the service quality has become poor.,Negative,0
2001,37,Male,Delhi,Basic,4,437.56,1521.32,17.6,4,16,9,1,6,Poor experience. Support did not solve my issue.,Negative,0
2002,36,Female,Mumbai,Standard,28,823.45,20233.57,17.3,1,3.9,11,1,10,Really satisfied with the service and performance.,Positive,0
2003,36,Male,Ahmedabad,Basic,26,548.24,14657.93,19.1,1,11.7,6,0,4,I may leave because the service quality has become poor.,Negative,0
2004,30,Male,Chennai,Basic,17,477.4,7785.98,15.2,1,6.3,2,1,6,"Nothing special, but the service is usable.",Neutral,0
2005,34,Male,Pune,Basic,21,515.43,9811.04,13.8,1,19,6,0,7,Average experience. Some things work well and some do not.,Neutral,0
2006,18,Female,Jaipur,Basic,30,612.77,18797.43,40.6,1,9.1,7,0,6,The service is unreliable and I keep facing problems.,Negative,0
2007,38,Female,Mumbai,Standard,27,889.64,22685.71,48.2,5,20.6,5,1,4,The service is unreliable and I keep facing problems.,Negative,1
2008,43,Other,Kochi,Basic,22,571.83,11771.83,23.4,4,22.2,14,0,3,The service is unreliable and I keep facing problems.,Negative,1
2009,38,Female,Kolkata,Basic,26,582.04,14233.56,1,3,23.5,9,0,7,Very disappointed with the service and slow support.,Negative,0
2010,40,Male,Mumbai,Standard,13,928.46,10421.09,31.2,3,20.2,1,1,5,Poor experience. Support did not solve my issue.,Negative,0
2011,26,Other,Jaipur,Basic,46,613.09,24187.28,11.1,4,11.6,11,0,3,The service is unreliable and I keep facing problems.,Negative,1
2012,32,Other,Delhi,Premium,6,1592.6,9145.63,48.8,0,16.6,0,0,6,Average experience. Some things work well and some do not.,Neutral,0
2013,33,Male,Ahmedabad,Standard,4,980.34,3659.88,34.2,3,21.8,0,1,7,Average experience. Some things work well and some do not.,Neutral,0
2014,42,Female,Delhi,Standard,39,885.36,29748.26,30.4,1,21.3,7,0,5,Very disappointed with the service and slow support.,Negative,1
2015,22,Other,Pune,Standard,9,998.16,9104.92,44.6,0,9.6,0,0,3,Very disappointed with the service and slow support.,Negative,1
2016,19,Male,Hyderabad,Standard,4,873.58,3123.67,36.7,0,4.3,3,0,6,The service is fine and meets most of my needs.,Neutral,0
2017,30,Female,Chennai,Basic,16,589.04,9623.59,7.5,4,21.4,5,0,6,Very disappointed with the service and slow support.,Negative,0
2018,38,Male,Kolkata,Standard,18,904.22,14658.76,16.9,2,17.8,0,1,7,"Nothing special, but the service is usable.",Neutral,0
2019,43,Female,Mumbai,Premium,13,1452.33,17163.49,45.2,0,4.3,8,1,7,"Great experience, the app works smoothly and the team is helpful.",Positive,0
2020,44,Female,Chennai,Premium,25,1533.35,33309.93,38.4,1,10.9,6,0,4,The service is unreliable and I keep facing problems.,Negative,0
2021,19,Female,Delhi,Basic,44,562.44,21328.69,12.1,3,18.7,4,1,6,The service is unreliable and I keep facing problems.,Negative,1
2022,41,Female,Hyderabad,Premium,10,1658.48,16412.44,36,1,14.3,4,0,7,Average experience. Some things work well and some do not.,Neutral,1
2023,38,Female,Kochi,Basic,6,389.54,2083.68,19.6,2,21.3,0,0,6,Bad experience with billing and customer support.,Negative,0
2024,41,Male,Pune,Standard,36,933.42,29509.38,22.3,2,21.6,11,1,7,"Service is acceptable for now, but support could be faster.",Neutral,0
2025,33,Male,Pune,Premium,58,1501.49,82372.48,47.5,0,11.9,0,1,10,"Excellent experience, no major issues and easy to use.",Positive,0
2026,37,Other,Hyderabad,Standard,19,942.57,17670.07,52.1,0,4.5,0,0,7,I love the service. Everything has been reliable so far.,Positive,1
2027,31,Female,Chennai,Standard,20,1020.54,18496.51,21.9,2,18.1,2,1,6,The service is okay but there is room for improvement.,Neutral,0
2028,44,Male,Jaipur,Standard,41,842.23,35249.13,24.6,2,12,1,1,8,I love the service. Everything has been reliable so far.,Positive,0
2029,24,Male,Delhi,Premium,11,1511.66,14839.18,58,5,21.3,8,0,7,Bad experience with billing and customer support.,Negative,1
2030,38,Female,Delhi,Standard,37,822.13,30367.98,23.8,3,21.9,7,1,5,Bad experience with billing and customer support.,Negative,0
2031,24,Other,Delhi,Basic,17,545.8,9719.01,9.5,2,10.2,10,0,8,Support solved my issue quickly. Very good experience.,Positive,0
2032,35,Female,Kochi,Standard,19,786.15,14754.59,39.4,0,5,0,1,10,Good value for money and quick customer support.,Positive,0
2033,33,Female,Hyderabad,Standard,13,1032.85,11482,38.1,0,13,0,1,8,Good value for money and quick customer support.,Positive,0
2034,20,Other,Hyderabad,Basic,15,481.73,7287.26,18.4,5,21,10,0,3,I am unhappy with the price and frequent service problems.,Negative,1
2035,41,Male,Delhi,Standard,10,808.49,7878.61,41,3,17.6,11,0,8,The service is okay but there is room for improvement.,Neutral,0
2036,26,Male,Delhi,Standard,23,904.42,21491.29,24.6,0,4.9,6,0,6,"Service is acceptable for now, but support could be faster.",Neutral,0
2037,26,Female,Chennai,Premium,34,1460.57,49841.07,52,0,16.9,4,1,8,Good value for money and quick customer support.,Positive,0
2038,33,Male,Mumbai,Basic,17,433.2,6683.33,23.6,1,16.9,0,0,6,The service is unreliable and I keep facing problems.,Negative,0
2039,41,Other,Chennai,Standard,3,874.97,2496.67,33.5,0,19.3,2,0,9,Support solved my issue quickly. Very good experience.,Positive,0
2040,36,Female,Bengaluru,Standard,13,886.87,9946.78,30.6,2,13.7,6,0,5,I may leave because the service quality has become poor.,Negative,1
2041,41,Other,Chennai,Basic,20,611.42,11937.66,14.9,3,15.7,11,1,7,Poor experience. Support did not solve my issue.,Negative,1
2042,21,Male,Mumbai,Basic,27,551.96,12934.93,20.6,1,17.2,9,1,5,Poor experience. Support did not solve my issue.,Negative,0
2043,33,Male,Ahmedabad,Standard,45,1067.4,47512.45,25.5,1,13.5,0,1,7,It is a normal experience with occasional issues.,Neutral,0
2044,34,Female,Delhi,Standard,24,867.52,17997.32,23.3,4,17.2,4,0,4,Too many issues and the response from support is slow.,Negative,1
2045,38,Male,Chennai,Basic,18,397.68,6495.17,32.3,1,14.2,1,0,8,I love the service. Everything has been reliable so far.,Positive,0
2046,34,Other,Chennai,Basic,12,457.72,5247.67,17.6,2,8.7,5,1,6,I may leave because the service quality has become poor.,Negative,0
2047,47,Other,Pune,Premium,9,1534.97,12540.22,53.2,1,14.2,4,1,7,"Nothing special, but the service is usable.",Neutral,0
2048,41,Male,Kolkata,Premium,12,1534.2,18188.22,71.5,1,5.8,6,1,10,"Great experience, the app works smoothly and the team is helpful.",Positive,0
2049,36,Other,Kolkata,Premium,21,1640.82,32577.18,39.2,1,9.8,1,0,2,I am unhappy with the price and frequent service problems.,Negative,0
2050,34,Female,Jaipur,Basic,12,616.01,7276.4,20.4,1,9.1,8,1,4,Poor experience. Support did not solve my issue.,Negative,1
2051,37,Other,Kochi,Standard,11,917.74,9598.68,18.1,2,16.1,7,0,6,"Nothing special, but the service is usable.",Neutral,0
2052,38,Female,Ahmedabad,Basic,27,445.6,10387.86,16.3,5,17.9,5,1,8,Bad experience with billing and customer support.,Negative,0
2053,43,Male,Bengaluru,Premium,14,1633.76,20007.6,37.2,3,14.4,9,1,6,I am unhappy with the price and frequent service problems.,Negative,0
2054,26,Female,Hyderabad,Basic,11,487.66,5000.65,20.2,2,9.8,1,1,10,Really satisfied with the service and performance.,Positive,0
2055,47,Male,Mumbai,Basic,15,465.13,6573.9,33.1,3,18.2,4,0,6,The service is unreliable and I keep facing problems.,Negative,0
2056,30,Male,Jaipur,Basic,40,417.57,17101.18,22.9,0,12,2,1,8,Good value for money and quick customer support.,Positive,0
2057,39,Other,Mumbai,Standard,21,859.53,17339.24,38.7,1,17,4,0,6,Average experience. Some things work well and some do not.,Neutral,0
2058,33,Female,Hyderabad,Premium,7,1601.46,9544.2,56.1,1,19.2,6,0,7,The service is fine and meets most of my needs.,Neutral,0
2059,39,Female,Bengaluru,Basic,8,664.76,4714.5,14.2,2,8.6,9,0,5,Too many issues and the response from support is slow.,Negative,0
2060,32,Male,Delhi,Standard,32,920.14,25278.58,24.9,0,7.9,2,1,7,Good value for money and quick customer support.,Positive,0
2061,23,Female,Kolkata,Standard,22,992.35,19206.13,15.4,2,12.7,9,0,6,The service is unreliable and I keep facing problems.,Negative,0
2062,39,Female,Kolkata,Premium,30,1593.64,49659.15,75.2,1,20.9,0,0,4,Poor experience. Support did not solve my issue.,Negative,0
2063,20,Male,Jaipur,Standard,25,673.1,16667.58,13.5,2,7.5,5,1,8,Very happy with the service and fast support.,Positive,0
2064,24,Female,Chennai,Basic,10,464.19,4264.36,7.3,3,19.3,0,1,8,"Great experience, the app works smoothly and the team is helpful.",Positive,0
2065,32,Other,Hyderabad,Premium,17,1421.29,22152.3,36.9,1,5.2,6,0,4,I am unhappy with the price and frequent service problems.,Negative,0
2066,48,Other,Chennai,Standard,19,1044.99,17248.03,21.9,0,9.5,0,0,9,Really satisfied with the service and performance.,Positive,0
2067,42,Female,Chennai,Basic,12,467.13,5742.14,16.8,4,18.7,9,1,8,The service is fine and meets most of my needs.,Neutral,0
2068,34,Female,Bengaluru,Premium,64,1501.07,95116.11,53.9,0,12.6,5,1,8,Good value for money and quick customer support.,Positive,0
2069,31,Male,Jaipur,Standard,23,797.28,18237.94,38.5,0,16.9,5,0,8,Reliable service and simple to use. I would recommend it.,Positive,0
2070,47,Male,Bengaluru,Basic,23,600.74,12420.29,29,1,24.9,14,1,8,"Great experience, the app works smoothly and the team is helpful.",Positive,0
2071,41,Female,Hyderabad,Standard,12,892.22,10790.87,42.8,3,9.1,7,0,3,Too many issues and the response from support is slow.,Negative,1
2072,31,Male,Hyderabad,Basic,10,627.01,5729.24,7.4,3,19.2,8,1,6,Not satisfied. The app is difficult to use and often fails.,Negative,1
2073,43,Male,Hyderabad,Basic,28,514.3,14728.63,31.7,2,21.9,1,1,3,Too many issues and the response from support is slow.,Negative,1
2074,21,Female,Pune,Standard,28,809.98,22408.45,11.7,1,9.7,7,1,9,I love the service. Everything has been reliable so far.,Positive,0
2075,36,Male,Jaipur,Standard,8,786.21,6481.91,42.6,3,20.6,3,1,8,"Service is acceptable for now, but support could be faster.",Neutral,0
2076,25,Female,Kolkata,Premium,28,1555.67,40749.69,43.6,1,8,10,0,5,It is a normal experience with occasional issues.,Neutral,0
2077,48,Female,Kochi,Premium,4,1417.2,4967.4,24.3,0,7.6,0,1,5,"Service is acceptable for now, but support could be faster.",Neutral,0
2078,25,Male,Kolkata,Standard,58,940.63,46581.01,38.3,1,17,3,1,7,"Nothing special, but the service is usable.",Neutral,0
2079,37,Male,Jaipur,Premium,8,1443.16,10856.47,58,2,6.2,0,0,6,"Nothing special, but the service is usable.",Neutral,0
2080,30,Male,Kochi,Basic,20,481.78,9996.27,9,5,20.6,3,0,4,Too many issues and the response from support is slow.,Negative,0
2081,24,Female,Chennai,Standard,28,959.52,24395.3,37,1,21.4,4,0,6,I am unhappy with the price and frequent service problems.,Negative,1
2082,31,Female,Ahmedabad,Standard,21,799.38,16894.7,20.1,3,10.1,19,1,5,I may leave because the service quality has become poor.,Negative,1
2083,37,Female,Kochi,Premium,25,1677,36957.02,41.6,1,15,0,1,6,The service is unreliable and I keep facing problems.,Negative,0
2084,32,Male,Chennai,Standard,43,1033.91,38551.58,22.2,3,14.8,7,1,7,It is a normal experience with occasional issues.,Neutral,1
2085,34,Male,Kolkata,Basic,23,468.9,9627.5,19,5,15.6,15,1,4,Not satisfied. The app is difficult to use and often fails.,Negative,1
2086,39,Other,Ahmedabad,Basic,47,503.44,24432.04,14.1,1,19.9,0,1,9,"Great experience, the app works smoothly and the team is helpful.",Positive,0
2087,38,Female,Ahmedabad,Basic,21,428.03,9373.37,12.2,1,14.9,1,0,4,I may leave because the service quality has become poor.,Negative,1
2088,39,Male,Mumbai,Basic,14,454.4,5874.34,1,5,24.7,6,0,7,Bad experience with billing and customer support.,Negative,1
2089,32,Male,Delhi,Standard,17,857.54,14378.65,42.8,5,23.9,10,1,6,I am unhappy with the price and frequent service problems.,Negative,1
2090,40,Male,Mumbai,Premium,21,1541.8,27575.56,55.1,1,11.6,0,1,6,"Service is acceptable for now, but support could be faster.",Neutral,0
2091,31,Female,Chennai,Basic,27,513.62,12319.12,13.2,1,16.6,7,0,8,"Service is acceptable for now, but support could be faster.",Neutral,0
2092,25,Female,Hyderabad,Basic,44,652.65,28945.18,18.4,4,12.3,12,1,8,It is a normal experience with occasional issues.,Neutral,0
2093,27,Other,Mumbai,Standard,11,897.54,9552.6,23.8,1,12.8,0,1,9,I love the service. Everything has been reliable so far.,Positive,0
2094,22,Male,Hyderabad,Premium,42,1615.9,65214.95,50,3,15.7,7,1,6,Not satisfied. The app is difficult to use and often fails.,Negative,0
2095,25,Female,Chennai,Basic,10,556.03,5014.25,27.5,1,9.3,4,1,9,Reliable service and simple to use. I would recommend it.,Positive,0
2096,37,Female,Kochi,Standard,38,959.86,33534.81,24.1,3,18.7,0,0,4,Bad experience with billing and customer support.,Negative,0
2097,22,Female,Jaipur,Standard,22,955.82,21806.49,32.5,3,5.8,0,0,6,I am unhappy with the price and frequent service problems.,Negative,0
2098,54,Male,Jaipur,Standard,12,931.84,10671.41,32.8,4,20.7,15,1,5,Not satisfied. The app is difficult to use and often fails.,Negative,1
2099,31,Male,Chennai,Premium,13,1527.13,20279.93,54.6,0,7.5,1,0,6,It is a normal experience with occasional issues.,Neutral,0
2100,20,Female,Hyderabad,Standard,37,741.47,25257,25.7,2,12,2,1,7,"Service is acceptable for now, but support could be faster.",Neutral,0
2101,32,Other,Bengaluru,Premium,12,1427.8,15006.7,43.1,1,16.5,1,0,5,"Nothing special, but the service is usable.",Neutral,1
2102,33,Female,Jaipur,Basic,14,495.64,6160.88,31.8,3,20.9,7,0,8,"Nothing special, but the service is usable.",Neutral,0
2103,31,Male,Kolkata,Standard,9,917.55,8132.58,28.9,2,17.7,4,0,4,Bad experience with billing and customer support.,Negative,0
2104,44,Male,Delhi,Basic,12,571.2,6377.1,11.3,2,17.8,4,0,4,Very disappointed with the service and slow support.,Negative,1
2105,38,Female,Delhi,Basic,23,340.58,7096.65,28.6,2,25,7,1,5,The service is unreliable and I keep facing problems.,Negative,0
2106,33,Other,Ahmedabad,Standard,37,796.46,30051.85,41.4,3,25.8,7,1,8,It is a normal experience with occasional issues.,Neutral,0
2107,28,Female,Delhi,Standard,33,1002,30059.47,14.1,2,14.6,14,1,7,The service is fine and meets most of my needs.,Neutral,0
2108,39,Female,Hyderabad,Premium,19,1431.2,28434.35,67.9,0,16.7,4,1,7,Support solved my issue quickly. Very good experience.,Positive,0
2109,35,Female,Chennai,Standard,16,815.76,13670.02,27.7,2,16.8,0,0,5,The service is fine and meets most of my needs.,Neutral,0
2110,18,Female,Kolkata,Basic,5,505.82,2555.76,1,1,18.1,5,1,6,"Nothing special, but the service is usable.",Neutral,0
2111,23,Female,Jaipur,Premium,14,1528.79,19217.41,54.1,2,9.4,9,0,7,The service is okay but there is room for improvement.,Neutral,0
2112,31,Male,Hyderabad,Standard,33,976.79,33242.56,42.7,2,7.7,10,1,7,The service is unreliable and I keep facing problems.,Negative,0
2113,26,Female,Jaipur,Premium,35,1407.11,50730.93,49.7,1,6.8,7,0,6,"Nothing special, but the service is usable.",Neutral,0
2114,34,Female,Kochi,Standard,9,915,8187.37,39.4,1,16,5,0,5,Too many issues and the response from support is slow.,Negative,1
2115,44,Female,Mumbai,Basic,50,567.03,24589.44,15.5,1,12.8,8,1,7,The service is fine and meets most of my needs.,Neutral,0
2116,34,Female,Hyderabad,Basic,23,540.06,10950.21,17.7,2,4.4,4,1,5,The service is unreliable and I keep facing problems.,Negative,0
2117,49,Female,Ahmedabad,Standard,15,906.65,12545.26,33.5,3,12.2,7,1,6,Very disappointed with the service and slow support.,Negative,0
2118,45,Female,Mumbai,Standard,25,864.35,19377.86,24,2,5,2,1,8,"Excellent experience, no major issues and easy to use.",Positive,0
2119,28,Female,Kolkata,Standard,6,813.75,4205.45,19,2,18.8,1,0,5,It is a normal experience with occasional issues.,Neutral,1
2120,43,Male,Bengaluru,Basic,20,502.03,9524.86,35.4,0,9.6,0,1,7,Really satisfied with the service and performance.,Positive,0
2121,26,Female,Chennai,Premium,17,1622.57,26848.58,42.7,0,4.2,0,1,8,Good value for money and quick customer support.,Positive,0
2122,22,Other,Kolkata,Basic,47,443.15,19953.54,23.6,4,22,0,1,7,The service is okay but there is room for improvement.,Neutral,0
2123,46,Other,Kolkata,Basic,11,521.69,5452.56,5.7,1,20.7,4,1,5,Poor experience. Support did not solve my issue.,Negative,1
2124,20,Female,Delhi,Standard,33,914.75,29752.93,21.1,0,8.2,3,1,7,Good value for money and quick customer support.,Positive,0
2125,36,Male,Chennai,Standard,15,882.94,12084.88,17.3,2,8.8,8,1,6,Too many issues and the response from support is slow.,Negative,0
2126,34,Other,Chennai,Premium,8,1531.81,10522.95,53.1,1,4.1,6,0,7,"Great experience, the app works smoothly and the team is helpful.",Positive,0
2127,19,Male,Bengaluru,Standard,19,851.14,16429.02,27.4,2,9.3,10,0,6,Very disappointed with the service and slow support.,Negative,0
2128,43,Other,Kochi,Premium,30,1571.23,46433.1,48.6,4,17.3,12,0,7,Bad experience with billing and customer support.,Negative,1
2129,38,Male,Chennai,Premium,28,1525.92,40516.19,43,1,16.9,8,1,9,I love the service. Everything has been reliable so far.,Positive,0
2130,36,Male,Mumbai,Basic,17,536.95,8531.83,16.4,2,11.5,7,0,5,Bad experience with billing and customer support.,Negative,1
2131,44,Female,Bengaluru,Basic,3,397.31,1052.26,9.2,2,11,2,0,2,Very disappointed with the service and slow support.,Negative,1
2132,27,Other,Jaipur,Premium,13,1418.32,17597.65,52.5,1,12.6,3,0,5,I may leave because the service quality has become poor.,Negative,1
2133,34,Other,Hyderabad,Basic,10,424,3924.17,38.1,2,14.1,2,1,8,"Excellent experience, no major issues and easy to use.",Positive,0
2134,35,Male,Hyderabad,Basic,28,555.12,13939.8,25.7,4,21.5,10,1,7,I am unhappy with the price and frequent service problems.,Negative,1
2135,39,Female,Hyderabad,Standard,30,909.82,27253.17,32.3,5,26.5,5,0,4,Bad experience with billing and customer support.,Negative,0
2136,30,Male,Ahmedabad,Premium,27,1525.52,35770.38,32.4,0,6.4,0,0,4,I am unhappy with the price and frequent service problems.,Negative,1
2137,44,Other,Kolkata,Standard,33,964.02,33005.76,37.1,3,15.9,8,1,9,"Nothing special, but the service is usable.",Neutral,0
2138,30,Female,Chennai,Basic,12,543.88,6391.67,8.7,4,19,0,0,5,Poor experience. Support did not solve my issue.,Negative,0
2139,31,Other,Jaipur,Standard,27,903.29,23183.52,41.8,2,14.8,1,0,5,The service is unreliable and I keep facing problems.,Negative,0
2140,26,Female,Delhi,Standard,35,899.49,31912.98,27.6,4,24.1,2,0,6,Poor experience. Support did not solve my issue.,Negative,0
2141,35,Other,Pune,Premium,21,1445.12,29241.92,46.8,0,11.3,0,0,8,Very happy with the service and fast support.,Positive,0
2142,50,Other,Bengaluru,Standard,15,829.96,11435.2,19.7,0,18.7,1,0,7,Average experience. Some things work well and some do not.,Neutral,0
2143,31,Female,Hyderabad,Premium,16,1480.9,23290.64,66.6,1,6,3,0,7,Really satisfied with the service and performance.,Positive,0
2144,30,Male,Mumbai,Basic,17,355.46,5726.46,8.8,5,20.7,6,0,4,Too many issues and the response from support is slow.,Negative,1
2145,49,Female,Ahmedabad,Basic,7,483.78,3276.58,17.3,2,7.7,2,0,6,Not satisfied. The app is difficult to use and often fails.,Negative,0
2146,44,Other,Kochi,Standard,18,953.36,17788.85,36.9,2,10,2,1,6,"Nothing special, but the service is usable.",Neutral,0
2147,32,Female,Kolkata,Standard,14,849.59,10174.29,28.4,2,19.4,1,1,8,Average experience. Some things work well and some do not.,Neutral,0
2148,32,Female,Chennai,Basic,10,555.31,5638.56,20.7,3,22.8,5,1,8,It is a normal experience with occasional issues.,Neutral,0
2149,31,Male,Jaipur,Standard,24,1008.77,23002.68,61.9,1,9.6,0,1,5,Poor experience. Support did not solve my issue.,Negative,0
2150,23,Male,Ahmedabad,Standard,21,855.78,16703.83,44,1,10.2,0,1,5,Bad experience with billing and customer support.,Negative,0
2151,18,Other,Pune,Premium,1,1457.91,1245.09,48.3,0,4.4,1,0,7,Support solved my issue quickly. Very good experience.,Positive,0
2152,33,Female,Mumbai,Standard,6,893.77,5461.45,16.3,0,12.8,4,1,10,"Great experience, the app works smoothly and the team is helpful.",Positive,0
2153,22,Female,Chennai,Premium,32,1408.64,44159.14,58.3,1,8.9,3,1,9,The service is fine and meets most of my needs.,Neutral,0
2154,31,Female,Pune,Standard,18,900.68,15719.08,37.6,0,5,0,1,7,Support solved my issue quickly. Very good experience.,Positive,0
2155,31,Male,Hyderabad,Basic,7,495.37,3255.76,14.4,1,2.3,7,1,8,Support solved my issue quickly. Very good experience.,Positive,0
2156,30,Male,Delhi,Basic,18,500.25,9282.17,16.3,3,12,7,0,7,"Nothing special, but the service is usable.",Neutral,0
2157,18,Female,Delhi,Basic,11,454.58,4995.94,2.2,3,16.6,13,1,8,The service is okay but there is room for improvement.,Neutral,0
2158,42,Male,Delhi,Standard,15,848.64,12403.13,37.5,1,14.7,2,1,8,Good value for money and quick customer support.,Positive,0
2159,27,Female,Jaipur,Standard,8,916.38,6717.06,28.9,1,8.7,2,0,7,The service is fine and meets most of my needs.,Neutral,0
2160,26,Male,Kolkata,Basic,28,468.86,12210.42,2.7,3,14.7,2,0,4,I am unhappy with the price and frequent service problems.,Negative,1
2161,29,Male,Kochi,Basic,23,425.31,9075.22,19.6,2,13.2,7,0,3,Bad experience with billing and customer support.,Negative,1
2162,31,Other,Kolkata,Basic,9,591.24,5048.03,25.7,1,7.9,3,1,8,Good value for money and quick customer support.,Positive,0
2163,36,Male,Bengaluru,Premium,45,1487.37,68588.13,60.9,4,28.5,9,1,4,Very disappointed with the service and slow support.,Negative,1
2164,27,Female,Kolkata,Basic,31,613.76,19460.82,18.1,4,23.6,4,1,4,Poor experience. Support did not solve my issue.,Negative,0
2165,39,Other,Delhi,Standard,9,947.41,8397.6,31.5,1,11.4,5,0,6,Very disappointed with the service and slow support.,Negative,0
2166,33,Female,Bengaluru,Standard,8,916.44,7388.7,25.6,0,0.5,1,0,7,Reliable service and simple to use. I would recommend it.,Positive,0
2167,36,Female,Chennai,Premium,30,1382.87,38470.68,42.1,0,15.3,9,1,8,Very happy with the service and fast support.,Positive,0
2168,54,Other,Kochi,Basic,24,548.75,11677.59,14.9,2,18,6,0,5,The service is unreliable and I keep facing problems.,Negative,1
2169,22,Female,Hyderabad,Premium,5,1578.24,7798.01,30.6,1,19,4,1,7,"Nothing special, but the service is usable.",Neutral,0
2170,25,Female,Pune,Basic,8,396.49,3304.69,21.9,4,20.9,11,1,4,Bad experience with billing and customer support.,Negative,1
2171,35,Male,Kochi,Standard,24,924.82,19187.49,33.4,1,15.4,7,1,7,Very happy with the service and fast support.,Positive,0
2172,38,Female,Pune,Standard,15,838.66,12461.54,26.4,0,7.2,8,1,9,Reliable service and simple to use. I would recommend it.,Positive,0
2173,34,Other,Hyderabad,Premium,17,1532.28,23672.01,40.8,0,16,0,0,7,Very happy with the service and fast support.,Positive,0
2174,34,Male,Bengaluru,Premium,45,1563.89,73242.16,41.9,2,23.2,10,0,5,The service is unreliable and I keep facing problems.,Negative,0
2175,18,Female,Kolkata,Basic,18,566.81,10697.8,26.1,1,1.5,3,0,6,Average experience. Some things work well and some do not.,Neutral,0
2176,38,Other,Delhi,Premium,27,1401.71,38807.03,49.1,2,19.6,2,0,7,"Nothing special, but the service is usable.",Neutral,0
2177,38,Male,Pune,Premium,36,1513.23,47939.07,51.9,2,16.2,0,0,5,The service is unreliable and I keep facing problems.,Negative,0
2178,23,Male,Pune,Basic,29,512.08,14072.32,18.6,0,6.5,2,1,10,Support solved my issue quickly. Very good experience.,Positive,0
2179,20,Female,Chennai,Premium,8,1500.21,10541.47,43,0,8.6,0,1,7,The service is okay but there is room for improvement.,Neutral,0
2180,24,Male,Delhi,Premium,14,1529.06,21743.16,59.7,1,14.6,9,1,6,"Nothing special, but the service is usable.",Neutral,0
2181,30,Female,Hyderabad,Standard,18,842.8,15000.55,40.9,2,18.4,4,0,3,I may leave because the service quality has become poor.,Negative,1
2182,18,Other,Ahmedabad,Premium,23,1422.69,28383.1,54,0,14.8,9,1,7,"Nothing special, but the service is usable.",Neutral,0
2183,40,Female,Mumbai,Basic,19,545.58,9801.31,15.9,3,29.5,10,1,10,"Great experience, the app works smoothly and the team is helpful.",Positive,0
2184,31,Female,Kochi,Premium,54,1525.8,80915.75,48.7,3,23.6,4,0,7,"Nothing special, but the service is usable.",Neutral,1
2185,28,Other,Mumbai,Standard,6,971.49,5977.96,14.7,0,3.2,0,0,8,Reliable service and simple to use. I would recommend it.,Positive,0
2186,31,Male,Mumbai,Basic,18,480.84,8549.09,14.8,1,9.7,16,0,5,I may leave because the service quality has become poor.,Negative,1
2187,29,Female,Mumbai,Standard,18,777.29,14424.08,31.4,2,13.6,5,1,3,I am unhappy with the price and frequent service problems.,Negative,1
2188,26,Other,Kochi,Standard,11,1001.6,10006.88,42.8,1,11.8,4,1,5,Too many issues and the response from support is slow.,Negative,0
2189,40,Other,Ahmedabad,Standard,20,931.44,19319.37,33.8,0,15,0,0,3,Poor experience. Support did not solve my issue.,Negative,0
2190,37,Male,Delhi,Standard,34,831.17,27102.69,44.8,2,12.1,1,1,8,Good value for money and quick customer support.,Positive,0
2191,18,Female,Mumbai,Basic,39,417.24,14582.8,24.5,4,32.8,6,1,5,Poor experience. Support did not solve my issue.,Negative,1
2192,22,Other,Pune,Premium,12,1488.86,15738.86,39,5,16.4,10,0,6,Poor experience. Support did not solve my issue.,Negative,1
2193,23,Female,Hyderabad,Standard,21,953.39,21003.11,32,2,12.9,7,0,6,The service is okay but there is room for improvement.,Neutral,0
2194,29,Female,Chennai,Basic,9,492.02,4638.12,40.4,3,13.3,4,1,10,Reliable service and simple to use. I would recommend it.,Positive,0
2195,18,Female,Pune,Basic,15,438.1,5980.41,17.6,4,10,12,0,6,Not satisfied. The app is difficult to use and often fails.,Negative,0
2196,23,Female,Mumbai,Basic,33,484.79,15111.88,6.4,3,19.3,5,1,5,Not satisfied. The app is difficult to use and often fails.,Negative,0
2197,41,Male,Ahmedabad,Basic,14,453.22,5921.85,12,8,28.6,13,0,5,Very disappointed with the service and slow support.,Negative,1
2198,29,Other,Kolkata,Standard,17,974.22,14636.29,39.3,0,5.3,0,1,6,Average experience. Some things work well and some do not.,Neutral,0
2199,44,Female,Mumbai,Standard,26,850.85,21512.72,19.7,2,10.1,3,1,7,The service is fine and meets most of my needs.,Neutral,0
2200,29,Other,Ahmedabad,Standard,8,734.41,5783.07,19.8,1,10.8,4,0,4,Very disappointed with the service and slow support.,Negative,1
2201,41,Other,Mumbai,Premium,14,1520.68,18767.3,46.6,2,3.7,10,0,6,The service is unreliable and I keep facing problems.,Negative,0
2202,39,Male,Bengaluru,Standard,30,893.77,23746.22,14.9,0,9,0,0,5,The service is okay but there is room for improvement.,Neutral,0
2203,41,Other,Hyderabad,Basic,47,547.47,23955.91,25,1,13.2,5,1,8,It is a normal experience with occasional issues.,Neutral,0
2204,19,Female,Hyderabad,Basic,11,512.63,4933.34,11.7,2,5.2,8,1,8,Reliable service and simple to use. I would recommend it.,Positive,0
2205,34,Male,Chennai,Standard,21,954.49,20513.14,49.9,2,13.1,4,1,6,Too many issues and the response from support is slow.,Negative,0
2206,25,Other,Jaipur,Basic,17,577,9247.26,24.8,0,12.3,0,0,6,The service is okay but there is room for improvement.,Neutral,0
2207,38,Male,Kochi,Premium,7,1539.03,10705.44,49.4,2,12.3,8,1,6,"Nothing special, but the service is usable.",Neutral,0
2208,44,Female,Mumbai,Basic,23,536.39,10988.2,18.7,1,12.2,0,0,8,I love the service. Everything has been reliable so far.,Positive,0
2209,37,Male,Delhi,Premium,32,1435.84,43808.38,56.9,0,16.8,3,0,7,Very happy with the service and fast support.,Positive,0
2210,38,Other,Ahmedabad,Standard,26,929.38,20615.87,42.1,1,13.8,6,0,6,Average experience. Some things work well and some do not.,Neutral,0
2211,27,Female,Hyderabad,Basic,27,386.91,10084.34,5.1,3,19.4,9,0,7,The service is fine and meets most of my needs.,Neutral,0
2212,30,Female,Ahmedabad,Standard,27,984.31,25705.63,27.9,1,10.4,9,1,9,Good value for money and quick customer support.,Positive,0
2213,38,Female,Hyderabad,Basic,24,398.74,10039.22,21.4,3,11.9,4,0,4,Too many issues and the response from support is slow.,Negative,0
2214,18,Male,Kochi,Standard,33,927.8,29441.41,15.3,4,11.1,6,0,4,The service is unreliable and I keep facing problems.,Negative,0
2215,30,Male,Pune,Premium,23,1576.07,34502.38,53.6,1,17.4,4,1,7,Reliable service and simple to use. I would recommend it.,Positive,1
2216,35,Female,Delhi,Premium,19,1486.9,27321.27,43.2,0,8,2,1,8,Reliable service and simple to use. I would recommend it.,Positive,0
2217,18,Female,Delhi,Standard,37,1023.56,39157.99,23.6,1,8.3,3,1,6,"Service is acceptable for now, but support could be faster.",Neutral,0
2218,25,Other,Delhi,Premium,9,1541.96,12016.97,49.3,0,7.4,5,1,9,"Great experience, the app works smoothly and the team is helpful.",Positive,0
2219,42,Female,Kochi,Standard,9,876.7,6990.53,39.8,1,12,4,0,5,Poor experience. Support did not solve my issue.,Negative,1
2220,32,Female,Mumbai,Standard,13,986.13,11215.08,45.7,2,6,8,0,7,"Service is acceptable for now, but support could be faster.",Neutral,0
2221,38,Female,Bengaluru,Basic,72,572.59,41899.33,13.8,1,12.6,2,1,6,"Service is acceptable for now, but support could be faster.",Neutral,1
2222,18,Male,Hyderabad,Basic,20,448.28,9274.77,28.1,2,17.4,5,1,5,The service is unreliable and I keep facing problems.,Negative,0
2223,32,Female,Kochi,Premium,22,1553.13,32331.29,33.7,0,17.7,2,1,9,I love the service. Everything has been reliable so far.,Positive,0
2224,32,Female,Delhi,Premium,61,1497.62,94398.79,38.4,0,13.7,0,1,9,Support solved my issue quickly. Very good experience.,Positive,0
2225,31,Female,Pune,Basic,15,325.79,4413.77,5.1,1,16.8,12,1,5,The service is unreliable and I keep facing problems.,Negative,0
2226,35,Female,Ahmedabad,Standard,7,935.55,5789.95,47.6,3,22.2,9,1,6,Too many issues and the response from support is slow.,Negative,1
2227,33,Male,Bengaluru,Standard,28,910.93,24605.63,33.2,1,12.6,0,0,6,It is a normal experience with occasional issues.,Neutral,0
2228,39,Other,Chennai,Standard,47,995.37,48885.92,35.8,2,8.7,4,1,3,Poor experience. Support did not solve my issue.,Negative,0
2229,37,Female,Ahmedabad,Basic,6,507.9,2747.9,33.6,1,9.5,5,1,6,The service is okay but there is room for improvement.,Neutral,0
2230,32,Female,Bengaluru,Basic,27,390.11,9971.89,24.4,0,8,0,0,7,Very happy with the service and fast support.,Positive,0
2231,34,Female,Pune,Basic,9,489.56,4263.55,22.3,1,8.1,4,1,6,"Nothing special, but the service is usable.",Neutral,0
2232,53,Male,Bengaluru,Basic,29,505.42,14658.28,13.7,2,20.7,11,1,7,Too many issues and the response from support is slow.,Negative,0
2233,53,Other,Kochi,Basic,16,550.96,7803.43,31.1,1,6.1,1,0,5,"Nothing special, but the service is usable.",Neutral,0
2234,27,Female,Chennai,Premium,24,1492.84,32231.81,46,1,14.2,12,0,8,Support solved my issue quickly. Very good experience.,Positive,1
2235,47,Other,Hyderabad,Basic,38,527.19,17547.73,16.2,4,20.7,8,0,4,I may leave because the service quality has become poor.,Negative,1
2236,33,Female,Mumbai,Premium,2,1482.88,2580.63,41.8,4,14.1,5,1,8,It is a normal experience with occasional issues.,Neutral,0
2237,30,Female,Hyderabad,Premium,29,1386.81,41831.11,49.1,1,21.4,7,1,9,"Excellent experience, no major issues and easy to use.",Positive,0
2238,25,Male,Jaipur,Standard,18,777.26,14425.48,24.2,1,9.5,0,1,6,The service is fine and meets most of my needs.,Neutral,1
2239,41,Male,Mumbai,Basic,18,484.36,7679.71,17.2,2,20.2,8,1,6,The service is fine and meets most of my needs.,Neutral,0
2240,33,Male,Pune,Basic,35,603.06,20192.85,10.5,1,4.7,0,1,5,The service is fine and meets most of my needs.,Neutral,0
2241,32,Other,Ahmedabad,Standard,16,954.48,13908.48,28.2,1,16.2,3,1,6,It is a normal experience with occasional issues.,Neutral,0
2242,29,Male,Chennai,Standard,54,795.82,41220.07,24.5,1,14.9,5,1,6,The service is fine and meets most of my needs.,Neutral,0
2243,19,Other,Delhi,Standard,13,749.17,8311.4,14.9,2,19.8,0,1,9,Reliable service and simple to use. I would recommend it.,Positive,0
2244,36,Female,Kolkata,Standard,21,793.53,14596.01,31.1,1,9.8,5,0,7,Support solved my issue quickly. Very good experience.,Positive,0
2245,26,Male,Chennai,Standard,19,924.75,16276.38,27.8,1,16.2,0,1,8,Average experience. Some things work well and some do not.,Neutral,0
2246,27,Other,Kochi,Standard,30,940.33,27377.48,30.5,0,16.8,2,1,9,Very happy with the service and fast support.,Positive,1
2247,40,Female,Chennai,Standard,14,946.53,13324.47,25.5,3,11.2,9,0,3,I may leave because the service quality has become poor.,Negative,1
2248,50,Other,Ahmedabad,Premium,6,1361.1,8436.32,40.8,2,15.9,3,0,6,The service is okay but there is room for improvement.,Neutral,1
2249,25,Female,Hyderabad,Basic,13,523.63,6983.05,24,0,10.2,0,0,6,"Excellent experience, no major issues and easy to use.",Positive,0
2250,55,Other,Ahmedabad,Standard,2,879.99,1519.66,42.7,3,18.4,10,0,6,The service is unreliable and I keep facing problems.,Negative,1
2251,25,Other,Jaipur,Standard,7,934.71,6677.05,43.1,2,14.7,3,0,7,I am unhappy with the price and frequent service problems.,Negative,0
2252,32,Other,Chennai,Standard,11,907.87,10105.66,23.1,1,5.8,6,1,9,I love the service. Everything has been reliable so far.,Positive,0
2253,31,Male,Chennai,Basic,25,607.77,15141.04,19.8,0,6.3,12,1,7,"Nothing special, but the service is usable.",Neutral,0
2254,22,Male,Ahmedabad,Standard,27,851.42,24011.72,39.3,0,5.8,3,0,7,The service is okay but there is room for improvement.,Neutral,0
2255,18,Male,Bengaluru,Basic,27,510.59,11765.56,19.1,3,3.4,5,0,8,"Great experience, the app works smoothly and the team is helpful.",Positive,0
2256,40,Male,Mumbai,Basic,18,458.26,7012.76,21.3,2,8.7,4,0,4,I may leave because the service quality has become poor.,Negative,0
2257,28,Female,Bengaluru,Premium,13,1575.61,17597.34,38.9,0,10.8,0,1,5,It is a normal experience with occasional issues.,Neutral,1
2258,33,Female,Chennai,Premium,33,1528.1,45651.03,55.4,0,20.2,4,1,8,Reliable service and simple to use. I would recommend it.,Positive,0
2259,41,Other,Jaipur,Basic,23,449.39,8871.06,5.7,1,13.4,1,0,6,"Nothing special, but the service is usable.",Neutral,1
2260,37,Male,Chennai,Basic,20,428.85,7345.04,6.3,1,19.5,9,0,5,Poor experience. Support did not solve my issue.,Negative,1
2261,30,Other,Kochi,Basic,12,494.23,5600.16,38.7,3,28.1,7,1,6,Too many issues and the response from support is slow.,Negative,0
2262,32,Female,Hyderabad,Premium,18,1512.91,26069.2,38.9,3,19.9,10,1,6,Not satisfied. The app is difficult to use and often fails.,Negative,0
2263,37,Other,Pune,Standard,12,751.67,8213.29,44.6,3,12.9,3,0,4,I may leave because the service quality has become poor.,Negative,1
2264,32,Female,Kolkata,Basic,19,532.92,9265.72,19.9,1,12.1,4,1,10,Reliable service and simple to use. I would recommend it.,Positive,0
2265,32,Male,Jaipur,Standard,5,905.48,4655.7,32.8,1,5.9,10,1,7,Very happy with the service and fast support.,Positive,0
2266,39,Other,Jaipur,Standard,46,896.98,38056.3,45.2,4,6.6,10,1,6,Poor experience. Support did not solve my issue.,Negative,0
2267,19,Female,Ahmedabad,Basic,8,512.47,3687.86,3.6,1,21.1,3,0,3,Not satisfied. The app is difficult to use and often fails.,Negative,1
2268,42,Other,Kochi,Basic,7,530.33,3496.66,21.6,2,13.5,4,1,7,"Great experience, the app works smoothly and the team is helpful.",Positive,0
2269,27,Male,Chennai,Standard,20,899.79,18585.17,33.5,2,29.1,3,1,9,Reliable service and simple to use. I would recommend it.,Positive,0
2270,51,Other,Chennai,Basic,31,577.83,15863.46,9.2,4,15.7,9,1,5,Bad experience with billing and customer support.,Negative,1
2271,30,Male,Ahmedabad,Standard,28,904.64,23625.48,21,1,9.5,1,1,7,The service is fine and meets most of my needs.,Neutral,0
2272,45,Other,Chennai,Standard,12,937.65,10033.75,34.6,1,0.5,0,1,10,I love the service. Everything has been reliable so far.,Positive,0
2273,40,Other,Delhi,Standard,37,917.8,30540,7,1,11.5,6,1,5,The service is fine and meets most of my needs.,Neutral,0
2274,36,Other,Kolkata,Basic,15,617.29,8726.79,27.4,5,22.9,16,0,2,Poor experience. Support did not solve my issue.,Negative,1
2275,31,Male,Hyderabad,Standard,12,814.26,8444.61,37.8,2,14.4,4,1,4,I may leave because the service quality has become poor.,Negative,1
2276,22,Female,Mumbai,Premium,15,1569.46,23372.81,73.2,3,16.6,10,0,5,The service is unreliable and I keep facing problems.,Negative,1
2277,41,Male,Kolkata,Standard,43,916.02,37880.8,32.3,1,6.4,6,1,7,"Great experience, the app works smoothly and the team is helpful.",Positive,0
2278,45,Male,Jaipur,Basic,9,393.98,3506.72,26.2,4,18.8,4,0,6,The service is unreliable and I keep facing problems.,Negative,0
2279,31,Female,Delhi,Standard,12,861.8,10595.62,52.6,2,23.1,10,0,6,Poor experience. Support did not solve my issue.,Negative,1
2280,31,Female,Hyderabad,Standard,18,945.66,15064.1,41.2,1,20.7,7,1,6,Average experience. Some things work well and some do not.,Neutral,0
2281,22,Other,Jaipur,Standard,35,809.23,25343.03,27.5,1,8.9,2,0,5,Too many issues and the response from support is slow.,Negative,0
2282,31,Female,Ahmedabad,Standard,29,979.44,28883.41,27.7,1,7.7,3,0,4,I am unhappy with the price and frequent service problems.,Negative,0
2283,37,Other,Chennai,Standard,2,872.14,1622.96,32.1,1,9.8,0,0,8,"Great experience, the app works smoothly and the team is helpful.",Positive,0
2284,30,Other,Bengaluru,Standard,27,834.87,22494.75,34.7,1,6.1,9,0,7,I am unhappy with the price and frequent service problems.,Negative,0
2285,24,Male,Chennai,Premium,14,1473.63,19276.08,64.2,0,6.5,4,1,7,It is a normal experience with occasional issues.,Neutral,0
2286,35,Other,Kochi,Premium,17,1464.77,22127.32,51.2,2,18.5,6,1,5,Poor experience. Support did not solve my issue.,Negative,1
2287,31,Other,Kochi,Standard,15,867.47,12883.31,32.2,1,3.6,10,0,6,I may leave because the service quality has become poor.,Negative,0
2288,33,Other,Delhi,Standard,14,1035.16,13375.19,28.2,3,10.1,4,0,3,The service is unreliable and I keep facing problems.,Negative,0
2289,30,Female,Kolkata,Standard,18,866.94,13342.76,19.7,0,16.8,4,0,7,The service is fine and meets most of my needs.,Neutral,0
2290,50,Male,Chennai,Standard,43,923.37,38300.58,31.6,0,8.7,3,1,8,"Great experience, the app works smoothly and the team is helpful.",Positive,0
2291,33,Male,Ahmedabad,Basic,36,541.5,18365.81,28.1,2,18.4,0,1,7,The service is okay but there is room for improvement.,Neutral,0
2292,30,Male,Pune,Premium,11,1451.76,15853.13,42.6,1,17,0,1,8,Support solved my issue quickly. Very good experience.,Positive,0
2293,18,Other,Delhi,Basic,23,485.47,10545.34,1,1,22.5,8,0,7,"Service is acceptable for now, but support could be faster.",Neutral,0
2294,30,Male,Kochi,Standard,16,962.73,13297.68,27.4,3,8.9,7,1,4,Bad experience with billing and customer support.,Negative,1
2295,29,Other,Bengaluru,Standard,18,1040.96,16691.57,26.2,1,5.9,2,0,7,The service is fine and meets most of my needs.,Neutral,0
2296,29,Female,Pune,Standard,15,984.92,12975.42,33.1,3,4.5,9,0,7,"Service is acceptable for now, but support could be faster.",Neutral,0
2297,39,Female,Pune,Basic,41,532.95,19690.63,1,3,17.5,8,0,4,Poor experience. Support did not solve my issue.,Negative,1
2298,23,Male,Kochi,Premium,20,1437.19,25343.56,45.5,0,18.6,2,1,7,"Nothing special, but the service is usable.",Neutral,0
2299,30,Male,Mumbai,Standard,25,890.91,20861.69,38.4,2,13.9,0,0,5,Not satisfied. The app is difficult to use and often fails.,Negative,1
2300,22,Male,Kolkata,Standard,20,989.41,17246.93,18.8,2,12.3,7,0,6,The service is fine and meets most of my needs.,Neutral,0
2301,29,Female,Chennai,Basic,26,640.74,16790.16,21.3,1,15.6,4,0,8,"Great experience, the app works smoothly and the team is helpful.",Positive,0
2302,32,Male,Ahmedabad,Standard,24,860.77,21093.91,34.2,3,12.2,5,1,8,Support solved my issue quickly. Very good experience.,Positive,0
2303,38,Female,Pune,Standard,13,899.12,11237.5,34.6,2,16.1,4,0,3,Very disappointed with the service and slow support.,Negative,1
2304,40,Male,Bengaluru,Standard,12,790.71,9284.24,17.4,3,18.2,5,0,7,Bad experience with billing and customer support.,Negative,0
2305,30,Other,Bengaluru,Standard,5,878.71,4314.57,48.2,2,16.9,9,0,5,Bad experience with billing and customer support.,Negative,1
2306,30,Female,Chennai,Standard,15,868.28,11620.75,25.3,1,15.9,0,1,7,I love the service. Everything has been reliable so far.,Positive,0
2307,28,Male,Ahmedabad,Basic,9,483.87,3934.12,29,4,18.1,2,1,7,Not satisfied. The app is difficult to use and often fails.,Negative,0
2308,27,Male,Delhi,Standard,26,937.74,25522.05,31.9,2,9.6,4,0,5,I am unhappy with the price and frequent service problems.,Negative,0
2309,41,Male,Hyderabad,Standard,10,949.83,9745.56,35.2,1,17,0,0,5,Bad experience with billing and customer support.,Negative,1
2310,22,Other,Kochi,Standard,11,952.03,9516.99,11.9,0,4,0,0,8,Good value for money and quick customer support.,Positive,0
2311,43,Male,Hyderabad,Basic,13,552.06,6863.69,18.3,1,6.4,7,1,7,Average experience. Some things work well and some do not.,Neutral,0
2312,38,Female,Bengaluru,Basic,11,422.93,4133.93,16.1,1,16.9,2,0,9,"Excellent experience, no major issues and easy to use.",Positive,0
2313,54,Male,Jaipur,Standard,37,945.28,29737.66,22,3,19.1,0,0,5,The service is unreliable and I keep facing problems.,Negative,1
2314,35,Male,Pune,Premium,31,1585.17,48331.77,53.5,0,11,8,0,6,It is a normal experience with occasional issues.,Neutral,0
2315,29,Other,Delhi,Premium,19,1529.95,24868.18,53.8,0,11.4,0,0,7,It is a normal experience with occasional issues.,Neutral,0
2316,35,Other,Pune,Premium,6,1454.43,7566.39,72.6,1,13.8,2,1,5,I am unhappy with the price and frequent service problems.,Negative,0
2317,31,Other,Pune,Basic,11,475.28,4683.08,26.4,0,5.2,1,0,5,The service is okay but there is room for improvement.,Neutral,0
2318,18,Female,Kolkata,Standard,22,955.97,19591.04,25.6,1,15.1,0,1,7,"Excellent experience, no major issues and easy to use.",Positive,0
2319,43,Male,Mumbai,Premium,6,1538.12,9092.05,43.8,3,17.9,0,0,7,"Service is acceptable for now, but support could be faster.",Neutral,0
2320,34,Other,Kochi,Basic,27,437.01,11854.7,10.9,0,2.5,2,1,8,I love the service. Everything has been reliable so far.,Positive,0
2321,26,Male,Mumbai,Standard,24,894.14,20901.55,38.6,3,14.3,0,1,8,The service is okay but there is room for improvement.,Neutral,0
2322,19,Male,Ahmedabad,Premium,17,1481.31,22220.39,49.1,3,11.5,9,1,8,"Excellent experience, no major issues and easy to use.",Positive,0
2323,26,Other,Kolkata,Basic,7,526.94,3573.76,22,4,19.4,8,0,7,Very disappointed with the service and slow support.,Negative,1
2324,34,Female,Jaipur,Standard,17,920.36,14019.62,33.3,1,7.9,4,0,7,Support solved my issue quickly. Very good experience.,Positive,0
2325,27,Female,Ahmedabad,Basic,12,468.05,5200.13,17.1,3,15.4,7,0,9,Support solved my issue quickly. Very good experience.,Positive,0
2326,44,Male,Kolkata,Standard,12,771.03,9215.01,41.1,3,17.3,11,1,4,Very disappointed with the service and slow support.,Negative,1
2327,22,Other,Delhi,Premium,17,1409.58,21898.38,60.4,3,12.7,5,1,7,"Service is acceptable for now, but support could be faster.",Neutral,0
2328,31,Other,Mumbai,Standard,21,910.47,18472.25,35.5,3,22,8,1,8,"Nothing special, but the service is usable.",Neutral,0
2329,38,Other,Kolkata,Premium,13,1463.74,16596.97,44.1,2,10.9,16,0,5,The service is unreliable and I keep facing problems.,Negative,1
2330,40,Other,Kolkata,Premium,8,1451.67,10703.12,54.3,0,17.2,2,1,6,Reliable service and simple to use. I would recommend it.,Positive,0
2331,22,Female,Jaipur,Standard,7,954.92,6904.49,29.6,0,12.8,0,1,9,I love the service. Everything has been reliable so far.,Positive,0
2332,30,Female,Ahmedabad,Standard,13,873.57,11296.88,42.9,3,8.9,10,0,5,Poor experience. Support did not solve my issue.,Negative,0
2333,18,Male,Pune,Standard,19,975.65,19082.12,47.8,0,11.7,0,1,10,"Great experience, the app works smoothly and the team is helpful.",Positive,0
2334,34,Male,Kochi,Basic,4,571.81,2311.79,22.3,3,23.2,4,1,4,Very disappointed with the service and slow support.,Negative,1
2335,33,Other,Pune,Standard,25,843.35,19734.74,37.2,1,13.9,7,1,7,"Nothing special, but the service is usable.",Neutral,0
2336,28,Other,Bengaluru,Basic,34,446.39,13980.21,25.1,0,3.8,0,1,6,"Service is acceptable for now, but support could be faster.",Neutral,0
2337,31,Male,Ahmedabad,Standard,14,991.93,14464.65,28.5,3,19.9,3,1,7,The service is okay but there is room for improvement.,Neutral,0
2338,36,Female,Bengaluru,Premium,45,1440.52,66471.1,37.3,1,12.5,11,1,6,"Nothing special, but the service is usable.",Neutral,0
2339,30,Other,Mumbai,Standard,23,960.29,19327.41,27.2,0,16.1,3,0,6,"Service is acceptable for now, but support could be faster.",Neutral,0
2340,24,Other,Kochi,Basic,28,510.91,13563.22,25.8,4,18.4,4,0,9,Reliable service and simple to use. I would recommend it.,Positive,0
2341,32,Male,Pune,Standard,6,886.71,5518.71,24.1,1,13.7,0,1,5,Too many issues and the response from support is slow.,Negative,0
2342,30,Female,Chennai,Basic,10,360.64,3704.16,26.8,0,12.1,3,0,5,Average experience. Some things work well and some do not.,Neutral,0
2343,44,Other,Bengaluru,Basic,13,638.73,8280.92,26.3,2,5.1,0,0,4,Poor experience. Support did not solve my issue.,Negative,0
2344,36,Other,Kochi,Premium,33,1451.11,48079.48,54.1,0,6.2,4,1,6,The service is okay but there is room for improvement.,Neutral,0
2345,42,Other,Mumbai,Basic,29,535.4,13560.27,8.7,4,19,0,1,7,"Service is acceptable for now, but support could be faster.",Neutral,0
2346,27,Male,Delhi,Standard,26,819.03,21735.05,44.9,3,18.1,11,0,5,I am unhappy with the price and frequent service problems.,Negative,1
2347,43,Female,Hyderabad,Basic,11,563.96,5816.51,17.3,0,13.5,4,1,8,"Great experience, the app works smoothly and the team is helpful.",Positive,0
2348,29,Other,Hyderabad,Basic,5,459.58,2052.9,38.7,2,9.7,4,1,7,Really satisfied with the service and performance.,Positive,1
2349,37,Other,Kolkata,Basic,29,460.36,11537.03,25,0,9.3,0,1,9,"Excellent experience, no major issues and easy to use.",Positive,0
2350,22,Male,Bengaluru,Basic,25,506.35,11684.82,9,4,16.1,8,1,8,"Service is acceptable for now, but support could be faster.",Neutral,0
2351,32,Female,Delhi,Standard,18,957.23,16205.24,38.8,1,5.4,14,1,7,Very happy with the service and fast support.,Positive,0
2352,24,Male,Delhi,Basic,15,475.14,7049.02,20.8,3,25.6,7,0,5,Very disappointed with the service and slow support.,Negative,0
2353,35,Male,Jaipur,Basic,14,566.74,7345.73,1,2,17.8,3,1,7,The service is fine and meets most of my needs.,Neutral,0
2354,42,Other,Kochi,Standard,18,920.21,16549.56,31.7,2,20.3,8,1,8,Average experience. Some things work well and some do not.,Neutral,0
2355,52,Female,Jaipur,Basic,20,502.78,9558.77,18.9,1,8.7,9,0,6,Bad experience with billing and customer support.,Negative,0
2356,31,Other,Hyderabad,Premium,10,1437.66,13080.17,43.8,1,11.3,1,0,9,Support solved my issue quickly. Very good experience.,Positive,0
2357,25,Other,Hyderabad,Premium,8,1551.88,11917.23,57.3,0,6.8,0,0,7,Reliable service and simple to use. I would recommend it.,Positive,0
2358,26,Other,Kochi,Standard,13,941.78,11693.01,48.1,1,16.5,0,1,9,"Excellent experience, no major issues and easy to use.",Positive,0
2359,48,Male,Jaipur,Basic,32,553.86,15697.77,1.4,0,6.5,9,0,4,Not satisfied. The app is difficult to use and often fails.,Negative,0
2360,21,Male,Delhi,Basic,22,526.37,11783.76,34.2,4,22,9,1,7,The service is unreliable and I keep facing problems.,Negative,0
2361,26,Other,Mumbai,Standard,32,819.59,27462.5,28.2,3,3.1,1,1,8,"Service is acceptable for now, but support could be faster.",Neutral,0
2362,40,Male,Delhi,Standard,19,789.11,13142.57,33.1,0,10.1,3,0,7,Really satisfied with the service and performance.,Positive,0
2363,31,Other,Ahmedabad,Standard,29,884.92,24815.3,53.3,1,10.1,10,1,8,It is a normal experience with occasional issues.,Neutral,0
2364,41,Male,Jaipur,Premium,22,1496.94,29381.72,36.4,1,9.8,5,0,7,The service is fine and meets most of my needs.,Neutral,0
2365,18,Male,Kolkata,Standard,6,870.35,4983.93,46.9,1,12,4,0,6,The service is fine and meets most of my needs.,Neutral,1
2366,26,Female,Pune,Basic,18,466,7238.59,11.6,3,21.1,3,0,6,The service is okay but there is room for improvement.,Neutral,0
2367,45,Female,Kolkata,Standard,52,947.63,42071.33,32.7,3,18.7,6,0,6,I may leave because the service quality has become poor.,Negative,0
2368,20,Other,Mumbai,Premium,9,1546.16,13981.91,52,2,19.1,5,1,6,The service is okay but there is room for improvement.,Neutral,0
2369,41,Male,Hyderabad,Standard,38,969.13,32851.14,43.1,1,13.5,3,1,5,The service is unreliable and I keep facing problems.,Negative,0
2370,30,Male,Bengaluru,Premium,6,1474.14,8346.37,40.5,2,16.7,4,0,4,Poor experience. Support did not solve my issue.,Negative,1
2371,29,Male,Chennai,Standard,18,903.07,16071.93,48.5,2,11.3,2,1,8,Support solved my issue quickly. Very good experience.,Positive,0
2372,33,Female,Chennai,Standard,8,910.8,6430.58,11.2,2,11.7,6,0,5,Too many issues and the response from support is slow.,Negative,0
2373,50,Male,Delhi,Premium,16,1498.75,24190.24,31.2,2,9.8,10,1,6,The service is fine and meets most of my needs.,Neutral,0
2374,29,Other,Jaipur,Basic,14,455.13,6529.63,4.8,3,12.2,9,0,6,The service is unreliable and I keep facing problems.,Negative,1
2375,18,Other,Delhi,Premium,14,1450.14,17675.43,38.4,0,0.9,0,1,10,Reliable service and simple to use. I would recommend it.,Positive,0
2376,27,Other,Kolkata,Basic,16,427.46,6713.79,34,1,0.5,5,1,5,Poor experience. Support did not solve my issue.,Negative,0
2377,30,Other,Chennai,Standard,17,849.74,12454.26,38.6,1,10.5,5,0,8,I love the service. Everything has been reliable so far.,Positive,0
2378,26,Male,Jaipur,Standard,38,1016.61,33481.9,37.9,3,7.7,1,1,4,Bad experience with billing and customer support.,Negative,1
2379,52,Female,Ahmedabad,Basic,27,535.8,14676.88,1,4,27.9,5,1,2,The service is unreliable and I keep facing problems.,Negative,1
2380,28,Male,Pune,Standard,15,886,11456.07,38.7,1,8.7,4,0,7,Support solved my issue quickly. Very good experience.,Positive,0
2381,28,Female,Delhi,Standard,20,950.51,18381.95,26.3,2,12,2,0,6,Average experience. Some things work well and some do not.,Neutral,0
2382,32,Male,Mumbai,Standard,41,854.25,30994.73,22,2,14.5,6,1,7,Really satisfied with the service and performance.,Positive,0
2383,32,Male,Delhi,Basic,4,544.98,2222.41,28.6,1,13.2,0,0,7,"Excellent experience, no major issues and easy to use.",Positive,0
2384,18,Female,Ahmedabad,Standard,18,856.05,14614.83,46.3,1,11.7,7,0,4,Too many issues and the response from support is slow.,Negative,0
2385,40,Female,Jaipur,Standard,12,821.08,9597.22,39.1,3,20.3,0,0,4,Too many issues and the response from support is slow.,Negative,1
2386,31,Male,Hyderabad,Basic,17,432.87,7237.85,8.5,1,10.8,1,0,7,Very happy with the service and fast support.,Positive,0
2387,41,Other,Bengaluru,Premium,30,1412.76,41218.94,43.5,2,7.1,0,0,4,Very disappointed with the service and slow support.,Negative,0
2388,30,Female,Bengaluru,Standard,8,872.98,6578.21,18.5,1,16,3,1,5,Bad experience with billing and customer support.,Negative,1
2389,40,Other,Ahmedabad,Standard,26,962.52,23957.42,28.9,4,15.9,7,1,5,Too many issues and the response from support is slow.,Negative,0
2390,19,Male,Hyderabad,Standard,2,867.02,1803.59,26.7,2,13.5,3,1,4,I may leave because the service quality has become poor.,Negative,0
2391,33,Female,Hyderabad,Premium,13,1552.59,18078.07,32.7,1,12.2,4,1,4,The service is unreliable and I keep facing problems.,Negative,0
2392,35,Female,Hyderabad,Standard,13,1017.58,12702.53,36.2,2,14.6,6,0,6,"Nothing special, but the service is usable.",Neutral,0
2393,44,Male,Delhi,Basic,8,486.64,3518.54,25.5,1,18.5,7,1,8,"Excellent experience, no major issues and easy to use.",Positive,0
2394,28,Female,Kochi,Standard,5,874.61,3724.65,29.3,2,17.3,6,0,8,Really satisfied with the service and performance.,Positive,0
2395,33,Male,Kolkata,Basic,8,478.89,3515.63,23.1,3,18.3,10,1,6,I am unhappy with the price and frequent service problems.,Negative,1
2396,45,Other,Bengaluru,Premium,14,1517.31,18083.8,49.6,2,21,5,0,4,I am unhappy with the price and frequent service problems.,Negative,1
2397,42,Male,Jaipur,Standard,33,876.39,25129.54,34.7,3,14.1,0,0,6,I am unhappy with the price and frequent service problems.,Negative,0
2398,36,Female,Ahmedabad,Basic,30,512.04,13620.94,10.7,2,21.3,6,0,6,I may leave because the service quality has become poor.,Negative,1
2399,23,Female,Chennai,Basic,39,455.57,17325.07,1,1,21.2,3,0,7,Good value for money and quick customer support.,Positive,0
2400,30,Male,Kolkata,Basic,36,592.44,18810.15,25.8,3,13.7,9,0,6,Poor experience. Support did not solve my issue.,Negative,0
2401,39,Male,Kolkata,Standard,28,926.48,26096.85,18,1,11.2,2,1,8,Good value for money and quick customer support.,Positive,0
2402,18,Other,Delhi,Standard,17,791.63,13254.79,40.3,3,17.7,5,0,4,Too many issues and the response from support is slow.,Negative,0
2403,18,Male,Pune,Standard,18,981.58,18142.62,24.7,2,16.2,9,1,5,Bad experience with billing and customer support.,Negative,0
2404,34,Other,Delhi,Standard,12,866.18,9781.93,42.1,3,22,6,1,5,The service is unreliable and I keep facing problems.,Negative,0
2405,46,Male,Hyderabad,Premium,17,1501.56,24329.83,58,0,9.4,0,1,7,Support solved my issue quickly. Very good experience.,Positive,0
2406,39,Female,Delhi,Basic,24,394.52,9708.23,16.6,2,16,7,1,7,The service is okay but there is room for improvement.,Neutral,0
2407,27,Male,Ahmedabad,Premium,18,1391.73,21787.28,52.4,0,10.2,2,0,6,Not satisfied. The app is difficult to use and often fails.,Negative,1
2408,36,Other,Kolkata,Standard,66,846.27,52345.58,33.2,2,12.4,0,1,5,I may leave because the service quality has become poor.,Negative,0
2409,42,Other,Kolkata,Standard,12,886.57,10040.77,19,2,22.2,11,0,6,Too many issues and the response from support is slow.,Negative,0
2410,29,Female,Kochi,Basic,31,442.47,11766.72,11.5,0,9.7,4,1,6,The service is okay but there is room for improvement.,Neutral,0
2411,32,Other,Delhi,Basic,29,517,12785.72,21.4,3,15.4,6,1,9,Support solved my issue quickly. Very good experience.,Positive,0
2412,25,Female,Ahmedabad,Standard,24,775.55,18227.83,21.5,0,7.4,6,1,8,Very happy with the service and fast support.,Positive,0
2413,43,Female,Ahmedabad,Standard,30,1001.79,26701.94,32.1,0,4.5,5,1,7,Very happy with the service and fast support.,Positive,0
2414,40,Female,Ahmedabad,Standard,17,918.09,15464.04,18,2,12.6,10,0,3,I am unhappy with the price and frequent service problems.,Negative,0
2415,20,Other,Hyderabad,Premium,11,1513.13,16948.17,62,3,7.7,6,1,7,Average experience. Some things work well and some do not.,Neutral,0
2416,35,Other,Kochi,Basic,3,457.3,1363.06,11.2,6,26.6,6,0,3,Bad experience with billing and customer support.,Negative,1
2417,41,Male,Delhi,Premium,34,1478.94,51718.54,69.1,4,22.5,2,0,3,Very disappointed with the service and slow support.,Negative,1
2418,31,Other,Mumbai,Standard,12,810.55,10036.62,34.2,2,18.4,0,0,6,Poor experience. Support did not solve my issue.,Negative,0
2419,43,Other,Kolkata,Premium,13,1519.32,20082.65,33.1,0,5,4,0,5,"Service is acceptable for now, but support could be faster.",Neutral,0
2420,39,Male,Delhi,Basic,21,457.97,8849.84,15.4,1,5.6,2,0,8,Good value for money and quick customer support.,Positive,0
2421,57,Male,Bengaluru,Premium,24,1409.27,32279.6,62.1,0,6.4,0,0,7,The service is fine and meets most of my needs.,Neutral,0
2422,22,Female,Ahmedabad,Basic,2,464.16,971.9,4.5,2,12,0,1,6,"Service is acceptable for now, but support could be faster.",Neutral,0
2423,27,Male,Mumbai,Standard,26,976.4,24331.15,40.3,1,12.5,0,0,7,Very happy with the service and fast support.,Positive,0
2424,49,Female,Hyderabad,Premium,16,1355.76,20377.3,46.6,0,10.4,8,1,9,Support solved my issue quickly. Very good experience.,Positive,1
2425,37,Male,Pune,Premium,24,1458.92,34494.69,47.7,1,9.8,2,0,10,"Great experience, the app works smoothly and the team is helpful.",Positive,0
2426,41,Other,Kolkata,Basic,24,363.91,8811.3,27.6,5,26.1,0,0,6,The service is unreliable and I keep facing problems.,Negative,0
2427,27,Other,Jaipur,Standard,17,964.7,14687.3,28.8,1,20.1,6,0,7,"Excellent experience, no major issues and easy to use.",Positive,0
2428,35,Female,Kolkata,Standard,41,849.12,33454.58,6.9,1,18.6,4,0,5,Too many issues and the response from support is slow.,Negative,0
2429,30,Female,Ahmedabad,Basic,13,506.52,6353.44,14.8,3,13.6,4,1,2,I may leave because the service quality has become poor.,Negative,0
2430,33,Female,Pune,Standard,20,823.76,14396.71,10.2,2,24.1,1,0,7,It is a normal experience with occasional issues.,Neutral,0
2431,39,Other,Pune,Standard,23,907.52,21196.6,28.1,1,14.2,3,0,5,It is a normal experience with occasional issues.,Neutral,0
2432,41,Male,Ahmedabad,Standard,2,883.42,1660.03,36.5,0,12.9,0,1,7,"Great experience, the app works smoothly and the team is helpful.",Positive,0
2433,37,Female,Mumbai,Standard,13,973.76,11901.31,45,3,12.1,4,0,6,It is a normal experience with occasional issues.,Neutral,0
2434,38,Male,Ahmedabad,Standard,21,1030.36,20256.63,32.8,1,18.8,2,0,2,Too many issues and the response from support is slow.,Negative,1
2435,31,Female,Chennai,Premium,25,1484.07,37238.64,36.6,3,10.4,1,0,5,The service is okay but there is room for improvement.,Neutral,0
2436,41,Other,Chennai,Basic,11,548.28,5736.54,19.6,5,32.6,2,1,9,The service is fine and meets most of my needs.,Neutral,0
2437,37,Male,Hyderabad,Basic,31,557.65,15272.25,4.3,3,24.5,12,1,10,Good value for money and quick customer support.,Positive,0
2438,28,Male,Ahmedabad,Basic,3,660.49,1800.75,13.1,3,10.6,11,1,8,"Nothing special, but the service is usable.",Neutral,0
2439,30,Female,Chennai,Basic,9,413.1,3657.72,21.2,1,17.1,5,1,8,Very happy with the service and fast support.,Positive,0
2440,31,Female,Mumbai,Standard,14,1002.09,13013.29,33.4,0,10.1,0,1,6,The service is fine and meets most of my needs.,Neutral,0
2441,25,Female,Delhi,Premium,14,1442.96,19649.97,47.2,2,14.3,13,0,7,"Service is acceptable for now, but support could be faster.",Neutral,0
2442,39,Female,Ahmedabad,Standard,59,986.86,51504.1,21.3,1,11.4,11,0,4,The service is unreliable and I keep facing problems.,Negative,1
2443,23,Female,Hyderabad,Standard,3,997.89,3119.63,29.8,1,10,2,0,6,Average experience. Some things work well and some do not.,Neutral,0
2444,19,Other,Hyderabad,Basic,18,558.61,10464.02,25.2,1,3,4,1,6,The service is okay but there is room for improvement.,Neutral,0
2445,23,Male,Kolkata,Standard,35,975.53,30028.47,35.1,2,20,0,1,7,Average experience. Some things work well and some do not.,Neutral,1
2446,30,Other,Kochi,Standard,32,849.28,24767.46,37.4,4,13.7,2,0,6,Too many issues and the response from support is slow.,Negative,1
2447,42,Male,Kolkata,Premium,30,1511.4,40592.01,50.9,1,11.8,6,1,9,Really satisfied with the service and performance.,Positive,0
2448,32,Other,Delhi,Standard,9,907.53,8563.8,34.2,4,18.5,6,0,3,Poor experience. Support did not solve my issue.,Negative,1
2449,33,Female,Kochi,Standard,6,891.29,5165.21,39.8,2,17.9,8,1,8,The service is fine and meets most of my needs.,Neutral,0
2450,35,Other,Pune,Standard,25,896.62,21328.55,37.3,1,6.8,3,0,5,"Service is acceptable for now, but support could be faster.",Neutral,0
2451,18,Other,Chennai,Basic,29,441.27,11563.3,16.9,1,9.4,3,1,9,Very happy with the service and fast support.,Positive,0
2452,29,Female,Kolkata,Basic,11,566.48,6480.8,8.4,4,17.2,12,1,8,The service is unreliable and I keep facing problems.,Negative,1
2453,27,Male,Pune,Standard,26,908.06,22169.64,42.6,0,17.4,2,0,5,"Nothing special, but the service is usable.",Neutral,0
2454,45,Male,Kochi,Standard,30,910.63,24777.45,23.7,1,15.1,0,0,5,Very disappointed with the service and slow support.,Negative,1
2455,48,Other,Ahmedabad,Standard,16,922.47,13150.77,26.1,2,13.5,10,0,5,Not satisfied. The app is difficult to use and often fails.,Negative,0
2456,32,Other,Kochi,Premium,17,1652.71,28776.51,57.8,2,14.3,8,1,4,Very disappointed with the service and slow support.,Negative,1
2457,18,Male,Pune,Basic,33,594.61,16930.62,9.2,0,15.9,0,1,8,"Excellent experience, no major issues and easy to use.",Positive,0
2458,20,Female,Jaipur,Standard,25,867.48,22618.13,36.9,4,25.6,10,1,4,I am unhappy with the price and frequent service problems.,Negative,1
2459,23,Male,Jaipur,Basic,22,526.92,9995.06,16.1,3,9.5,11,0,3,Too many issues and the response from support is slow.,Negative,1
2460,31,Male,Pune,Standard,6,864.59,4651.21,30.8,1,15.1,7,0,8,The service is fine and meets most of my needs.,Neutral,0
2461,43,Other,Kolkata,Basic,12,403,4119.42,20.9,1,14,12,1,6,"Nothing special, but the service is usable.",Neutral,0
2462,31,Other,Ahmedabad,Basic,13,547.88,6924.28,31.7,1,7.9,9,0,7,Average experience. Some things work well and some do not.,Neutral,0
2463,32,Male,Hyderabad,Premium,54,1456.59,69268.52,40.3,1,19.1,0,0,9,I love the service. Everything has been reliable so far.,Positive,0
2464,29,Male,Ahmedabad,Premium,18,1496.2,25911.7,43.6,2,14,10,1,6,The service is okay but there is room for improvement.,Neutral,0
2465,25,Male,Chennai,Standard,20,1017.88,18498.6,29.9,3,15.5,8,1,6,Bad experience with billing and customer support.,Negative,0
2466,39,Other,Ahmedabad,Basic,35,424.61,13685.73,28.1,0,0.5,11,0,7,Good value for money and quick customer support.,Positive,0
2467,18,Other,Kolkata,Standard,15,959.52,12762.41,32.5,1,9.9,0,1,5,I may leave because the service quality has become poor.,Negative,0
2468,37,Female,Pune,Premium,9,1382.53,12782.99,39.9,1,19.4,10,1,8,"Great experience, the app works smoothly and the team is helpful.",Positive,0
2469,34,Other,Mumbai,Premium,20,1557.09,26944.9,39.9,3,22.7,3,1,5,Poor experience. Support did not solve my issue.,Negative,0
2470,30,Female,Kochi,Standard,9,919.48,7637.91,34.6,3,7.9,14,1,6,The service is unreliable and I keep facing problems.,Negative,0
2471,27,Other,Kolkata,Standard,7,908.08,6186.63,33.2,2,6.4,0,0,4,Very disappointed with the service and slow support.,Negative,0
2472,24,Female,Ahmedabad,Standard,7,923.18,6213.11,32.7,2,19.9,8,1,4,Bad experience with billing and customer support.,Negative,1
2473,35,Male,Jaipur,Standard,25,948.17,21800.16,22.8,3,18.8,5,0,5,Bad experience with billing and customer support.,Negative,1
2474,45,Female,Chennai,Premium,5,1519.31,6645.79,57.7,0,8.2,0,0,6,Average experience. Some things work well and some do not.,Neutral,1
2475,30,Female,Delhi,Standard,27,860.11,21223.21,35.6,0,8.9,2,0,4,Too many issues and the response from support is slow.,Negative,1
2476,34,Female,Hyderabad,Premium,25,1574.69,34120.41,54,2,19.6,3,1,9,Very happy with the service and fast support.,Positive,0
2477,53,Other,Pune,Basic,22,458.9,9429.75,14.4,2,5.9,5,1,7,"Nothing special, but the service is usable.",Neutral,0
2478,39,Female,Kolkata,Basic,26,453.67,12271.31,23.9,3,13.3,6,1,6,Too many issues and the response from support is slow.,Negative,0
2479,27,Other,Bengaluru,Premium,18,1576.59,25307.65,44.7,3,21.5,5,0,3,I may leave because the service quality has become poor.,Negative,0
2480,34,Other,Ahmedabad,Standard,17,840.56,12694.02,57.5,3,18.1,2,1,9,"Great experience, the app works smoothly and the team is helpful.",Positive,0
2481,39,Male,Delhi,Basic,21,506.38,10136.6,26,1,12.1,8,0,4,Poor experience. Support did not solve my issue.,Negative,0
2482,30,Male,Hyderabad,Standard,29,980.85,25663.36,30.3,0,11.8,0,0,7,Very happy with the service and fast support.,Positive,0
2483,34,Female,Bengaluru,Basic,24,525.47,11432.94,17.1,3,9.7,3,1,6,Average experience. Some things work well and some do not.,Neutral,0
2484,39,Other,Jaipur,Standard,11,826.8,7839.31,43.4,2,10.7,8,1,6,Not satisfied. The app is difficult to use and often fails.,Negative,0
2485,34,Other,Chennai,Premium,34,1592.09,50097.47,50.4,1,22.8,0,1,8,Very happy with the service and fast support.,Positive,0
2486,29,Other,Kolkata,Standard,22,803.98,15900.96,50.4,4,11.2,7,0,6,The service is unreliable and I keep facing problems.,Negative,0
2487,21,Male,Kochi,Basic,26,444.85,10676.49,9.2,4,14.9,2,1,6,The service is unreliable and I keep facing problems.,Negative,0
2488,43,Male,Ahmedabad,Basic,8,543.07,4092.06,9.8,0,5.3,0,0,9,Support solved my issue quickly. Very good experience.,Positive,0
2489,18,Male,Bengaluru,Basic,37,505.85,18543.59,23.4,0,3.2,1,1,5,The service is okay but there is room for improvement.,Neutral,0
2490,39,Female,Ahmedabad,Standard,21,887.52,16425.73,38.4,2,11.8,6,0,6,The service is fine and meets most of my needs.,Neutral,0
2491,46,Female,Hyderabad,Basic,15,510.46,7393.64,14.4,3,16,5,0,2,Poor experience. Support did not solve my issue.,Negative,0
2492,24,Other,Hyderabad,Basic,30,546.79,15552.78,28.1,2,10.1,3,0,5,Poor experience. Support did not solve my issue.,Negative,0
2493,43,Male,Mumbai,Standard,5,798.72,4166.76,45.5,2,8.8,8,1,6,The service is unreliable and I keep facing problems.,Negative,0
2494,30,Other,Mumbai,Basic,15,570.61,7827.53,20.6,3,16.8,3,0,7,"Nothing special, but the service is usable.",Neutral,1
2495,37,Other,Chennai,Basic,17,343.6,5947.47,13.4,2,18.4,12,1,6,Too many issues and the response from support is slow.,Negative,0
2496,22,Male,Pune,Basic,16,475.21,7458.55,16.6,3,12.5,8,1,5,Bad experience with billing and customer support.,Negative,1
2497,45,Male,Mumbai,Basic,3,466.98,1262.68,9.2,2,12.3,0,0,7,Average experience. Some things work well and some do not.,Neutral,0
2498,26,Female,Pune,Standard,18,767.4,13709.11,40.1,0,7.9,0,1,8,"Great experience, the app works smoothly and the team is helpful.",Positive,0
2499,46,Female,Delhi,Standard,33,856.85,28927.22,28.2,1,11.3,0,1,6,"Nothing special, but the service is usable.",Neutral,0
2500,36,Other,Ahmedabad,Premium,28,1490.32,39254.17,45.3,1,10.6,5,0,7,The service is okay but there is room for improvement.,Neutral,0
2501,34,Other,Kolkata,Basic,5,537.12,2676.49,14.9,3,12.2,0,0,4,Bad experience with billing and customer support.,Negative,0
2502,30,Female,Pune,Basic,28,464.07,12147.46,27.5,3,20.1,3,1,7,The service is okay but there is room for improvement.,Neutral,0
2503,21,Other,Mumbai,Basic,13,535.83,6412.13,14.3,0,14.6,3,1,6,"Service is acceptable for now, but support could be faster.",Neutral,0
2504,22,Male,Hyderabad,Standard,8,972.12,6917.31,39.5,3,18.9,5,0,6,I may leave because the service quality has become poor.,Negative,0
2505,48,Male,Ahmedabad,Standard,18,1039.66,16335.2,33.7,0,6.6,4,1,6,The service is fine and meets most of my needs.,Neutral,0
2506,35,Female,Jaipur,Premium,29,1537.3,41908.16,60.5,2,11.5,3,1,5,The service is unreliable and I keep facing problems.,Negative,0
2507,33,Other,Delhi,Premium,37,1574.91,58225.97,47,1,7.8,1,0,9,I love the service. Everything has been reliable so far.,Positive,0
2508,25,Female,Ahmedabad,Basic,4,467.32,1677.49,24.5,2,8.2,5,0,8,I love the service. Everything has been reliable so far.,Positive,0
2509,24,Female,Pune,Basic,12,580.79,6872.41,4.8,1,17,1,0,5,Very disappointed with the service and slow support.,Negative,1
2510,32,Female,Jaipur,Standard,13,1028.88,11707.18,51.1,4,15.3,0,1,5,Bad experience with billing and customer support.,Negative,1
2511,28,Female,Mumbai,Basic,11,544.84,5712.02,1,5,11.3,2,1,4,Not satisfied. The app is difficult to use and often fails.,Negative,1
2512,40,Female,Kolkata,Basic,13,582.92,7870.35,16.3,0,17.6,9,0,8,"Great experience, the app works smoothly and the team is helpful.",Positive,0
2513,35,Female,Kolkata,Standard,8,946.79,7635.64,42.7,2,16.3,10,1,3,Very disappointed with the service and slow support.,Negative,1
2514,24,Male,Kochi,Basic,33,449.7,15056.56,25.5,3,19,9,1,6,I am unhappy with the price and frequent service problems.,Negative,0
2515,39,Other,Chennai,Basic,17,513.39,7944.22,24.2,3,21.5,13,1,6,Very disappointed with the service and slow support.,Negative,0
2516,32,Male,Pune,Standard,20,876.95,18075.3,57.2,4,16.4,2,0,4,Not satisfied. The app is difficult to use and often fails.,Negative,1
2517,36,Female,Kolkata,Basic,27,420.94,11861.21,16.4,2,10,4,0,4,Poor experience. Support did not solve my issue.,Negative,0
2518,31,Male,Chennai,Basic,27,446.24,12360.65,21.9,2,20.1,4,0,4,Poor experience. Support did not solve my issue.,Negative,1
2519,40,Male,Mumbai,Standard,27,822.14,22924.93,39.7,1,10.2,0,0,7,Average experience. Some things work well and some do not.,Neutral,0
2520,31,Other,Kochi,Premium,10,1443.86,13011.53,47.6,2,9.4,0,1,6,The service is okay but there is room for improvement.,Neutral,1
2521,18,Female,Chennai,Basic,7,473.41,3321.82,28.4,2,15.2,7,1,6,Bad experience with billing and customer support.,Negative,0
2522,26,Other,Mumbai,Premium,22,1472.17,33946.7,49.2,1,15.1,4,1,7,Reliable service and simple to use. I would recommend it.,Positive,0
2523,30,Other,Mumbai,Standard,2,976.96,2004.9,31.8,1,3.2,6,0,8,Support solved my issue quickly. Very good experience.,Positive,0
2524,32,Male,Delhi,Standard,23,834.78,19818.44,24.9,0,8.9,0,0,7,It is a normal experience with occasional issues.,Neutral,0
2525,34,Female,Pune,Premium,4,1449.07,5857.28,54.2,1,16.1,7,1,6,The service is fine and meets most of my needs.,Neutral,0
2526,32,Female,Kochi,Basic,35,356.95,11367.48,24.5,2,16.9,5,1,7,"Nothing special, but the service is usable.",Neutral,0
2527,35,Other,Jaipur,Basic,32,608.39,18860.97,26,0,8.8,1,0,5,Average experience. Some things work well and some do not.,Neutral,0
2528,29,Female,Delhi,Basic,19,569.04,9746.39,8,2,0.7,9,0,5,Bad experience with billing and customer support.,Negative,0
2529,30,Male,Mumbai,Basic,42,564.65,23027.77,16.9,6,26.6,13,0,2,Very disappointed with the service and slow support.,Negative,1
2530,32,Male,Pune,Standard,34,926.58,29906.76,30.3,1,15.2,2,1,9,Support solved my issue quickly. Very good experience.,Positive,0
2531,29,Other,Chennai,Standard,28,889.79,22279.8,22.4,3,12.4,2,1,8,"Excellent experience, no major issues and easy to use.",Positive,0
2532,44,Female,Ahmedabad,Basic,20,526.7,10119.95,12,0,5.4,8,1,7,I love the service. Everything has been reliable so far.,Positive,0
2533,32,Male,Kolkata,Standard,10,853.13,7897.21,21.9,2,15.8,5,0,8,It is a normal experience with occasional issues.,Neutral,0
2534,42,Male,Delhi,Standard,6,900.48,5497.95,24.5,0,7.7,5,0,5,Bad experience with billing and customer support.,Negative,0
2535,39,Male,Chennai,Basic,26,406.83,10895.1,23.3,5,23.3,10,1,5,I may leave because the service quality has become poor.,Negative,0
2536,37,Male,Ahmedabad,Standard,24,793.54,18747.44,26.1,2,20.6,5,1,6,It is a normal experience with occasional issues.,Neutral,0
2537,25,Male,Pune,Standard,15,823.44,12835.35,54.1,3,12.9,4,0,6,I may leave because the service quality has become poor.,Negative,0
2538,24,Other,Delhi,Standard,9,1007.38,9191.33,30.3,1,8.8,2,1,5,Not satisfied. The app is difficult to use and often fails.,Negative,0
2539,37,Male,Chennai,Premium,47,1546.17,75755.86,44.3,4,19.6,4,1,10,"Great experience, the app works smoothly and the team is helpful.",Positive,0
2540,34,Male,Bengaluru,Basic,44,442.16,19784.38,22.2,1,10.6,5,1,7,Good value for money and quick customer support.,Positive,0
2541,33,Other,Jaipur,Standard,11,757.21,7707.16,29.7,2,17.3,4,1,9,It is a normal experience with occasional issues.,Neutral,0
2542,21,Male,Ahmedabad,Basic,18,554.18,8977.76,9.2,2,20,0,0,8,It is a normal experience with occasional issues.,Neutral,0
2543,22,Female,Delhi,Basic,14,433.38,6338.3,19.7,3,9.2,5,1,5,Too many issues and the response from support is slow.,Negative,0
2544,22,Female,Delhi,Standard,29,727.25,19166.72,33.8,1,7.1,1,0,9,"Excellent experience, no major issues and easy to use.",Positive,0
2545,44,Male,Pune,Standard,10,891.26,7643.35,23.9,1,11.2,6,0,5,I may leave because the service quality has become poor.,Negative,1
2546,35,Female,Pune,Standard,44,772.45,30511.53,18.5,0,18.5,2,0,6,"Service is acceptable for now, but support could be faster.",Neutral,1
2547,39,Other,Bengaluru,Standard,12,834.28,9544.6,25.2,1,5.2,0,1,7,Average experience. Some things work well and some do not.,Neutral,0
2548,22,Male,Hyderabad,Standard,2,1014.51,2018.41,31.2,1,9.2,5,0,3,Poor experience. Support did not solve my issue.,Negative,1
2549,33,Other,Ahmedabad,Standard,14,801.07,9712.26,39.4,0,8.3,2,1,8,Really satisfied with the service and performance.,Positive,0
2550,27,Female,Jaipur,Basic,10,442.27,4603.66,15.4,3,12.2,11,1,5,The service is okay but there is room for improvement.,Neutral,1
2551,60,Male,Delhi,Standard,33,876.08,26799.23,34.4,2,17,2,0,4,The service is unreliable and I keep facing problems.,Negative,0
2552,40,Female,Kochi,Premium,25,1448.56,37982.27,54.4,4,17.6,4,0,5,Not satisfied. The app is difficult to use and often fails.,Negative,1
2553,27,Other,Pune,Standard,7,831.1,5150.17,27.7,0,11.6,5,0,7,Average experience. Some things work well and some do not.,Neutral,0
2554,29,Other,Pune,Standard,14,781.13,9980.13,39.3,3,16.4,3,0,7,It is a normal experience with occasional issues.,Neutral,0
2555,25,Male,Mumbai,Standard,14,861.4,11635.62,7.7,0,10.4,7,1,8,Good value for money and quick customer support.,Positive,0
2556,45,Other,Bengaluru,Standard,3,914.56,2377.04,27.6,2,14.6,2,1,6,Average experience. Some things work well and some do not.,Neutral,0
2557,20,Female,Pune,Standard,2,906.11,1882.04,36.1,3,18,10,0,6,Too many issues and the response from support is slow.,Negative,1
2558,45,Other,Bengaluru,Standard,34,926.83,29437.76,20.8,0,0.8,6,0,7,"Excellent experience, no major issues and easy to use.",Positive,0
2559,39,Female,Bengaluru,Standard,45,844.55,33441.49,54.6,0,15.4,0,0,6,Support solved my issue quickly. Very good experience.,Positive,0
2560,38,Other,Chennai,Basic,12,592.87,6089.05,7.4,3,14.3,4,1,5,Not satisfied. The app is difficult to use and often fails.,Negative,0
2561,34,Male,Mumbai,Basic,7,484.38,3201.26,6.5,1,7.9,3,1,7,Average experience. Some things work well and some do not.,Neutral,0
2562,46,Male,Jaipur,Basic,33,366.65,11303.84,12.3,2,9.5,7,1,6,The service is fine and meets most of my needs.,Neutral,0
2563,18,Female,Jaipur,Basic,13,505.15,5718.71,11.8,2,9.4,7,1,8,Reliable service and simple to use. I would recommend it.,Positive,0
2564,18,Other,Bengaluru,Basic,23,478,9824.03,30.1,1,8.5,0,1,6,"Service is acceptable for now, but support could be faster.",Neutral,0
2565,33,Female,Chennai,Standard,32,898.26,24705.07,30.4,0,14,6,1,8,Good value for money and quick customer support.,Positive,0
2566,29,Other,Chennai,Standard,18,792.25,14319.06,24.3,0,19.6,5,1,5,Bad experience with billing and customer support.,Negative,1
2567,41,Male,Jaipur,Premium,15,1502.42,20382.81,24,2,11.2,4,1,8,Really satisfied with the service and performance.,Positive,0
2568,26,Male,Mumbai,Standard,20,888.68,17081.96,35.8,1,7.2,8,1,6,"Service is acceptable for now, but support could be faster.",Neutral,0
2569,32,Female,Delhi,Standard,11,809.03,7978.45,52.1,2,14.4,7,1,8,Very happy with the service and fast support.,Positive,0
2570,25,Male,Jaipur,Standard,27,832,20705.79,31,4,14.1,8,1,5,Bad experience with billing and customer support.,Negative,0
2571,28,Female,Bengaluru,Standard,4,924.34,3539.71,39.7,0,10.4,0,1,7,Reliable service and simple to use. I would recommend it.,Positive,0
2572,30,Male,Kolkata,Premium,7,1392.64,10052.99,44.3,1,18.2,9,0,6,It is a normal experience with occasional issues.,Neutral,0
2573,37,Other,Hyderabad,Basic,12,536.81,6758.85,20,6,20.5,6,0,9,Average experience. Some things work well and some do not.,Neutral,0
2574,31,Male,Jaipur,Basic,20,395.7,8295.05,23.6,3,16.8,6,0,1,Bad experience with billing and customer support.,Negative,1
2575,30,Other,Kolkata,Standard,41,935.83,32800.29,38.5,4,20.6,12,0,6,Bad experience with billing and customer support.,Negative,0
2576,34,Other,Pune,Basic,27,421.87,11001.76,3.2,4,11.8,19,1,7,The service is unreliable and I keep facing problems.,Negative,1
2577,30,Other,Delhi,Standard,14,884.94,11885.32,45.1,0,18.7,0,1,5,I am unhappy with the price and frequent service problems.,Negative,0
2578,42,Female,Ahmedabad,Standard,18,967.96,18123,42.9,2,14.4,0,1,5,I may leave because the service quality has become poor.,Negative,0
2579,28,Male,Chennai,Standard,16,873.3,14250.19,15.1,1,16.7,0,0,8,The service is fine and meets most of my needs.,Neutral,0
2580,18,Female,Ahmedabad,Standard,11,960.04,9784.02,2.7,1,13.4,8,0,8,Support solved my issue quickly. Very good experience.,Positive,0
2581,27,Other,Kolkata,Premium,19,1448.85,28497.02,48.4,3,7.3,4,1,9,Good value for money and quick customer support.,Positive,0
2582,35,Other,Bengaluru,Standard,8,847.24,6510.47,22.2,3,21.1,3,0,7,The service is unreliable and I keep facing problems.,Negative,1
2583,34,Other,Jaipur,Standard,16,891.23,14633.71,33.5,1,17.5,3,0,3,Not satisfied. The app is difficult to use and often fails.,Negative,1
2584,28,Other,Mumbai,Basic,55,448.24,24772.24,16.3,3,15.1,3,1,6,"Nothing special, but the service is usable.",Neutral,0
2585,24,Male,Delhi,Basic,12,508.85,5193.01,25.7,4,12.2,3,1,5,I am unhappy with the price and frequent service problems.,Negative,0
2586,32,Male,Ahmedabad,Standard,27,820.62,21437.17,32.2,3,22.4,4,0,5,Poor experience. Support did not solve my issue.,Negative,1
2587,31,Female,Mumbai,Basic,7,481.19,3141.07,22.4,4,20.9,8,1,6,The service is unreliable and I keep facing problems.,Negative,0
2588,25,Male,Mumbai,Standard,22,924.39,17499.32,22.3,3,24.5,9,1,3,I am unhappy with the price and frequent service problems.,Negative,1
2589,37,Other,Jaipur,Standard,22,805.82,16579.61,38.1,6,21.1,11,0,5,Poor experience. Support did not solve my issue.,Negative,0
2590,34,Female,Kochi,Standard,31,955.08,30748.52,42.1,2,13.6,9,1,10,I love the service. Everything has been reliable so far.,Positive,0
2591,43,Male,Ahmedabad,Standard,17,981.44,16430.21,22.6,0,10.8,0,0,5,The service is okay but there is room for improvement.,Neutral,0
2592,34,Other,Bengaluru,Standard,19,586.41,11229.08,40.9,2,14.2,12,1,9,Reliable service and simple to use. I would recommend it.,Positive,0
2593,28,Female,Hyderabad,Standard,13,952.04,12388.79,23.7,1,20.1,6,1,7,"Nothing special, but the service is usable.",Neutral,0
2594,39,Other,Hyderabad,Standard,11,945.9,8940,17.3,1,7.6,0,0,5,I may leave because the service quality has become poor.,Negative,0
2595,20,Female,Bengaluru,Basic,32,448.83,13492.28,7.8,2,8.5,3,1,6,"Nothing special, but the service is usable.",Neutral,0
2596,28,Male,Delhi,Standard,12,931.01,11073.37,49,1,12.9,4,1,7,Support solved my issue quickly. Very good experience.,Positive,0
2597,26,Male,Hyderabad,Basic,16,575.43,8340,21.1,2,15.7,5,1,6,The service is fine and meets most of my needs.,Neutral,0
2598,27,Male,Chennai,Standard,13,861.14,10352.24,64.6,2,20.6,1,1,8,I love the service. Everything has been reliable so far.,Positive,0
2599,26,Male,Ahmedabad,Basic,15,463.6,7261.02,20.5,4,16.1,5,0,8,"Service is acceptable for now, but support could be faster.",Neutral,0
2600,21,Other,Hyderabad,Standard,31,971.96,29183.17,34.8,2,20,3,1,10,Good value for money and quick customer support.,Positive,0
2601,28,Female,Delhi,Basic,36,497.23,15259.39,15.6,1,16.7,6,1,6,"Service is acceptable for now, but support could be faster.",Neutral,0
2602,42,Female,Pune,Standard,16,850.19,11959.47,58.2,3,22.7,10,0,5,Poor experience. Support did not solve my issue.,Negative,1
2603,20,Male,Kochi,Basic,55,493.01,23474.63,27.6,1,6.3,7,0,8,Really satisfied with the service and performance.,Positive,0
2604,48,Other,Delhi,Standard,53,989.31,46407,23.3,0,15.3,2,1,8,I love the service. Everything has been reliable so far.,Positive,0
2605,31,Other,Pune,Standard,25,829.06,18668.55,23.5,3,10.2,8,1,7,"Nothing special, but the service is usable.",Neutral,0
2606,31,Female,Chennai,Standard,7,810.93,5801.67,19.7,0,16.7,10,0,8,I love the service. Everything has been reliable so far.,Positive,0
2607,31,Other,Pune,Premium,15,1548.53,21142.12,62,3,20.7,6,1,4,I am unhappy with the price and frequent service problems.,Negative,1
2608,26,Male,Mumbai,Standard,18,883.35,15053.18,39.1,2,13.3,11,0,8,The service is fine and meets most of my needs.,Neutral,0
2609,18,Male,Pune,Standard,15,975.49,14736.78,36.4,1,13.2,3,1,7,It is a normal experience with occasional issues.,Neutral,0
2610,45,Other,Chennai,Premium,6,1513.94,8770.98,37.7,1,12.6,6,0,7,The service is fine and meets most of my needs.,Neutral,0
2611,21,Other,Delhi,Standard,10,837.93,7379.2,48.1,1,5.7,3,1,9,Reliable service and simple to use. I would recommend it.,Positive,0
2612,29,Other,Chennai,Premium,4,1503.58,5691.41,56.7,1,13.6,0,1,8,I love the service. Everything has been reliable so far.,Positive,0
2613,43,Female,Kolkata,Basic,6,640.22,3895.01,7.9,5,27,6,0,5,Not satisfied. The app is difficult to use and often fails.,Negative,1
2614,21,Male,Pune,Basic,45,508.74,20396.94,16,3,15.4,7,0,5,Too many issues and the response from support is slow.,Negative,0
2615,30,Other,Hyderabad,Standard,15,961.91,13112.72,18.4,0,12,1,1,8,Reliable service and simple to use. I would recommend it.,Positive,0
2616,38,Female,Jaipur,Premium,12,1527.35,18995.85,52,1,14.2,13,0,5,I am unhappy with the price and frequent service problems.,Negative,1
2617,22,Other,Mumbai,Standard,6,880.89,4944.66,26.8,3,8.3,6,0,4,Bad experience with billing and customer support.,Negative,1
2618,27,Other,Hyderabad,Premium,14,1448.72,17730.99,55,1,7.8,8,0,7,"Service is acceptable for now, but support could be faster.",Neutral,0
2619,23,Other,Kochi,Premium,16,1499.42,23729.73,28.5,0,7.5,2,0,5,The service is okay but there is room for improvement.,Neutral,0
2620,28,Female,Jaipur,Standard,10,766.62,6750.28,19.4,2,19.8,4,0,7,Too many issues and the response from support is slow.,Negative,0
2621,38,Other,Chennai,Standard,31,921.35,29121.49,30.3,0,9.4,4,0,8,Good value for money and quick customer support.,Positive,0
2622,29,Other,Ahmedabad,Basic,5,500.45,2172.56,14.7,3,19.7,2,1,4,Too many issues and the response from support is slow.,Negative,0
2623,32,Male,Mumbai,Standard,5,877.14,4603.88,33.7,3,17.1,10,0,5,Poor experience. Support did not solve my issue.,Negative,0
2624,36,Other,Pune,Basic,31,527.1,15749.44,23.5,3,12.7,7,0,6,I am unhappy with the price and frequent service problems.,Negative,0
2625,39,Other,Jaipur,Standard,19,893.22,14950.98,21.8,1,4.3,4,0,6,The service is fine and meets most of my needs.,Neutral,0
2626,45,Male,Delhi,Standard,16,871.61,13420.53,34,0,15.6,0,0,6,I am unhappy with the price and frequent service problems.,Negative,1
2627,33,Female,Hyderabad,Standard,21,918.12,18919.95,49.6,0,13.3,1,1,8,Good value for money and quick customer support.,Positive,0
2628,45,Male,Kochi,Standard,33,840.1,28466.46,30.5,2,10.3,14,1,6,Too many issues and the response from support is slow.,Negative,0
2629,22,Other,Bengaluru,Standard,24,882.9,18626.95,35.6,2,11.1,1,0,5,I may leave because the service quality has become poor.,Negative,0
2630,26,Other,Mumbai,Standard,9,928.62,7173.21,30,2,22,8,1,7,The service is okay but there is room for improvement.,Neutral,0
2631,18,Female,Kolkata,Standard,46,948.2,42177.61,42.9,2,3.5,10,1,8,I love the service. Everything has been reliable so far.,Positive,0
2632,20,Female,Kochi,Standard,23,938.2,21651.33,30.6,0,4,0,1,9,"Excellent experience, no major issues and easy to use.",Positive,0
2633,48,Female,Kochi,Basic,9,461.61,4209.72,23.1,2,10.1,0,1,4,Too many issues and the response from support is slow.,Negative,0
2634,29,Other,Ahmedabad,Basic,11,547,5795.99,21,4,13.2,17,0,5,I may leave because the service quality has become poor.,Negative,0
2635,26,Male,Delhi,Premium,14,1509.19,18201.59,60.7,1,11.5,4,1,10,Reliable service and simple to use. I would recommend it.,Positive,0
2636,27,Male,Chennai,Basic,61,465.1,25265.05,1,1,16.2,6,1,7,"Excellent experience, no major issues and easy to use.",Positive,0
2637,28,Male,Ahmedabad,Basic,20,417.39,8324.78,10.1,1,14,6,0,6,Average experience. Some things work well and some do not.,Neutral,0
2638,29,Male,Mumbai,Basic,11,444.34,4983.81,24.2,2,14,7,1,5,Not satisfied. The app is difficult to use and often fails.,Negative,0
2639,18,Other,Ahmedabad,Basic,16,463.9,7682.65,14.6,2,14.7,2,1,5,I am unhappy with the price and frequent service problems.,Negative,0
2640,35,Other,Chennai,Basic,22,518.76,10944.34,32,3,14,5,0,7,It is a normal experience with occasional issues.,Neutral,0
2641,51,Male,Chennai,Standard,11,813.55,8575.57,25.3,2,14.8,5,0,5,Not satisfied. The app is difficult to use and often fails.,Negative,1
2642,29,Other,Ahmedabad,Standard,32,989.99,33219.24,25.5,1,10.3,0,1,7,"Nothing special, but the service is usable.",Neutral,0
2643,23,Female,Mumbai,Premium,11,1368.83,14119.26,50.2,0,17.7,5,1,9,"Excellent experience, no major issues and easy to use.",Positive,0
2644,23,Female,Chennai,Basic,10,595.48,5198.96,20.3,3,19.3,1,1,7,"Nothing special, but the service is usable.",Neutral,1
2645,20,Female,Ahmedabad,Basic,20,568.72,9713.99,27.9,2,17,3,1,7,It is a normal experience with occasional issues.,Neutral,0
2646,37,Male,Kolkata,Basic,22,567.58,11063.17,32.7,1,11.3,0,1,6,"Service is acceptable for now, but support could be faster.",Neutral,0
2647,29,Other,Chennai,Premium,8,1578.24,12101.33,60.9,2,8.8,11,1,6,Very disappointed with the service and slow support.,Negative,0
2648,27,Other,Mumbai,Basic,8,504.21,3885.24,19.6,1,12,0,1,7,"Excellent experience, no major issues and easy to use.",Positive,0
2649,30,Female,Bengaluru,Basic,25,464.6,11533.61,9.4,3,14.6,1,1,7,"Service is acceptable for now, but support could be faster.",Neutral,0
2650,37,Other,Kochi,Standard,50,982.32,51221.32,39.5,3,21.9,5,0,6,I may leave because the service quality has become poor.,Negative,0
2651,31,Female,Hyderabad,Basic,26,543.45,14549.47,20.4,3,20.8,15,0,6,Not satisfied. The app is difficult to use and often fails.,Negative,0
2652,28,Other,Ahmedabad,Premium,39,1526.03,59667.91,52.6,1,17.9,4,1,6,Very happy with the service and fast support.,Positive,0
2653,43,Other,Kolkata,Standard,22,848.66,17479.77,44.5,2,24.2,10,1,6,I am unhappy with the price and frequent service problems.,Negative,0
2654,33,Female,Jaipur,Standard,18,1019.23,17217.93,27.6,0,4.5,6,0,3,The service is unreliable and I keep facing problems.,Negative,1
2655,57,Male,Delhi,Basic,14,455.7,6580.96,26.7,3,18.8,4,1,6,I may leave because the service quality has become poor.,Negative,0
2656,26,Female,Hyderabad,Standard,19,946.13,16133.97,31.7,2,9.6,3,0,4,Not satisfied. The app is difficult to use and often fails.,Negative,1
2657,24,Other,Kolkata,Premium,31,1603.24,44591.94,59.9,1,10.1,4,0,5,Too many issues and the response from support is slow.,Negative,0
2658,39,Other,Mumbai,Standard,45,845.93,36150.33,51.6,0,4.9,0,1,7,Good value for money and quick customer support.,Positive,0
2659,34,Female,Jaipur,Standard,16,845.53,13184.06,33.9,3,21.6,2,1,5,Too many issues and the response from support is slow.,Negative,1
2660,47,Other,Bengaluru,Basic,15,596.79,8122.39,34.2,2,9.2,4,0,7,"Nothing special, but the service is usable.",Neutral,0
2661,41,Other,Delhi,Premium,21,1560.9,33858.55,59.1,2,6.6,6,1,7,It is a normal experience with occasional issues.,Neutral,0
2662,33,Other,Mumbai,Basic,12,432.24,5266.5,1,1,10.8,0,1,8,Good value for money and quick customer support.,Positive,0
2663,31,Female,Delhi,Basic,42,469.15,18617.56,35.8,0,13.3,7,1,7,"Service is acceptable for now, but support could be faster.",Neutral,0
2664,26,Other,Bengaluru,Basic,14,480.43,6251.46,13.9,3,25,5,1,7,It is a normal experience with occasional issues.,Neutral,0
2665,23,Female,Ahmedabad,Standard,21,877.58,17062.61,24.3,0,10.1,2,0,5,Not satisfied. The app is difficult to use and often fails.,Negative,1
2666,56,Male,Jaipur,Standard,11,872.72,10043.73,38.6,2,12,1,0,4,Not satisfied. The app is difficult to use and often fails.,Negative,1
2667,35,Other,Ahmedabad,Basic,19,560.66,9806.38,10.2,2,17.3,11,1,4,The service is unreliable and I keep facing problems.,Negative,0
2668,37,Other,Hyderabad,Standard,20,1054.99,22050.25,13.9,2,12,7,0,7,I love the service. Everything has been reliable so far.,Positive,0
2669,31,Other,Hyderabad,Standard,14,850.91,11800.11,41.4,3,21,14,1,6,I am unhappy with the price and frequent service problems.,Negative,0
2670,27,Male,Kolkata,Premium,35,1568.64,50462.12,44,1,13.4,0,1,9,Reliable service and simple to use. I would recommend it.,Positive,0
2671,30,Other,Chennai,Standard,22,1010.33,21190.78,56.2,3,15.6,6,0,8,Average experience. Some things work well and some do not.,Neutral,0
2672,44,Other,Jaipur,Basic,21,429.36,9426.23,5.9,3,26.6,7,1,7,The service is okay but there is room for improvement.,Neutral,0
2673,30,Female,Jaipur,Basic,29,572.65,16365.62,2,2,20.3,4,1,7,The service is okay but there is room for improvement.,Neutral,0
2674,35,Male,Mumbai,Basic,27,607.35,16831.71,25,2,20.4,11,0,5,Too many issues and the response from support is slow.,Negative,0
2675,32,Male,Jaipur,Standard,15,959.72,12828.19,23.2,1,16.1,0,1,9,Reliable service and simple to use. I would recommend it.,Positive,0
2676,18,Other,Mumbai,Standard,23,1031.62,21114.96,28.2,2,12.2,4,1,6,Poor experience. Support did not solve my issue.,Negative,0
2677,27,Male,Chennai,Basic,9,565.56,4929.64,6.8,1,12,0,0,9,"Great experience, the app works smoothly and the team is helpful.",Positive,0
2678,46,Male,Kochi,Standard,8,863.99,6741.67,36.7,2,25,8,0,6,Average experience. Some things work well and some do not.,Neutral,0
2679,32,Other,Delhi,Premium,17,1481.6,23972.33,54.7,0,6,1,1,7,"Service is acceptable for now, but support could be faster.",Neutral,0
2680,45,Male,Mumbai,Basic,36,403,13307.21,28.1,2,13.2,4,0,10,Support solved my issue quickly. Very good experience.,Positive,0
2681,42,Female,Mumbai,Premium,20,1493.72,29217.9,58.1,0,13.2,0,0,7,"Service is acceptable for now, but support could be faster.",Neutral,0
2682,43,Male,Chennai,Premium,33,1588.09,46987.03,47.4,2,3.7,6,1,8,"Great experience, the app works smoothly and the team is helpful.",Positive,0
2683,35,Female,Bengaluru,Standard,11,965.03,10097.38,26.7,4,21.7,8,0,5,Bad experience with billing and customer support.,Negative,1
2684,18,Male,Ahmedabad,Standard,4,815.22,3219.27,4.3,3,23.5,0,0,5,I am unhappy with the price and frequent service problems.,Negative,1
2685,36,Female,Jaipur,Premium,29,1610.4,47095.94,47.2,3,17.6,3,0,6,Poor experience. Support did not solve my issue.,Negative,0
2686,50,Other,Jaipur,Standard,9,965.71,8146.99,42.8,1,12.3,9,0,7,I love the service. Everything has been reliable so far.,Positive,0
2687,35,Male,Hyderabad,Premium,42,1438.09,57662.41,41.7,0,15.1,0,1,8,Really satisfied with the service and performance.,Positive,0
2688,35,Female,Mumbai,Basic,4,611.04,2354.31,13.3,4,18,8,0,7,The service is fine and meets most of my needs.,Neutral,0
2689,30,Female,Ahmedabad,Basic,6,539.23,2831.81,9.4,0,11.4,5,0,4,I may leave because the service quality has become poor.,Negative,0
2690,25,Male,Bengaluru,Standard,36,828.87,28775.13,26.5,4,26.9,6,1,6,Bad experience with billing and customer support.,Negative,1
2691,55,Male,Delhi,Standard,14,807.88,10325.07,33.1,4,19.8,3,1,5,The service is unreliable and I keep facing problems.,Negative,1
2692,23,Female,Pune,Basic,7,564.59,3382.96,12.7,2,13.3,11,0,6,Bad experience with billing and customer support.,Negative,1
2693,19,Female,Bengaluru,Premium,35,1516.93,48201.98,47.4,3,12,11,1,5,Not satisfied. The app is difficult to use and often fails.,Negative,0
2694,40,Male,Chennai,Premium,11,1471.28,14827.22,29.3,0,13.5,3,0,6,The service is fine and meets most of my needs.,Neutral,0
2695,36,Male,Chennai,Standard,7,820.02,5059.92,25.1,1,19.9,1,0,8,Reliable service and simple to use. I would recommend it.,Positive,0
2696,30,Male,Bengaluru,Standard,19,828.41,14504.67,13.9,2,25,0,0,5,Too many issues and the response from support is slow.,Negative,1
2697,29,Female,Jaipur,Standard,16,861.14,13297.52,24.9,3,23.8,3,0,7,Support solved my issue quickly. Very good experience.,Positive,0
2698,40,Male,Chennai,Premium,35,1491.59,46360.54,54.1,0,9,0,0,7,I love the service. Everything has been reliable so far.,Positive,0
2699,29,Female,Hyderabad,Standard,38,933.02,30901.36,27.1,1,13.5,7,0,6,I may leave because the service quality has become poor.,Negative,1
2700,33,Male,Pune,Standard,30,890.16,27345.21,37.6,1,20.8,11,1,8,"Excellent experience, no major issues and easy to use.",Positive,0
2701,39,Other,Delhi,Basic,9,450.43,3921.09,14.1,2,18.2,8,0,3,Not satisfied. The app is difficult to use and often fails.,Negative,0
2702,41,Male,Ahmedabad,Basic,6,455.25,2833.38,11.5,5,12.7,14,0,2,Bad experience with billing and customer support.,Negative,1
2703,37,Male,Kochi,Standard,7,907.02,5738.57,40.2,0,13.4,1,0,9,I love the service. Everything has been reliable so far.,Positive,0
2704,44,Male,Bengaluru,Basic,22,511.83,10367.6,29.8,2,14.2,7,0,5,The service is unreliable and I keep facing problems.,Negative,1
2705,52,Female,Hyderabad,Basic,8,577.82,4770.28,15.6,0,7.7,3,1,9,Reliable service and simple to use. I would recommend it.,Positive,0
2706,23,Female,Kochi,Standard,11,867.58,10013.68,24.2,1,1.2,0,0,6,"Service is acceptable for now, but support could be faster.",Neutral,0
2707,38,Female,Ahmedabad,Premium,31,1505.21,44341.62,66.9,0,12.7,0,1,8,I love the service. Everything has been reliable so far.,Positive,0
2708,43,Female,Kochi,Standard,16,828.82,13495.04,29.3,2,14.9,8,0,6,I may leave because the service quality has become poor.,Negative,0
2709,25,Female,Jaipur,Basic,26,523.47,12398.69,37.4,5,20.3,4,0,5,Poor experience. Support did not solve my issue.,Negative,0
2710,33,Male,Mumbai,Standard,23,819.26,17061.36,47.1,1,13.8,0,0,6,Support solved my issue quickly. Very good experience.,Positive,0
2711,23,Female,Jaipur,Basic,11,489.01,5521.11,11.3,1,13.9,6,0,9,"Excellent experience, no major issues and easy to use.",Positive,0
2712,20,Male,Pune,Basic,13,470.44,6209.33,29.6,1,12.9,3,1,6,"Nothing special, but the service is usable.",Neutral,0
2713,36,Other,Kochi,Standard,32,908.97,26641.74,24,2,15.9,5,1,5,Poor experience. Support did not solve my issue.,Negative,0
2714,27,Female,Kolkata,Standard,6,923.34,4875.5,41.8,2,17.1,8,0,5,Very disappointed with the service and slow support.,Negative,0
2715,45,Other,Kolkata,Standard,21,991.51,18128.27,5.1,3,7.5,7,0,4,Poor experience. Support did not solve my issue.,Negative,0
2716,43,Male,Chennai,Standard,14,908.83,13082.12,30.3,2,11.5,3,0,9,I love the service. Everything has been reliable so far.,Positive,0
2717,37,Female,Delhi,Basic,4,630.96,2438.79,35.3,1,8.9,5,1,7,It is a normal experience with occasional issues.,Neutral,1
2718,60,Female,Mumbai,Standard,37,833.86,26521.89,38.8,2,14.5,5,1,6,It is a normal experience with occasional issues.,Neutral,0
2719,41,Male,Ahmedabad,Standard,16,949.65,14281.01,7.1,3,16.5,11,1,6,The service is okay but there is room for improvement.,Neutral,1
2720,28,Other,Pune,Standard,23,812.09,17725.3,40.8,0,9.9,0,1,4,Not satisfied. The app is difficult to use and often fails.,Negative,0
2721,30,Male,Pune,Basic,25,385.9,9609.79,10.5,3,14.4,10,1,5,I may leave because the service quality has become poor.,Negative,0
2722,27,Other,Hyderabad,Standard,17,929.71,15354.38,37,1,17.8,4,1,7,The service is fine and meets most of my needs.,Neutral,0
2723,29,Female,Hyderabad,Standard,6,952.16,5810.31,36.2,3,17.7,10,1,7,"Nothing special, but the service is usable.",Neutral,0
2724,32,Male,Kochi,Basic,29,462.93,14058.91,18.8,2,7.8,0,0,5,I may leave because the service quality has become poor.,Negative,0
2725,31,Male,Hyderabad,Standard,20,895.63,16398.18,20.3,3,14.7,4,1,7,Poor experience. Support did not solve my issue.,Negative,0
2726,21,Female,Pune,Standard,12,953.38,10250.28,37.8,3,19.9,1,0,5,Poor experience. Support did not solve my issue.,Negative,0
2727,39,Female,Kochi,Basic,9,496.43,4469.86,14.3,1,9.5,4,0,3,Very disappointed with the service and slow support.,Negative,0
2728,32,Male,Delhi,Standard,31,973.16,30431.86,33.4,2,22.7,0,0,7,The service is fine and meets most of my needs.,Neutral,0
2729,36,Other,Kochi,Basic,40,470.82,16508.12,10.6,3,15.6,7,1,8,The service is fine and meets most of my needs.,Neutral,0
2730,27,Male,Kochi,Basic,24,465.55,10428.16,2.7,0,8.9,2,0,7,"Great experience, the app works smoothly and the team is helpful.",Positive,0
2731,28,Other,Chennai,Standard,11,921.71,9863.41,28.7,1,12,6,0,5,Poor experience. Support did not solve my issue.,Negative,0
2732,42,Other,Jaipur,Standard,27,934.53,21454.75,30.9,1,11.6,2,0,5,Too many issues and the response from support is slow.,Negative,0
2733,36,Male,Kolkata,Basic,33,471.15,13317.03,23.9,2,15.1,6,1,6,It is a normal experience with occasional issues.,Neutral,0
2734,28,Female,Delhi,Basic,11,440.23,4475.52,16.8,2,25.8,0,1,8,The service is okay but there is room for improvement.,Neutral,0
2735,43,Male,Pune,Standard,21,931.39,17983.63,27.5,2,12.8,15,1,10,Good value for money and quick customer support.,Positive,0
2736,31,Other,Jaipur,Standard,17,887.34,13383.23,19.2,2,6.2,4,0,6,The service is okay but there is room for improvement.,Neutral,0
2737,39,Female,Chennai,Basic,4,562.21,2278.16,22.6,2,11.9,14,0,6,I am unhappy with the price and frequent service problems.,Negative,0
2738,28,Female,Chennai,Standard,29,986.45,27684.83,22,3,15.8,1,1,5,I am unhappy with the price and frequent service problems.,Negative,0
2739,31,Male,Delhi,Basic,10,504.59,5032.35,24.1,2,20,8,1,7,Poor experience. Support did not solve my issue.,Negative,0
2740,35,Female,Hyderabad,Standard,14,895.46,12537.12,22.7,0,17.2,7,0,5,Average experience. Some things work well and some do not.,Neutral,0
2741,37,Female,Chennai,Standard,9,859.52,8109.97,29.6,0,4,0,1,8,Very happy with the service and fast support.,Positive,0
2742,41,Other,Hyderabad,Standard,11,850.7,8397.95,41.5,0,6.6,1,0,5,"Nothing special, but the service is usable.",Neutral,0
2743,29,Other,Ahmedabad,Basic,25,364.57,9075.85,12.1,2,8.4,8,1,7,"Service is acceptable for now, but support could be faster.",Neutral,0
2744,40,Male,Kochi,Standard,26,859.86,19309.19,49.5,3,11,0,1,5,Poor experience. Support did not solve my issue.,Negative,0
2745,18,Male,Delhi,Premium,12,1421.96,16045.5,50.4,0,10.3,0,0,6,It is a normal experience with occasional issues.,Neutral,0
2746,18,Female,Hyderabad,Standard,11,1075.51,11696.58,41.7,3,11.9,6,1,5,Poor experience. Support did not solve my issue.,Negative,1
2747,33,Other,Ahmedabad,Standard,18,958.32,16591.04,31.2,1,14.9,2,0,7,"Great experience, the app works smoothly and the team is helpful.",Positive,0
2748,46,Male,Jaipur,Premium,24,1470.98,32783.53,47.6,1,2.6,0,1,5,I am unhappy with the price and frequent service problems.,Negative,0
2749,44,Other,Ahmedabad,Premium,17,1467.96,21724.5,49,1,12.4,0,1,5,It is a normal experience with occasional issues.,Neutral,1
2750,36,Male,Hyderabad,Premium,12,1476.72,15138.16,36.8,1,15.1,0,1,8,"Excellent experience, no major issues and easy to use.",Positive,0
2751,18,Female,Kochi,Basic,24,428.2,9969.07,25.2,0,11.8,0,1,7,Really satisfied with the service and performance.,Positive,0
2752,44,Male,Bengaluru,Basic,9,421.44,3653.73,12.5,3,7.5,5,1,6,I am unhappy with the price and frequent service problems.,Negative,0
2753,23,Other,Ahmedabad,Basic,19,659.18,11248.86,16.8,0,11.3,0,1,5,"Nothing special, but the service is usable.",Neutral,0
2754,33,Female,Hyderabad,Premium,12,1563.86,18587,42.5,0,12,4,1,8,Support solved my issue quickly. Very good experience.,Positive,0
2755,18,Other,Kochi,Premium,6,1574.92,9639.03,63.5,2,16.5,11,1,7,The service is okay but there is room for improvement.,Neutral,0
2756,47,Other,Hyderabad,Standard,8,876.72,6547.3,15.9,1,25.4,6,0,7,The service is fine and meets most of my needs.,Neutral,1
2757,34,Male,Hyderabad,Premium,50,1467.4,75863.24,44.9,0,2.7,0,0,4,"Service is acceptable for now, but support could be faster.",Neutral,0
2758,28,Other,Jaipur,Standard,17,1000.56,17103.04,49.9,3,10.2,1,1,5,"Nothing special, but the service is usable.",Neutral,0
2759,27,Other,Bengaluru,Basic,9,457.42,4244.73,11.7,0,6.4,8,1,7,Reliable service and simple to use. I would recommend it.,Positive,0
2760,34,Other,Kochi,Basic,22,453.72,9260.31,8.8,4,14.5,7,1,4,Bad experience with billing and customer support.,Negative,0
2761,29,Other,Bengaluru,Basic,10,432.64,3924.04,4.1,2,13.6,0,0,5,Very disappointed with the service and slow support.,Negative,1
2762,42,Other,Delhi,Basic,27,434.6,11992.18,33.7,1,9.2,3,1,9,Very happy with the service and fast support.,Positive,0
2763,34,Other,Ahmedabad,Premium,37,1556.78,56399.79,43.1,2,13.2,9,1,9,Really satisfied with the service and performance.,Positive,0
2764,57,Other,Delhi,Standard,34,946.58,31527.71,31.8,1,8.1,6,0,6,"Service is acceptable for now, but support could be faster.",Neutral,0
2765,36,Female,Bengaluru,Basic,16,501.71,7388.47,29.1,2,9.5,0,1,9,I love the service. Everything has been reliable so far.,Positive,0
2766,36,Male,Kochi,Standard,23,800.21,17689.54,40.2,2,10.9,0,1,5,Bad experience with billing and customer support.,Negative,0
2767,25,Female,Chennai,Premium,17,1413.17,24920.36,39.8,4,20.9,1,0,3,Not satisfied. The app is difficult to use and often fails.,Negative,1
2768,37,Female,Jaipur,Standard,34,838.38,27107.88,39.6,2,5.5,1,0,3,Not satisfied. The app is difficult to use and often fails.,Negative,0
2769,34,Female,Hyderabad,Premium,14,1508.48,21567.28,57.5,0,17.8,0,0,5,Bad experience with billing and customer support.,Negative,1
2770,25,Female,Jaipur,Standard,13,955.62,12676.3,41.3,0,23,5,0,4,Bad experience with billing and customer support.,Negative,1
2771,21,Male,Pune,Premium,43,1455.6,59811.39,40.8,3,17,2,1,8,"Service is acceptable for now, but support could be faster.",Neutral,0
2772,26,Female,Ahmedabad,Premium,22,1592.35,34604.58,47.5,0,11.1,1,0,8,I love the service. Everything has been reliable so far.,Positive,0
2773,28,Female,Bengaluru,Basic,15,532.19,8096.51,30.1,2,11.4,5,1,6,Too many issues and the response from support is slow.,Negative,0
2774,24,Other,Kochi,Basic,14,436.93,6184,9.8,1,16.2,3,0,7,Good value for money and quick customer support.,Positive,0
2775,42,Male,Hyderabad,Standard,29,889.76,24421.47,43.3,0,16.9,6,1,5,"Service is acceptable for now, but support could be faster.",Neutral,0
2776,27,Male,Delhi,Standard,25,888.78,20315.08,8.2,0,1.3,6,1,7,I love the service. Everything has been reliable so far.,Positive,0
2777,47,Female,Hyderabad,Premium,18,1522.78,25564.54,31.4,2,13.9,0,1,9,"Great experience, the app works smoothly and the team is helpful.",Positive,0
2778,18,Female,Mumbai,Standard,11,978.56,10855.8,31.9,2,9.6,4,0,6,Average experience. Some things work well and some do not.,Neutral,0
2779,44,Other,Chennai,Standard,31,945.62,27726.85,33,0,9.1,1,1,6,The service is okay but there is room for improvement.,Neutral,0
2780,38,Female,Mumbai,Premium,12,1466.6,15203.98,40.6,2,9,6,0,7,Average experience. Some things work well and some do not.,Neutral,0
2781,41,Male,Ahmedabad,Standard,7,939.24,6724.41,39.3,1,12,4,0,6,Average experience. Some things work well and some do not.,Neutral,0
2782,26,Male,Pune,Basic,16,465.73,6819.81,26.6,3,20,3,0,6,I may leave because the service quality has become poor.,Negative,1
2783,37,Female,Kolkata,Standard,10,816.72,7204,50.1,2,11.9,1,0,8,Support solved my issue quickly. Very good experience.,Positive,0
2784,29,Male,Kochi,Standard,12,966.74,10147.6,19.4,1,15.9,4,1,6,Too many issues and the response from support is slow.,Negative,0
2785,44,Other,Delhi,Premium,36,1534.68,55285.65,54.4,0,12.2,6,1,7,It is a normal experience with occasional issues.,Neutral,0
2786,19,Female,Delhi,Premium,28,1422.12,37629.78,42.1,0,12,8,0,7,Really satisfied with the service and performance.,Positive,0
2787,22,Other,Delhi,Basic,15,341.15,5261.58,17.5,3,17.1,13,0,7,Not satisfied. The app is difficult to use and often fails.,Negative,0
2788,32,Other,Mumbai,Standard,7,785.96,5345.61,27.4,2,11.3,10,0,8,The service is okay but there is room for improvement.,Neutral,0
2789,36,Other,Ahmedabad,Standard,9,881.59,6866.57,25.6,2,15.9,3,0,6,I am unhappy with the price and frequent service problems.,Negative,1
2790,46,Other,Delhi,Standard,40,861.79,33839.09,28.5,2,9.7,8,0,5,I may leave because the service quality has become poor.,Negative,0
2791,37,Female,Jaipur,Premium,8,1542.55,12138.69,47.7,0,14.7,1,1,5,I may leave because the service quality has become poor.,Negative,0
2792,33,Female,Jaipur,Standard,14,962.28,13075.44,52.7,2,10.6,0,0,7,The service is okay but there is room for improvement.,Neutral,0
2793,33,Other,Ahmedabad,Standard,32,913.22,27508.46,17.4,2,17.8,6,0,5,Not satisfied. The app is difficult to use and often fails.,Negative,0
2794,46,Female,Chennai,Basic,38,494.48,19014.2,12.5,0,14.7,0,1,7,The service is okay but there is room for improvement.,Neutral,0
2795,31,Other,Pune,Standard,8,896.58,6561.52,35.8,2,9,8,0,4,I may leave because the service quality has become poor.,Negative,1
2796,18,Female,Chennai,Premium,5,1482.01,7327.7,54.3,0,12.8,0,0,7,Reliable service and simple to use. I would recommend it.,Positive,0
2797,34,Female,Kochi,Standard,9,923.38,7984.51,20.5,4,21.3,3,1,7,"Service is acceptable for now, but support could be faster.",Neutral,0
2798,41,Male,Jaipur,Standard,16,898.21,14536.86,25.3,1,10.4,7,1,8,I love the service. Everything has been reliable so far.,Positive,0
2799,20,Other,Jaipur,Basic,16,605.43,8300.84,27.2,2,16.2,7,0,5,Very disappointed with the service and slow support.,Negative,0
2800,23,Other,Delhi,Standard,14,815.57,10343.11,32.6,4,11.7,7,0,3,The service is unreliable and I keep facing problems.,Negative,0
2801,40,Other,Kolkata,Standard,23,1040.06,23790.19,29.3,2,0.5,0,0,5,I am unhappy with the price and frequent service problems.,Negative,0
2802,43,Other,Chennai,Premium,11,1536.21,17448.05,52.3,5,21.5,12,0,4,I may leave because the service quality has become poor.,Negative,1
2803,37,Other,Hyderabad,Basic,13,458.37,5811.11,10.5,0,10.9,0,0,6,Support solved my issue quickly. Very good experience.,Positive,0
2804,46,Other,Kolkata,Premium,7,1414.48,9023.43,54.1,1,2.8,3,1,5,"Nothing special, but the service is usable.",Neutral,0
2805,38,Female,Chennai,Premium,12,1493.07,16414.15,63.5,0,3.9,3,0,8,"Great experience, the app works smoothly and the team is helpful.",Positive,0
2806,29,Female,Delhi,Basic,16,480.36,7224.44,34.2,2,18.8,0,1,7,"Service is acceptable for now, but support could be faster.",Neutral,0
2807,29,Female,Hyderabad,Basic,25,481.73,11541.84,16,2,13.6,0,1,6,Average experience. Some things work well and some do not.,Neutral,0
2808,41,Male,Delhi,Premium,4,1567.81,6119.76,44.1,0,13.8,4,0,4,"Service is acceptable for now, but support could be faster.",Neutral,1
2809,36,Female,Hyderabad,Standard,43,828.98,37004.84,35.9,1,12.1,10,0,7,The service is fine and meets most of my needs.,Neutral,0
2810,40,Male,Kochi,Basic,10,400.13,3509.91,21.5,4,16.4,17,1,5,The service is unreliable and I keep facing problems.,Negative,1
2811,40,Male,Bengaluru,Premium,6,1574.63,8192.72,55.4,0,13.8,2,0,6,The service is okay but there is room for improvement.,Neutral,0
2812,55,Female,Kolkata,Basic,20,493.57,10345.63,13.5,2,12.5,4,1,7,The service is okay but there is room for improvement.,Neutral,0
2813,37,Male,Mumbai,Standard,22,894.19,20567.77,40.5,2,9.6,11,1,9,I love the service. Everything has been reliable so far.,Positive,0
2814,26,Other,Mumbai,Premium,2,1520.45,2609.59,66.5,0,16.4,1,0,5,Poor experience. Support did not solve my issue.,Negative,0
2815,38,Other,Delhi,Standard,16,1029.12,15612.23,13.6,3,24.5,11,1,3,Poor experience. Support did not solve my issue.,Negative,0
2816,33,Other,Chennai,Premium,5,1476.76,7382.28,47.1,0,1.7,0,1,6,The service is okay but there is room for improvement.,Neutral,0
2817,25,Other,Bengaluru,Premium,40,1477.44,56946.94,45,2,12.4,2,0,6,"Service is acceptable for now, but support could be faster.",Neutral,0
2818,37,Female,Hyderabad,Basic,48,461.19,20407.23,38.5,3,16.8,10,0,6,Poor experience. Support did not solve my issue.,Negative,1
2819,51,Male,Ahmedabad,Basic,27,494.63,12109.95,19.4,3,10.5,3,0,6,Not satisfied. The app is difficult to use and often fails.,Negative,1
2820,29,Female,Kochi,Premium,13,1490.58,16662.59,32.2,1,17.3,1,1,7,"Great experience, the app works smoothly and the team is helpful.",Positive,0
2821,31,Other,Kochi,Basic,11,385.37,4431.45,19.2,1,15.6,0,0,7,"Service is acceptable for now, but support could be faster.",Neutral,0
2822,34,Male,Mumbai,Premium,7,1457.56,10123.85,37.9,1,9.9,7,1,6,Average experience. Some things work well and some do not.,Neutral,0
2823,29,Female,Bengaluru,Standard,23,950.05,19343.1,39.6,1,10.4,0,1,5,The service is unreliable and I keep facing problems.,Negative,0
2824,29,Other,Hyderabad,Standard,12,829.5,9995.1,35.9,3,9.7,6,1,4,Bad experience with billing and customer support.,Negative,0
2825,45,Other,Mumbai,Basic,21,551.6,10361.62,3.7,6,14.7,11,0,3,I may leave because the service quality has become poor.,Negative,1
2826,26,Male,Pune,Premium,14,1469.57,17931.85,33.9,0,11.5,3,1,6,It is a normal experience with occasional issues.,Neutral,0
2827,25,Female,Kolkata,Basic,8,447.02,3283.72,27.1,3,24.7,8,0,6,I may leave because the service quality has become poor.,Negative,1
2828,33,Male,Delhi,Standard,18,925.15,14266.19,34.6,3,15,10,1,5,Too many issues and the response from support is slow.,Negative,1
2829,33,Female,Pune,Standard,7,975.31,6425.44,39.3,2,11.7,2,0,7,The service is fine and meets most of my needs.,Neutral,1
2830,42,Male,Mumbai,Premium,9,1371.37,10984.74,41.7,3,5.7,5,1,10,I love the service. Everything has been reliable so far.,Positive,0
2831,36,Other,Delhi,Standard,18,940.2,16818.44,22.4,3,20.1,5,0,2,Very disappointed with the service and slow support.,Negative,1
2832,24,Female,Kolkata,Basic,9,464.44,4003.44,12.9,5,26.6,8,0,6,Bad experience with billing and customer support.,Negative,0
2833,42,Other,Kochi,Standard,42,894.05,36612.77,37.8,2,18.8,2,0,6,Not satisfied. The app is difficult to use and often fails.,Negative,0
2834,40,Other,Bengaluru,Premium,12,1329.82,16379.78,44.3,0,13.5,7,0,7,It is a normal experience with occasional issues.,Neutral,1
2835,38,Male,Mumbai,Standard,23,853.76,20327.34,18.9,1,16.7,16,0,4,I am unhappy with the price and frequent service problems.,Negative,1
2836,33,Female,Mumbai,Standard,56,1042.78,59359.36,44.1,1,8,5,0,5,The service is okay but there is room for improvement.,Neutral,0
2837,19,Female,Mumbai,Premium,7,1388.06,8702.48,46.3,2,9.4,14,0,5,Too many issues and the response from support is slow.,Negative,0
2838,38,Male,Mumbai,Standard,22,921.65,20914.67,27.6,2,7.5,5,1,3,Poor experience. Support did not solve my issue.,Negative,0
2839,35,Female,Mumbai,Standard,23,926.56,19040.78,24.1,2,23.3,5,1,7,Very happy with the service and fast support.,Positive,0
2840,27,Male,Chennai,Standard,30,806.25,24899.49,21.3,3,15.5,10,1,5,Bad experience with billing and customer support.,Negative,1
2841,49,Other,Jaipur,Standard,19,846.43,16745.43,19,3,10.7,5,1,7,Average experience. Some things work well and some do not.,Neutral,0
2842,40,Other,Pune,Standard,30,946.39,27818.29,45.5,1,16,3,0,4,Bad experience with billing and customer support.,Negative,0
2843,42,Female,Kolkata,Basic,35,572.21,17835.26,19.8,0,8.3,0,0,5,Reliable service and simple to use. I would recommend it.,Positive,0
2844,42,Female,Jaipur,Basic,67,509.86,30225.02,25.2,2,3.3,5,1,7,The service is okay but there is room for improvement.,Neutral,0
2845,49,Other,Ahmedabad,Basic,6,558.82,2959.01,30.9,2,18.5,7,0,6,The service is unreliable and I keep facing problems.,Negative,0
2846,39,Other,Hyderabad,Basic,34,522.8,16654.55,13.8,1,4.3,5,1,7,"Great experience, the app works smoothly and the team is helpful.",Positive,0
2847,38,Male,Kochi,Basic,49,488.03,21401.84,17.9,2,17.9,5,1,5,Bad experience with billing and customer support.,Negative,0
2848,28,Female,Kochi,Basic,16,555.67,9284.71,16.6,3,5.8,12,1,5,The service is unreliable and I keep facing problems.,Negative,1
2849,38,Male,Kolkata,Premium,9,1498.25,14053.47,30.3,1,5.3,5,0,5,The service is unreliable and I keep facing problems.,Negative,0
2850,43,Other,Ahmedabad,Basic,16,361.62,5965.46,21.2,2,19.4,1,0,5,I may leave because the service quality has become poor.,Negative,0
2851,49,Female,Hyderabad,Basic,61,518.84,29344.16,27.2,1,10.1,4,0,6,Support solved my issue quickly. Very good experience.,Positive,0
2852,37,Male,Hyderabad,Standard,27,1007.85,26634.79,36.7,4,20.3,5,0,4,I am unhappy with the price and frequent service problems.,Negative,0
2853,42,Female,Jaipur,Standard,21,950.13,19026.81,18.8,2,19,7,0,6,I may leave because the service quality has become poor.,Negative,1
2854,31,Other,Bengaluru,Standard,18,836.82,14735.84,29.5,0,14.8,4,0,6,Average experience. Some things work well and some do not.,Neutral,0
2855,45,Other,Delhi,Basic,17,538.88,8450.59,19.5,0,10.4,0,0,5,Average experience. Some things work well and some do not.,Neutral,1
2856,43,Female,Pune,Premium,24,1529.97,32315.51,49.9,1,8.1,3,1,5,I may leave because the service quality has become poor.,Negative,0
2857,32,Male,Bengaluru,Standard,23,939.29,20246.2,33.6,1,9.6,0,0,8,"Excellent experience, no major issues and easy to use.",Positive,0
2858,41,Other,Hyderabad,Basic,23,552.9,12296.77,14.3,1,21.3,6,0,8,Really satisfied with the service and performance.,Positive,0
2859,39,Other,Ahmedabad,Basic,15,442.91,5715.62,10.9,1,12.3,7,1,6,The service is okay but there is room for improvement.,Neutral,0
2860,35,Male,Jaipur,Standard,31,945.92,30061.86,14.7,1,15.7,8,0,7,Average experience. Some things work well and some do not.,Neutral,0
2861,24,Other,Delhi,Basic,11,555.78,5930.3,1,2,21.4,8,0,8,Support solved my issue quickly. Very good experience.,Positive,0
2862,34,Other,Kochi,Basic,72,530.36,36784.6,31.8,6,19.8,12,0,7,Not satisfied. The app is difficult to use and often fails.,Negative,1
2863,30,Female,Bengaluru,Basic,5,515.32,2676.88,29.2,1,21.9,0,0,4,I am unhappy with the price and frequent service problems.,Negative,0
2864,19,Male,Kolkata,Basic,5,507.64,2340.64,32.5,3,11.8,7,0,4,Bad experience with billing and customer support.,Negative,1
2865,39,Other,Hyderabad,Premium,16,1549.26,24244.79,43.3,1,10.1,0,0,9,"Great experience, the app works smoothly and the team is helpful.",Positive,0
2866,31,Male,Ahmedabad,Premium,25,1509.99,35080.98,50.4,1,14.5,3,1,8,"Excellent experience, no major issues and easy to use.",Positive,0
2867,35,Other,Jaipur,Standard,11,917.66,10385.45,55.5,1,13,5,0,4,I may leave because the service quality has become poor.,Negative,0
2868,33,Other,Pune,Basic,18,402.54,6660.81,30,2,9.8,9,1,5,I may leave because the service quality has become poor.,Negative,0
2869,35,Male,Ahmedabad,Standard,10,896.77,7728.09,37.2,3,15.6,0,1,7,Average experience. Some things work well and some do not.,Neutral,0
2870,38,Male,Pune,Standard,4,932.08,3454.94,38.6,2,10.3,0,0,7,It is a normal experience with occasional issues.,Neutral,0
2871,18,Female,Chennai,Standard,16,978.43,13590.86,46.8,3,23.9,3,0,6,Bad experience with billing and customer support.,Negative,0
2872,33,Female,Chennai,Basic,9,531.21,4963.6,31.5,1,9.6,2,1,8,Good value for money and quick customer support.,Positive,0
2873,37,Female,Chennai,Premium,23,1446.41,29567.07,60.1,0,4.4,1,1,7,Good value for money and quick customer support.,Positive,0
2874,34,Female,Kolkata,Premium,38,1502.65,49256.94,53.5,1,9.8,1,1,5,"Nothing special, but the service is usable.",Neutral,0
2875,39,Female,Ahmedabad,Premium,41,1402.75,51837.76,24.8,2,9.8,4,1,9,Really satisfied with the service and performance.,Positive,0
2876,22,Female,Delhi,Standard,6,881.89,4861.7,60.3,1,10.3,4,0,5,I am unhappy with the price and frequent service problems.,Negative,0
2877,29,Male,Mumbai,Standard,9,886.81,6921.01,23.1,1,20,5,0,8,Really satisfied with the service and performance.,Positive,0
2878,31,Female,Kochi,Premium,34,1402.74,45096.36,68.5,2,15.4,6,1,7,"Service is acceptable for now, but support could be faster.",Neutral,0
2879,20,Other,Pune,Basic,13,489.95,5435.69,28.2,1,14.8,0,0,6,It is a normal experience with occasional issues.,Neutral,0
2880,46,Male,Kochi,Standard,9,1016.5,9506.13,24.4,3,12.9,6,1,6,Bad experience with billing and customer support.,Negative,1
2881,29,Male,Mumbai,Basic,16,607.03,9529.15,25.1,1,6.5,4,0,6,"Nothing special, but the service is usable.",Neutral,0
2882,23,Female,Kochi,Standard,23,883.94,21041.75,52.8,1,16.2,0,1,6,Very disappointed with the service and slow support.,Negative,0
2883,39,Other,Mumbai,Standard,36,803.84,30288.94,14.3,0,12.5,8,0,8,"Excellent experience, no major issues and easy to use.",Positive,0
2884,52,Other,Jaipur,Standard,20,987.65,17246.56,33.5,1,14.9,0,1,8,Good value for money and quick customer support.,Positive,0
2885,41,Male,Kolkata,Basic,7,477.66,3089.75,8.5,2,12,5,0,5,Poor experience. Support did not solve my issue.,Negative,0
2886,48,Female,Delhi,Standard,16,905.4,14145.32,20.9,0,11,2,0,5,"Nothing special, but the service is usable.",Neutral,0
2887,28,Male,Hyderabad,Basic,12,299.59,3730.19,6,1,12.1,0,0,5,Very disappointed with the service and slow support.,Negative,0
2888,26,Female,Hyderabad,Basic,11,455.3,4747.86,23.5,3,24.9,2,1,7,I am unhappy with the price and frequent service problems.,Negative,0
2889,24,Other,Chennai,Premium,17,1489.88,25816.22,45.1,2,21.5,4,1,7,The service is okay but there is room for improvement.,Neutral,0
2890,52,Female,Jaipur,Premium,4,1474.78,6178.59,41.5,3,29.7,0,1,5,I may leave because the service quality has become poor.,Negative,1
2891,32,Female,Chennai,Basic,31,383.38,11272.38,8.9,2,7.5,6,0,6,The service is fine and meets most of my needs.,Neutral,1
2892,27,Male,Chennai,Basic,4,523.59,2087.4,13.2,1,13.2,2,0,7,Support solved my issue quickly. Very good experience.,Positive,0
2893,38,Male,Kochi,Standard,48,810.99,34186.6,24.3,5,21.2,15,1,5,Too many issues and the response from support is slow.,Negative,1
2894,35,Other,Mumbai,Premium,11,1433.56,14967.76,34.7,1,10.5,1,0,7,Reliable service and simple to use. I would recommend it.,Positive,0
2895,18,Male,Bengaluru,Basic,62,460.72,28494.3,1,4,14.9,15,1,3,I may leave because the service quality has become poor.,Negative,1
2896,35,Female,Ahmedabad,Basic,26,466.46,10328.7,28.9,0,2.7,0,0,7,Really satisfied with the service and performance.,Positive,0
2897,37,Female,Jaipur,Standard,4,851.75,3220.15,19.7,2,9.2,0,1,6,The service is okay but there is room for improvement.,Neutral,0
2898,20,Female,Jaipur,Basic,7,539.96,3483.55,18.9,3,7.7,7,1,5,The service is unreliable and I keep facing problems.,Negative,0
2899,19,Female,Hyderabad,Basic,29,655.33,19554.02,21.4,4,13.6,6,1,5,Bad experience with billing and customer support.,Negative,0
2900,44,Male,Hyderabad,Premium,10,1589.52,14682.5,31.3,2,16.7,4,0,4,Not satisfied. The app is difficult to use and often fails.,Negative,0
2901,44,Female,Hyderabad,Standard,18,874.37,15104.35,33,3,12.3,5,1,6,Very disappointed with the service and slow support.,Negative,0
2902,46,Other,Jaipur,Standard,47,854.88,38598.21,28.1,1,10.4,5,0,5,Not satisfied. The app is difficult to use and often fails.,Negative,1
2903,24,Female,Mumbai,Standard,10,815.84,7207.89,36.6,1,12,2,0,7,It is a normal experience with occasional issues.,Neutral,0
2904,56,Female,Chennai,Basic,8,524.92,4310.82,8,1,4.2,3,0,7,"Nothing special, but the service is usable.",Neutral,0
2905,33,Female,Pune,Standard,7,808.98,4912.52,21.1,2,16,5,1,6,"Service is acceptable for now, but support could be faster.",Neutral,0
2906,23,Male,Pune,Standard,21,920.84,19273.42,56.2,3,20.4,7,1,6,"Nothing special, but the service is usable.",Neutral,0
2907,34,Male,Delhi,Standard,17,932.66,16234.57,31.5,2,14.4,8,0,5,Very disappointed with the service and slow support.,Negative,1
2908,42,Other,Jaipur,Basic,11,412.59,3967.28,24.7,2,22.1,5,1,6,I am unhappy with the price and frequent service problems.,Negative,0
2909,34,Female,Kolkata,Standard,6,796.58,4426.49,24.4,2,11.7,14,1,8,Support solved my issue quickly. Very good experience.,Positive,0
2910,45,Female,Delhi,Premium,25,1379.2,35131.99,43.4,3,8.2,8,1,8,Support solved my issue quickly. Very good experience.,Positive,0
2911,34,Other,Delhi,Basic,13,473.15,6036.74,4.3,1,8.5,8,1,7,"Nothing special, but the service is usable.",Neutral,0
2912,27,Female,Kochi,Basic,36,551.71,18310.62,12.8,3,13.3,6,1,4,Too many issues and the response from support is slow.,Negative,1
2913,24,Male,Ahmedabad,Premium,21,1537.46,29577.78,40.7,1,19.6,4,0,5,Not satisfied. The app is difficult to use and often fails.,Negative,0
2914,42,Other,Hyderabad,Basic,32,458.84,15301.81,29.8,2,12.6,4,0,8,"Great experience, the app works smoothly and the team is helpful.",Positive,0
2915,33,Male,Hyderabad,Basic,4,490.21,1942.06,7.9,4,19.2,14,0,6,Poor experience. Support did not solve my issue.,Negative,0
2916,28,Other,Mumbai,Standard,31,827.18,26632.61,37.5,3,12.8,5,0,5,Very disappointed with the service and slow support.,Negative,0
2917,38,Other,Bengaluru,Standard,35,805.64,26133.27,32.6,2,9.8,1,1,6,The service is fine and meets most of my needs.,Neutral,0
2918,36,Male,Chennai,Standard,8,838,5965.38,37.8,1,10,11,1,7,Really satisfied with the service and performance.,Positive,0
2919,47,Other,Hyderabad,Standard,15,873.24,12412.8,43.2,2,10.6,15,0,4,Poor experience. Support did not solve my issue.,Negative,1
2920,37,Male,Hyderabad,Basic,8,534.08,4042.17,21.5,2,19.1,6,0,7,Very disappointed with the service and slow support.,Negative,0
2921,43,Female,Mumbai,Basic,28,555.7,14756.15,33.6,2,14.2,5,0,5,Bad experience with billing and customer support.,Negative,0
2922,31,Female,Kochi,Basic,18,564.95,8693.94,16.5,3,20.4,0,0,5,I may leave because the service quality has become poor.,Negative,0
2923,44,Other,Chennai,Standard,6,944.13,5654.01,41.1,3,22.4,8,0,5,I may leave because the service quality has become poor.,Negative,1
2924,23,Male,Kochi,Basic,32,449.19,12465.22,6.5,3,17,14,0,6,I am unhappy with the price and frequent service problems.,Negative,1
2925,27,Female,Chennai,Premium,44,1537.18,57610.74,66,4,14.7,3,0,6,The service is unreliable and I keep facing problems.,Negative,1
2926,37,Other,Hyderabad,Basic,18,514.09,9269.83,17.9,1,6.3,0,1,7,Good value for money and quick customer support.,Positive,0
2927,47,Male,Kolkata,Standard,20,811.15,14060.67,31.5,0,6.5,0,1,7,Support solved my issue quickly. Very good experience.,Positive,0
2928,37,Other,Pune,Basic,12,552.52,6016.55,21.4,0,9.3,0,1,8,Really satisfied with the service and performance.,Positive,0
2929,40,Other,Mumbai,Standard,30,845.89,22338.31,41.6,2,12.5,3,1,7,"Service is acceptable for now, but support could be faster.",Neutral,0
2930,21,Male,Hyderabad,Basic,29,558.09,15940.99,8.9,1,11.1,10,1,7,"Service is acceptable for now, but support could be faster.",Neutral,0
2931,41,Other,Bengaluru,Standard,13,865.92,9684.05,29.7,2,17.7,6,1,7,The service is okay but there is room for improvement.,Neutral,0
2932,31,Other,Ahmedabad,Basic,40,353.47,13577.97,27,3,15.9,4,0,3,Not satisfied. The app is difficult to use and often fails.,Negative,1
2933,45,Other,Delhi,Standard,7,1003.52,6087.63,31.5,2,18,6,0,5,Too many issues and the response from support is slow.,Negative,0
2934,31,Other,Delhi,Standard,34,857.84,30192.5,34.2,1,0.5,11,1,7,"Service is acceptable for now, but support could be faster.",Neutral,0
2935,43,Female,Pune,Standard,41,988.34,36712.74,46.9,2,0.5,8,1,6,The service is fine and meets most of my needs.,Neutral,0
2936,33,Other,Mumbai,Basic,19,536.9,10224.2,23.2,1,7.1,0,0,6,The service is okay but there is room for improvement.,Neutral,0
2937,48,Other,Delhi,Standard,9,927.64,8521.16,31.1,0,16.4,0,1,9,Really satisfied with the service and performance.,Positive,0
2938,37,Female,Ahmedabad,Premium,22,1360.69,30574.26,55.7,0,19.1,0,1,8,Reliable service and simple to use. I would recommend it.,Positive,0
2939,31,Male,Chennai,Standard,23,863.89,20667.12,10.1,2,8.3,0,1,7,Support solved my issue quickly. Very good experience.,Positive,0
2940,39,Male,Chennai,Standard,12,847.54,9288.7,18.8,3,22.1,4,1,6,Poor experience. Support did not solve my issue.,Negative,0
2941,35,Female,Delhi,Basic,15,432.11,5697.76,5.1,1,7.9,9,0,6,I love the service. Everything has been reliable so far.,Positive,0
2942,26,Other,Chennai,Basic,32,473.35,13879.8,15,2,9.9,4,0,5,It is a normal experience with occasional issues.,Neutral,0
2943,29,Female,Chennai,Basic,18,501.4,8300.27,18.9,2,4.2,3,0,6,Very happy with the service and fast support.,Positive,0
2944,31,Female,Kolkata,Basic,7,575.8,4099,25.6,1,21.8,0,1,8,Good value for money and quick customer support.,Positive,0
2945,40,Male,Ahmedabad,Standard,13,1019.82,12983,40.9,0,7.5,5,1,8,Support solved my issue quickly. Very good experience.,Positive,0
2946,26,Female,Chennai,Standard,42,874.81,32328.11,31.7,2,9.2,5,0,6,"Service is acceptable for now, but support could be faster.",Neutral,0
2947,18,Male,Hyderabad,Premium,27,1401.33,33944.53,39.9,2,12.6,5,1,7,The service is fine and meets most of my needs.,Neutral,0
2948,32,Female,Chennai,Basic,28,562.94,15143.02,17.1,2,14.4,0,1,4,I am unhappy with the price and frequent service problems.,Negative,0
2949,29,Female,Ahmedabad,Basic,17,601.61,8952.63,11,1,12.3,3,1,10,I love the service. Everything has been reliable so far.,Positive,0
2950,34,Female,Pune,Standard,26,937.21,22578.82,37.3,1,11.4,5,1,6,The service is fine and meets most of my needs.,Neutral,0
2951,29,Male,Jaipur,Basic,8,514.87,3508.61,18.4,4,12.6,11,1,4,Not satisfied. The app is difficult to use and often fails.,Negative,1
2952,26,Other,Delhi,Premium,18,1466.06,22796.5,53.2,1,14.5,10,0,6,"Service is acceptable for now, but support could be faster.",Neutral,0
2953,29,Other,Ahmedabad,Basic,11,515.96,5264.81,31.5,1,4.6,5,1,7,"Service is acceptable for now, but support could be faster.",Neutral,0
2954,37,Female,Mumbai,Basic,20,473.14,9655.95,5.4,2,13.4,0,1,7,"Nothing special, but the service is usable.",Neutral,0
2955,48,Male,Delhi,Standard,12,965.83,11755.66,24.7,1,15.8,6,1,9,"Excellent experience, no major issues and easy to use.",Positive,0
2956,18,Other,Delhi,Standard,13,891.43,11748.32,21.8,1,21.4,7,1,8,Good value for money and quick customer support.,Positive,0
2957,41,Male,Delhi,Standard,21,873.43,15739.6,10.7,3,18.4,8,0,7,"Nothing special, but the service is usable.",Neutral,0
2958,18,Other,Jaipur,Basic,8,460.69,3209.26,27.1,3,19.1,7,0,4,I may leave because the service quality has become poor.,Negative,1
2959,44,Other,Ahmedabad,Premium,39,1529.48,53310.99,31,0,7.1,3,1,8,"Great experience, the app works smoothly and the team is helpful.",Positive,0
2960,32,Female,Chennai,Standard,13,995.67,12379.04,29.5,1,8.2,0,0,5,The service is fine and meets most of my needs.,Neutral,0
2961,30,Female,Ahmedabad,Standard,15,974.89,12787.99,23.9,0,16.6,6,1,9,"Great experience, the app works smoothly and the team is helpful.",Positive,0
2962,34,Female,Kolkata,Standard,26,878.82,21649.96,24.5,0,9,7,1,6,"Nothing special, but the service is usable.",Neutral,0
2963,44,Male,Delhi,Premium,16,1517.34,21703.84,55.2,1,12.8,0,0,5,It is a normal experience with occasional issues.,Neutral,0
2964,33,Male,Mumbai,Standard,28,867.24,25460.13,23.1,3,15.4,13,1,5,Not satisfied. The app is difficult to use and often fails.,Negative,0
2965,32,Other,Ahmedabad,Standard,22,897.93,19332.04,31.9,1,9.5,0,1,7,Really satisfied with the service and performance.,Positive,0
2966,38,Female,Delhi,Standard,36,756.74,28299.32,37.7,3,18.1,10,0,5,I am unhappy with the price and frequent service problems.,Negative,1
2967,27,Other,Jaipur,Basic,18,552.53,9818.84,17,0,16.7,0,0,6,"Nothing special, but the service is usable.",Neutral,0
2968,30,Male,Kochi,Standard,24,799.69,19120.63,27.4,5,15.2,18,1,6,I am unhappy with the price and frequent service problems.,Negative,0
2969,31,Female,Kolkata,Standard,7,837.97,5103.33,26.8,1,10.7,6,0,4,Too many issues and the response from support is slow.,Negative,1
2970,44,Female,Mumbai,Basic,27,458.25,10627.64,21.4,3,22.4,10,0,6,Very disappointed with the service and slow support.,Negative,0
2971,22,Other,Kolkata,Basic,29,505.35,13338.88,14.9,2,12.7,4,1,8,I love the service. Everything has been reliable so far.,Positive,0
2972,34,Female,Kolkata,Standard,6,823.11,5174.3,27.1,2,20.8,5,1,7,"Service is acceptable for now, but support could be faster.",Neutral,0
2973,37,Male,Pune,Standard,20,812.53,14076.35,30.1,2,15.3,3,0,7,"Nothing special, but the service is usable.",Neutral,0
2974,38,Other,Ahmedabad,Basic,6,517.63,2726.41,5.2,2,13.7,1,0,6,"Service is acceptable for now, but support could be faster.",Neutral,0
2975,43,Male,Hyderabad,Basic,19,473.95,9400.31,1,2,15.3,1,1,6,The service is fine and meets most of my needs.,Neutral,0
2976,24,Female,Delhi,Basic,12,518.79,5335.46,4.7,1,16.5,6,1,6,The service is fine and meets most of my needs.,Neutral,1
2977,31,Male,Kolkata,Standard,15,863.39,12615.77,34.4,0,11.3,8,1,9,I love the service. Everything has been reliable so far.,Positive,0
2978,35,Female,Jaipur,Premium,6,1450.03,9056.18,64.8,3,18.5,9,0,4,Too many issues and the response from support is slow.,Negative,1
2979,35,Female,Jaipur,Standard,17,741.73,12648.06,36.4,2,12.9,4,0,5,Very disappointed with the service and slow support.,Negative,0
2980,26,Other,Chennai,Standard,13,1015.94,13856.99,27.6,3,13.4,0,0,5,Poor experience. Support did not solve my issue.,Negative,0
2981,26,Male,Hyderabad,Standard,30,926.12,26392.17,45.8,1,16.9,0,0,4,The service is unreliable and I keep facing problems.,Negative,0
2982,28,Female,Delhi,Basic,12,505.6,6143.69,37,1,9,5,1,6,"Service is acceptable for now, but support could be faster.",Neutral,0
2983,27,Male,Ahmedabad,Standard,30,912.23,28006.65,36.5,5,27.7,7,0,5,Bad experience with billing and customer support.,Negative,1
2984,25,Other,Kolkata,Standard,38,1065.35,38961.6,32.5,3,21.1,2,0,4,I am unhappy with the price and frequent service problems.,Negative,1
2985,30,Female,Chennai,Basic,22,543.17,11980.43,1.2,1,8.5,0,1,8,Good value for money and quick customer support.,Positive,0
2986,28,Male,Bengaluru,Standard,18,830.88,13611.72,34.4,1,8.3,5,0,7,Very happy with the service and fast support.,Positive,0
2987,26,Other,Mumbai,Standard,14,832.32,10354.25,21.6,3,11,0,0,6,I am unhappy with the price and frequent service problems.,Negative,0
2988,36,Male,Chennai,Premium,10,1568.33,15438.77,42.5,1,17.1,0,0,6,The service is fine and meets most of my needs.,Neutral,0
2989,28,Female,Delhi,Standard,11,951.33,10306.88,21,3,18,7,1,7,The service is okay but there is room for improvement.,Neutral,0
2990,34,Other,Pune,Standard,10,888.3,7861.7,19.6,5,25.6,13,1,6,The service is unreliable and I keep facing problems.,Negative,1
2991,46,Male,Mumbai,Standard,44,995.23,39795.7,9.7,0,10.7,8,0,10,Good value for money and quick customer support.,Positive,0
2992,52,Other,Ahmedabad,Basic,28,505.94,13266.42,18.5,2,19,0,0,7,Really satisfied with the service and performance.,Positive,0
2993,40,Other,Chennai,Standard,43,831.24,33519.9,27.2,3,19.3,7,0,6,Very disappointed with the service and slow support.,Negative,0
2994,37,Other,Jaipur,Basic,18,521.1,8133.67,29.6,2,13.4,0,1,8,The service is fine and meets most of my needs.,Neutral,0
2995,42,Female,Chennai,Premium,11,1600.4,15471.14,54.1,0,13.1,2,1,7,Really satisfied with the service and performance.,Positive,0
2996,46,Male,Delhi,Premium,9,1386.71,11893.83,49.4,5,21.4,11,1,4,The service is unreliable and I keep facing problems.,Negative,1
2997,37,Other,Pune,Standard,23,884.87,18600.53,31.1,0,10.2,5,1,8,Support solved my issue quickly. Very good experience.,Positive,0
2998,26,Male,Chennai,Basic,14,467.87,6418,35.2,1,7.2,0,1,6,The service is okay but there is room for improvement.,Neutral,0
2999,42,Other,Mumbai,Basic,21,577.99,12092.28,21.6,2,11.8,8,1,6,I am unhappy with the price and frequent service problems.,Negative,0
3000,47,Other,Pune,Standard,38,903.72,35602.9,27.2,3,20.9,11,0,4,I am unhappy with the price and frequent service problems.,Negative,0
3001,26,Other,Pune,Basic,9,608.95,5029.43,9.2,0,16.6,0,0,8,"Excellent experience, no major issues and easy to use.",Positive,0
3002,32,Male,Mumbai,Premium,17,1443.78,21950.55,48.3,1,12.1,1,1,6,Average experience. Some things work well and some do not.,Neutral,0
3003,31,Female,Kolkata,Standard,21,961.65,18048.34,28.9,1,8.5,2,1,8,Support solved my issue quickly. Very good experience.,Positive,0
3004,33,Other,Chennai,Premium,25,1396.63,34964.08,42.2,4,21.3,2,1,7,The service is fine and meets most of my needs.,Neutral,0
3005,48,Other,Pune,Standard,23,1066.19,22144.03,34.6,1,17.1,0,0,5,The service is unreliable and I keep facing problems.,Negative,0
3006,21,Other,Hyderabad,Premium,16,1539.09,24558.11,41.8,1,9.7,0,0,7,Very happy with the service and fast support.,Positive,0
3007,19,Male,Pune,Premium,9,1535.36,12677.02,52.6,0,2.4,0,1,7,Reliable service and simple to use. I would recommend it.,Positive,0
3008,49,Female,Jaipur,Premium,40,1547.2,58322.84,57.7,1,5.1,6,0,7,Very happy with the service and fast support.,Positive,0
3009,22,Female,Mumbai,Standard,7,845.59,5887.92,37.7,2,10.2,6,1,9,Really satisfied with the service and performance.,Positive,0
3010,36,Male,Pune,Standard,13,828.73,10702.13,28.7,3,18.2,7,0,5,Too many issues and the response from support is slow.,Negative,0
3011,37,Male,Hyderabad,Basic,34,591.93,18008.55,13.3,1,19.3,0,1,8,It is a normal experience with occasional issues.,Neutral,0
3012,42,Male,Hyderabad,Premium,10,1367.39,11714.91,55.1,1,10.8,3,0,3,I may leave because the service quality has become poor.,Negative,0
3013,40,Male,Bengaluru,Basic,20,411.38,7380.57,17.4,2,21,4,0,4,I may leave because the service quality has become poor.,Negative,0
3014,38,Other,Kochi,Basic,17,537.93,9491.04,11.9,3,19.3,11,0,7,"Nothing special, but the service is usable.",Neutral,0
3015,44,Other,Ahmedabad,Basic,16,507.95,6956.9,27.5,0,6.7,0,0,7,Good value for money and quick customer support.,Positive,1
3016,35,Male,Kolkata,Standard,31,825.81,22986.01,30,2,11,4,0,6,Very disappointed with the service and slow support.,Negative,0
3017,31,Female,Kolkata,Premium,26,1446.66,35106.84,69.9,0,8.5,1,1,6,I love the service. Everything has been reliable so far.,Positive,1
3018,27,Male,Jaipur,Premium,23,1483.07,34206.12,44.7,1,9.6,2,0,7,"Excellent experience, no major issues and easy to use.",Positive,0
3019,35,Other,Pune,Standard,4,927.46,3604.34,19.8,5,24.7,7,0,5,Too many issues and the response from support is slow.,Negative,1
3020,35,Male,Pune,Premium,13,1509.99,17683.28,61.4,1,11.6,8,0,5,I am unhappy with the price and frequent service problems.,Negative,0
3021,39,Other,Ahmedabad,Premium,9,1431.36,11736.44,53.8,1,16.7,0,0,5,The service is fine and meets most of my needs.,Neutral,0
3022,24,Female,Kochi,Premium,25,1380.28,30665.87,42.6,2,13.2,0,1,7,Average experience. Some things work well and some do not.,Neutral,0
3023,33,Other,Bengaluru,Basic,36,468.8,16411.08,32.8,1,6.4,4,0,5,Not satisfied. The app is difficult to use and often fails.,Negative,0
3024,39,Female,Ahmedabad,Standard,15,951.97,14971.8,25.1,1,16.5,0,1,8,Really satisfied with the service and performance.,Positive,0
3025,42,Other,Kochi,Standard,34,885.2,28646.08,31.6,1,4.4,0,1,7,Really satisfied with the service and performance.,Positive,0
3026,18,Female,Chennai,Standard,10,908.42,8778.85,28.4,2,6.4,0,1,6,It is a normal experience with occasional issues.,Neutral,0
3027,31,Female,Pune,Basic,30,463.45,14241.02,16.1,4,17.4,17,1,9,"Nothing special, but the service is usable.",Neutral,0
3028,38,Other,Kolkata,Standard,4,946.81,3396.47,32.9,1,18.7,6,1,8,"Great experience, the app works smoothly and the team is helpful.",Positive,0
3029,28,Other,Pune,Premium,5,1413.88,6069.73,58.9,1,9.1,2,1,6,"Service is acceptable for now, but support could be faster.",Neutral,0
3030,30,Other,Ahmedabad,Standard,38,866.37,32502.13,36.2,0,2.2,2,0,4,Very disappointed with the service and slow support.,Negative,0
3031,27,Female,Kochi,Premium,24,1434.62,30857.43,45.9,1,11.3,2,0,3,Not satisfied. The app is difficult to use and often fails.,Negative,0
3032,18,Other,Chennai,Premium,22,1499.92,32743.17,53,0,0.7,0,0,6,Good value for money and quick customer support.,Positive,0
3033,26,Other,Kolkata,Basic,17,553.21,8741.28,20.1,3,16.3,2,1,7,The service is unreliable and I keep facing problems.,Negative,1
3034,28,Other,Kochi,Basic,12,482.33,5715.2,13.2,9,26.6,11,0,1,Very disappointed with the service and slow support.,Negative,1
3035,29,Female,Kochi,Standard,15,938.32,12891.87,27.9,3,18.8,3,0,5,I am unhappy with the price and frequent service problems.,Negative,0
3036,18,Other,Delhi,Standard,13,831.32,10916.33,37.4,3,11.8,9,1,7,"Nothing special, but the service is usable.",Neutral,0
3037,19,Female,Kochi,Premium,5,1434.46,6739.68,57.3,2,10,3,1,6,I am unhappy with the price and frequent service problems.,Negative,0
3038,63,Other,Delhi,Standard,29,892.61,25445.8,25.7,2,8.4,6,0,8,Good value for money and quick customer support.,Positive,0
3039,22,Other,Ahmedabad,Basic,20,486.94,8805.19,13.2,1,14.1,0,0,6,Very happy with the service and fast support.,Positive,0
3040,25,Other,Hyderabad,Standard,27,916.55,25141.35,32.5,2,15.4,2,0,6,Too many issues and the response from support is slow.,Negative,0
3041,22,Male,Kolkata,Basic,25,640.57,15638.26,13.8,2,13.5,1,0,8,The service is fine and meets most of my needs.,Neutral,0
3042,39,Other,Hyderabad,Premium,10,1591.61,14635.03,51.3,1,11.2,3,0,5,The service is okay but there is room for improvement.,Neutral,0
3043,33,Male,Bengaluru,Basic,9,529.31,4500.14,13.1,2,10.6,5,0,7,Average experience. Some things work well and some do not.,Neutral,0
3044,26,Other,Hyderabad,Basic,29,485.51,14693.84,20.2,4,24.5,10,1,7,The service is okay but there is room for improvement.,Neutral,0
3045,33,Female,Delhi,Standard,9,892.64,7626.32,43.4,1,15.4,6,0,6,"Nothing special, but the service is usable.",Neutral,0
3046,39,Other,Pune,Basic,12,572.71,6691.38,8.6,0,12.4,6,1,6,Average experience. Some things work well and some do not.,Neutral,0
3047,34,Female,Kolkata,Standard,16,814.55,12395.95,28.4,2,17.6,4,1,7,"Nothing special, but the service is usable.",Neutral,0
3048,38,Other,Jaipur,Basic,13,414.04,5256.12,19.9,4,19.9,6,1,6,Very disappointed with the service and slow support.,Negative,1
3049,37,Female,Delhi,Standard,20,876.69,16265.39,38.9,1,14.4,0,1,8,Reliable service and simple to use. I would recommend it.,Positive,0
3050,36,Female,Kochi,Standard,18,938.31,15298.23,43.4,3,16.3,2,1,5,Not satisfied. The app is difficult to use and often fails.,Negative,0
3051,31,Other,Ahmedabad,Premium,20,1413.35,24214.9,67,0,14.6,3,1,6,The service is okay but there is room for improvement.,Neutral,0
3052,44,Female,Hyderabad,Standard,22,974.51,20706.15,29.1,3,13.9,9,0,7,The service is unreliable and I keep facing problems.,Negative,1
3053,23,Male,Hyderabad,Standard,20,896.47,16420.78,23.6,3,20.7,7,1,6,I am unhappy with the price and frequent service problems.,Negative,0
3054,20,Other,Ahmedabad,Basic,4,386.17,1424.58,13.1,2,8.8,0,1,7,The service is fine and meets most of my needs.,Neutral,0
3055,31,Other,Ahmedabad,Basic,11,505.68,5058.19,19.5,3,20.5,11,1,5,The service is unreliable and I keep facing problems.,Negative,0
3056,21,Male,Chennai,Standard,14,820.4,10350.93,30.2,3,20.4,8,0,5,I may leave because the service quality has become poor.,Negative,0
3057,48,Male,Kochi,Basic,14,396.74,5447.27,9.8,3,10.5,7,1,6,Bad experience with billing and customer support.,Negative,0
3058,44,Other,Bengaluru,Basic,25,431.6,10347.4,10.1,2,17.4,4,0,5,I may leave because the service quality has become poor.,Negative,0
3059,50,Male,Ahmedabad,Basic,29,708.62,18439.17,4.9,3,13.9,0,0,3,Very disappointed with the service and slow support.,Negative,0
3060,46,Female,Jaipur,Basic,36,613.91,20290.68,9.3,2,20.6,0,0,7,Poor experience. Support did not solve my issue.,Negative,0
3061,37,Male,Mumbai,Standard,12,871.52,10466.43,32.4,2,13.1,0,0,5,Very disappointed with the service and slow support.,Negative,0
3062,24,Female,Chennai,Standard,5,1014.11,4481.15,41.7,2,21.8,9,0,7,"Service is acceptable for now, but support could be faster.",Neutral,0
3063,37,Male,Mumbai,Basic,18,614.18,11107.7,8.8,2,10.1,10,1,4,I am unhappy with the price and frequent service problems.,Negative,1
3064,47,Other,Ahmedabad,Premium,22,1505.44,29551.51,49.3,1,21.8,5,0,6,The service is unreliable and I keep facing problems.,Negative,0
3065,18,Male,Chennai,Basic,43,498.38,18972.34,33.6,2,8.5,5,0,8,Reliable service and simple to use. I would recommend it.,Positive,0
3066,27,Female,Delhi,Standard,18,945.93,16436.65,21.5,1,16.3,7,1,6,The service is okay but there is room for improvement.,Neutral,0
3067,25,Other,Kochi,Premium,26,1568.59,42628.97,46.2,0,13.6,5,1,8,"Great experience, the app works smoothly and the team is helpful.",Positive,0
3068,29,Female,Ahmedabad,Basic,23,429.92,9939.5,28.2,3,15.3,4,1,5,Bad experience with billing and customer support.,Negative,0
3069,42,Male,Hyderabad,Basic,24,615.59,13900.87,12.7,5,16.3,10,1,7,I may leave because the service quality has become poor.,Negative,0
3070,35,Female,Kochi,Premium,11,1652.83,17462.02,59.9,0,11,2,0,4,The service is unreliable and I keep facing problems.,Negative,0
3071,26,Male,Chennai,Basic,45,452.88,19073.24,1,4,11.7,14,0,4,I am unhappy with the price and frequent service problems.,Negative,1
3072,24,Female,Kochi,Standard,15,881.28,13544.16,23.8,2,18.4,1,1,6,I may leave because the service quality has become poor.,Negative,0
3073,44,Male,Chennai,Standard,10,898.76,8460.15,39.1,2,9.2,7,0,7,Very happy with the service and fast support.,Positive,0
3074,18,Male,Mumbai,Basic,28,536.42,15016.48,1,5,22.6,7,0,5,Bad experience with billing and customer support.,Negative,1
3075,36,Male,Delhi,Basic,18,415.45,7256.08,14.3,0,7.2,5,0,4,The service is unreliable and I keep facing problems.,Negative,0
3076,42,Other,Pune,Standard,10,874.92,8191.11,35.8,5,21.4,11,0,3,Too many issues and the response from support is slow.,Negative,1
3077,35,Male,Delhi,Premium,32,1477.21,45365.53,45.6,1,21.7,0,1,6,Average experience. Some things work well and some do not.,Neutral,0
3078,28,Male,Ahmedabad,Standard,23,909.38,18598.1,38.6,0,7.4,0,0,4,The service is okay but there is room for improvement.,Neutral,0
3079,52,Male,Kolkata,Standard,12,776.89,9163.86,25.6,2,8,3,0,6,I love the service. Everything has been reliable so far.,Positive,0
3080,21,Other,Chennai,Premium,41,1472.75,57487.44,41,0,3.8,6,0,5,The service is okay but there is room for improvement.,Neutral,0
3081,40,Female,Kochi,Premium,28,1498.98,42557.62,59,0,9.7,0,0,7,I love the service. Everything has been reliable so far.,Positive,0
3082,47,Male,Kolkata,Premium,17,1607.66,25534.44,57.5,1,11.2,2,1,9,Good value for money and quick customer support.,Positive,0
3083,33,Female,Kolkata,Basic,28,482.96,12948.2,23,2,18.5,0,1,6,The service is okay but there is room for improvement.,Neutral,0
3084,25,Female,Kolkata,Basic,9,593.67,5243.91,14.7,1,14.7,10,1,7,Support solved my issue quickly. Very good experience.,Positive,0
3085,30,Female,Jaipur,Premium,7,1535.48,9387.65,58.9,1,9.3,0,0,5,Poor experience. Support did not solve my issue.,Negative,0
3086,31,Female,Jaipur,Premium,12,1446.49,15613.88,66.8,1,10.4,6,1,8,I love the service. Everything has been reliable so far.,Positive,0
3087,23,Male,Jaipur,Standard,37,858.28,27913.38,37.8,1,17.1,0,1,8,"Great experience, the app works smoothly and the team is helpful.",Positive,0
3088,36,Female,Jaipur,Basic,31,603.9,18598.41,20,1,11.8,7,0,6,The service is fine and meets most of my needs.,Neutral,0
3089,34,Male,Chennai,Standard,25,915.15,23713.51,33.1,1,10.2,7,0,3,Not satisfied. The app is difficult to use and often fails.,Negative,0
3090,33,Female,Kolkata,Basic,34,450.78,13680.48,21.9,2,15.2,3,1,7,"Service is acceptable for now, but support could be faster.",Neutral,0
3091,35,Other,Jaipur,Basic,26,380.46,9409.41,41.2,1,10.4,9,1,9,Reliable service and simple to use. I would recommend it.,Positive,0
3092,39,Other,Ahmedabad,Standard,14,820.94,10993.64,33.6,3,22.6,0,0,8,It is a normal experience with occasional issues.,Neutral,0
3093,33,Female,Hyderabad,Standard,19,935.53,15120.21,30.3,5,22.8,11,1,4,The service is unreliable and I keep facing problems.,Negative,1
3094,49,Female,Pune,Premium,14,1588.85,19112.08,47.2,0,8.2,0,1,6,Good value for money and quick customer support.,Positive,0
3095,18,Female,Delhi,Premium,34,1491.24,45032.63,57.8,0,11.5,12,0,6,"Service is acceptable for now, but support could be faster.",Neutral,0
3096,27,Female,Mumbai,Premium,34,1446.06,44662.55,46.4,1,1.2,0,1,8,"Excellent experience, no major issues and easy to use.",Positive,0
3097,32,Female,Jaipur,Standard,48,1029.4,44042.85,18.6,2,19.8,9,0,9,I love the service. Everything has been reliable so far.,Positive,0
3098,52,Other,Pune,Basic,17,431.17,6981.52,29.1,1,17.7,1,1,6,"Nothing special, but the service is usable.",Neutral,0
3099,33,Other,Kochi,Basic,11,608.57,6131.83,28.5,2,7.5,4,1,7,I love the service. Everything has been reliable so far.,Positive,0
3100,39,Male,Pune,Standard,19,913.83,16752.52,41.4,3,21.4,9,0,7,The service is fine and meets most of my needs.,Neutral,0
3101,31,Other,Delhi,Basic,8,625.92,4956.05,28.7,0,7.3,1,1,10,Really satisfied with the service and performance.,Positive,0
3102,34,Male,Kolkata,Standard,22,889.67,18429.93,44.6,1,3.8,1,1,8,Reliable service and simple to use. I would recommend it.,Positive,0
3103,35,Other,Delhi,Basic,43,396.22,16554.94,13.1,2,16,6,0,3,Too many issues and the response from support is slow.,Negative,1
3104,25,Male,Kolkata,Premium,48,1508.63,62285.71,46.5,2,12.5,0,1,6,Very disappointed with the service and slow support.,Negative,0
3105,42,Male,Mumbai,Premium,22,1541.02,34284.24,46,2,5,7,1,9,Reliable service and simple to use. I would recommend it.,Positive,0
3106,40,Female,Kochi,Standard,12,732.04,7609.4,31.1,3,24,0,1,8,The service is fine and meets most of my needs.,Neutral,0
3107,33,Other,Kolkata,Basic,43,474.42,20437.27,9.2,1,3.4,0,0,6,It is a normal experience with occasional issues.,Neutral,0
3108,28,Other,Ahmedabad,Standard,24,1054.26,24669.58,34.7,2,9.3,6,1,4,Bad experience with billing and customer support.,Negative,0
3109,27,Female,Delhi,Basic,12,449.43,4865.18,16.7,3,19.2,11,0,7,The service is okay but there is room for improvement.,Neutral,0
3110,32,Female,Bengaluru,Basic,50,513.52,26492.38,23.6,3,17.9,3,0,5,Too many issues and the response from support is slow.,Negative,1
3111,32,Male,Kochi,Standard,14,917.77,11694.87,42.4,3,15.5,5,0,5,The service is unreliable and I keep facing problems.,Negative,1
3112,27,Other,Kolkata,Basic,7,392.8,2356.47,22.9,2,11.2,6,0,6,The service is okay but there is room for improvement.,Neutral,0
3113,47,Male,Delhi,Premium,28,1424.74,37138.6,40.9,2,10.2,2,1,5,Too many issues and the response from support is slow.,Negative,0
3114,30,Female,Mumbai,Basic,29,362.94,9900.07,28.8,1,10.7,5,1,8,Really satisfied with the service and performance.,Positive,0
3115,38,Male,Chennai,Basic,27,511.86,12805.42,23.9,2,13.1,3,1,7,Average experience. Some things work well and some do not.,Neutral,0
3116,29,Male,Kolkata,Basic,9,452.8,4015.44,11.2,2,15.8,7,0,4,Poor experience. Support did not solve my issue.,Negative,0
3117,33,Male,Jaipur,Standard,72,932.43,63777.92,46.9,1,6.2,8,1,4,I may leave because the service quality has become poor.,Negative,0
3118,61,Male,Hyderabad,Basic,10,618.93,6269.85,27.7,2,12.5,6,1,7,Average experience. Some things work well and some do not.,Neutral,0
3119,35,Male,Ahmedabad,Standard,28,726.49,19527.29,15.9,1,15.7,6,0,7,Average experience. Some things work well and some do not.,Neutral,0
3120,35,Female,Hyderabad,Basic,24,419.98,9884.93,3.5,1,11.6,7,1,5,Bad experience with billing and customer support.,Negative,0
3121,30,Other,Jaipur,Premium,16,1551.97,23184.36,55.6,2,17.1,3,1,7,Good value for money and quick customer support.,Positive,0
3122,42,Male,Hyderabad,Premium,27,1517.33,42489.21,57.4,0,21.7,0,1,9,Reliable service and simple to use. I would recommend it.,Positive,0
3123,25,Female,Chennai,Standard,2,859.93,1678.37,34.9,2,12.4,11,1,8,Support solved my issue quickly. Very good experience.,Positive,0
3124,18,Male,Kochi,Standard,6,1034.96,5416.53,22.9,3,20.7,2,0,4,I may leave because the service quality has become poor.,Negative,0
3125,25,Female,Kochi,Basic,60,520.14,30787.63,1,5,24.6,5,0,6,I may leave because the service quality has become poor.,Negative,0
3126,35,Other,Jaipur,Standard,26,900.99,20151.7,39.8,2,16.6,1,1,7,I am unhappy with the price and frequent service problems.,Negative,0
3127,33,Female,Chennai,Standard,25,724.22,18969.59,40.6,1,12.9,8,1,8,Average experience. Some things work well and some do not.,Neutral,0
3128,29,Female,Mumbai,Basic,5,474.27,2356.35,7.9,1,16.2,0,1,8,Support solved my issue quickly. Very good experience.,Positive,0
3129,49,Female,Mumbai,Standard,18,869.7,14219.62,18.9,1,22.1,7,0,3,Bad experience with billing and customer support.,Negative,1
3130,34,Other,Ahmedabad,Premium,20,1407.75,28801.84,48.4,1,13,4,0,5,The service is unreliable and I keep facing problems.,Negative,0
3131,52,Female,Bengaluru,Standard,8,892.01,6388.52,8.3,1,15.9,11,1,5,Not satisfied. The app is difficult to use and often fails.,Negative,0
3132,48,Female,Bengaluru,Standard,18,983.51,16230.95,26.6,1,19.9,0,1,9,Support solved my issue quickly. Very good experience.,Positive,0
3133,37,Male,Kolkata,Basic,10,517.47,5090.17,28.4,2,10.9,6,0,8,"Excellent experience, no major issues and easy to use.",Positive,0
3134,29,Female,Pune,Standard,10,918.25,8628.25,18.9,4,22.3,0,0,6,I am unhappy with the price and frequent service problems.,Negative,1
3135,43,Other,Kochi,Standard,18,1009.07,17654,25.3,3,7.5,9,0,5,Very disappointed with the service and slow support.,Negative,1
3136,47,Female,Delhi,Basic,4,417.57,1710.06,24.8,0,6.2,2,0,6,The service is okay but there is room for improvement.,Neutral,0
3137,35,Other,Chennai,Basic,19,599.41,11660.92,27.2,7,22.1,8,0,5,Too many issues and the response from support is slow.,Negative,0
3138,30,Male,Kochi,Premium,18,1456.38,24476.62,51.1,2,4.2,5,1,5,Poor experience. Support did not solve my issue.,Negative,0
3139,27,Female,Chennai,Premium,27,1422.19,39904.84,36,1,17.6,7,1,6,I love the service. Everything has been reliable so far.,Positive,0
3140,45,Male,Kolkata,Basic,27,614.03,15431.64,12.3,2,11.1,4,0,8,Good value for money and quick customer support.,Positive,0
3141,19,Male,Jaipur,Basic,25,403.05,10476.49,19,1,3.1,2,0,6,"Service is acceptable for now, but support could be faster.",Neutral,0
3142,40,Other,Ahmedabad,Premium,19,1511.7,27701.01,53.1,1,11.6,2,0,6,Average experience. Some things work well and some do not.,Neutral,0
3143,22,Male,Mumbai,Standard,20,967.55,19420.49,41.9,0,10.7,2,0,6,The service is unreliable and I keep facing problems.,Negative,0
3144,26,Male,Pune,Premium,21,1488.3,30916.94,59.7,0,13,1,0,6,The service is fine and meets most of my needs.,Neutral,0
3145,31,Male,Ahmedabad,Standard,10,873.11,8857.05,40.1,2,7.9,6,1,6,"Nothing special, but the service is usable.",Neutral,0
3146,33,Male,Chennai,Standard,21,886.81,16390.73,37.5,2,11.7,5,0,5,I am unhappy with the price and frequent service problems.,Negative,1
3147,40,Male,Delhi,Premium,25,1472.61,35685.19,45.6,2,15.3,7,1,6,The service is fine and meets most of my needs.,Neutral,0
3148,38,Male,Kochi,Standard,23,969.58,20153.78,25.5,2,17.9,0,0,2,Bad experience with billing and customer support.,Negative,1
3149,36,Male,Chennai,Basic,20,455.34,8524.93,17.6,2,18.7,8,0,7,Average experience. Some things work well and some do not.,Neutral,0
3150,49,Male,Jaipur,Premium,21,1498.66,32313.72,68.4,0,8.8,3,1,9,Reliable service and simple to use. I would recommend it.,Positive,0
3151,52,Male,Ahmedabad,Basic,18,299,4785.63,17,2,13.6,9,0,4,I am unhappy with the price and frequent service problems.,Negative,1
3152,28,Male,Jaipur,Standard,15,877.88,11606.93,29,0,11.6,1,0,8,Support solved my issue quickly. Very good experience.,Positive,0
3153,34,Male,Bengaluru,Basic,25,506.21,13236.74,12.9,1,13.8,0,1,7,"Nothing special, but the service is usable.",Neutral,0
3154,41,Female,Kochi,Standard,39,918.3,32786.2,26.4,1,11.6,9,1,7,The service is fine and meets most of my needs.,Neutral,0
3155,34,Female,Kochi,Standard,28,1098.64,29113.65,32.1,1,19.4,2,1,8,"Excellent experience, no major issues and easy to use.",Positive,0
3156,31,Other,Kolkata,Basic,28,443.39,12839.45,30,1,14,4,1,6,Average experience. Some things work well and some do not.,Neutral,0
3157,34,Male,Mumbai,Basic,15,544.65,8169.01,18.4,3,7.7,4,1,7,"Excellent experience, no major issues and easy to use.",Positive,0
3158,45,Male,Jaipur,Premium,17,1666.88,26907.58,29.5,1,4.8,0,1,6,Support solved my issue quickly. Very good experience.,Positive,0
3159,51,Female,Delhi,Basic,3,606.28,1562.19,17.5,2,16.9,4,1,6,Average experience. Some things work well and some do not.,Neutral,0
3160,34,Male,Mumbai,Standard,22,825.38,17744.7,16.8,1,6,4,0,5,I may leave because the service quality has become poor.,Negative,0
3161,30,Other,Chennai,Standard,19,889.39,17226.64,46.1,2,19.9,4,1,9,Support solved my issue quickly. Very good experience.,Positive,0
3162,47,Male,Chennai,Basic,49,473.61,22711.81,43.9,4,20.7,12,0,5,I may leave because the service quality has become poor.,Negative,1
3163,44,Female,Ahmedabad,Standard,14,923.59,11826.71,43.3,1,8.9,2,1,9,Really satisfied with the service and performance.,Positive,0
3164,46,Male,Ahmedabad,Basic,33,574.17,19407.48,24,3,14.4,0,0,4,I am unhappy with the price and frequent service problems.,Negative,0
3165,49,Male,Hyderabad,Basic,20,526.28,9810.56,26.3,2,21.1,3,0,6,Not satisfied. The app is difficult to use and often fails.,Negative,1
3166,20,Female,Kolkata,Premium,20,1538.86,29825.65,53.6,0,0.5,7,1,8,"Great experience, the app works smoothly and the team is helpful.",Positive,0
3167,27,Other,Pune,Standard,26,843.97,22563.51,31.6,0,11,9,1,6,Very happy with the service and fast support.,Positive,1
3168,44,Female,Hyderabad,Standard,28,881.61,22434.51,22.4,1,11.6,5,0,5,Too many issues and the response from support is slow.,Negative,0
3169,30,Other,Chennai,Basic,30,511.42,14862.59,8.7,2,16.8,0,0,7,I love the service. Everything has been reliable so far.,Positive,0
3170,43,Other,Kochi,Basic,14,490.98,7124.29,27.7,3,14.4,4,0,7,The service is fine and meets most of my needs.,Neutral,0
3171,29,Male,Kochi,Standard,33,1047.42,30844.09,29.9,1,11.5,7,1,6,It is a normal experience with occasional issues.,Neutral,0
3172,27,Female,Jaipur,Standard,20,879.24,16529.15,15.7,2,16.3,6,1,8,"Excellent experience, no major issues and easy to use.",Positive,0
3173,45,Female,Bengaluru,Premium,6,1501.66,7981.97,58.2,1,9,6,0,5,I may leave because the service quality has become poor.,Negative,0
3174,33,Female,Kolkata,Standard,25,947.75,20957.92,43.8,1,11.9,5,0,3,The service is unreliable and I keep facing problems.,Negative,1
3175,46,Male,Kolkata,Basic,38,514.15,19042.18,26.2,0,4.8,1,1,8,"Excellent experience, no major issues and easy to use.",Positive,0
3176,38,Male,Chennai,Standard,30,880.12,25831.16,51.2,1,13.5,11,0,7,The service is okay but there is room for improvement.,Neutral,0
3177,49,Other,Kolkata,Basic,40,300.8,11636.53,22.6,1,17.1,8,0,7,Very happy with the service and fast support.,Positive,0
3178,39,Male,Pune,Basic,44,483.67,22210.96,17.7,7,30,13,0,7,I am unhappy with the price and frequent service problems.,Negative,1
3179,39,Female,Jaipur,Basic,15,591.55,8920.99,17.5,2,9,0,0,4,Bad experience with billing and customer support.,Negative,0
3180,31,Other,Jaipur,Basic,20,611.08,11696.61,6.7,4,10.9,3,0,4,Very disappointed with the service and slow support.,Negative,0
3181,26,Male,Chennai,Premium,21,1450.38,27046.3,46.2,0,8.1,0,1,7,Reliable service and simple to use. I would recommend it.,Positive,0
3182,27,Male,Mumbai,Standard,13,902.18,12096.84,34.3,5,17.6,8,0,4,I may leave because the service quality has become poor.,Negative,1
3183,18,Male,Hyderabad,Standard,3,850.96,2601.2,44.3,1,21.1,11,1,6,The service is fine and meets most of my needs.,Neutral,1
3184,30,Other,Delhi,Premium,18,1404.04,25256.56,62.4,3,17.3,13,1,8,Not satisfied. The app is difficult to use and often fails.,Negative,0
3185,40,Other,Delhi,Standard,21,899.89,19243.03,31.5,1,21.4,0,1,8,Good value for money and quick customer support.,Positive,0
3186,47,Male,Bengaluru,Standard,44,863.29,37702.4,26.6,0,8,3,1,6,"Service is acceptable for now, but support could be faster.",Neutral,0
3187,33,Other,Pune,Standard,16,999.81,15455.55,26.2,0,18.2,0,1,10,Very happy with the service and fast support.,Positive,0
3188,35,Other,Pune,Premium,12,1580.48,17160.58,60.5,2,13,5,1,8,"Great experience, the app works smoothly and the team is helpful.",Positive,0
3189,18,Male,Kochi,Basic,33,627.23,19615.27,30.4,5,24.2,8,0,6,I am unhappy with the price and frequent service problems.,Negative,0
3190,33,Female,Chennai,Premium,13,1520.2,19560.81,58,0,10.9,5,1,7,It is a normal experience with occasional issues.,Neutral,0
3191,32,Other,Kolkata,Standard,33,903.55,27752.12,17.2,1,10.7,0,1,7,"Excellent experience, no major issues and easy to use.",Positive,0
3192,56,Male,Mumbai,Basic,22,608.99,13378.02,9.7,2,11.1,13,1,10,"Great experience, the app works smoothly and the team is helpful.",Positive,0
3193,43,Female,Bengaluru,Standard,12,900.61,11016.81,51.4,3,11.4,5,1,8,Average experience. Some things work well and some do not.,Neutral,0
3194,20,Female,Ahmedabad,Premium,18,1483.34,27199.62,59.7,2,20.6,12,1,10,Really satisfied with the service and performance.,Positive,0
3195,51,Male,Pune,Basic,25,510.28,11964.44,20.9,0,8.3,7,1,5,It is a normal experience with occasional issues.,Neutral,0
3196,39,Other,Mumbai,Standard,27,886.35,23131.97,38,0,3.1,7,0,7,"Excellent experience, no major issues and easy to use.",Positive,0
3197,34,Male,Jaipur,Premium,14,1420.02,19692.73,57.8,0,5.4,6,1,10,I love the service. Everything has been reliable so far.,Positive,0
3198,35,Other,Delhi,Standard,20,950.54,18604.44,36.1,3,21,5,0,4,The service is unreliable and I keep facing problems.,Negative,0
3199,33,Male,Hyderabad,Standard,16,923.25,12777.29,14.9,0,15.9,0,0,7,I love the service. Everything has been reliable so far.,Positive,0
3200,34,Other,Kolkata,Standard,31,936.64,29816.2,43.2,1,9.3,11,0,6,"Nothing special, but the service is usable.",Neutral,0
3201,50,Other,Chennai,Premium,14,1296.53,16587.15,49.8,2,13.1,4,0,5,I may leave because the service quality has become poor.,Negative,0
3202,19,Male,Bengaluru,Basic,15,496.01,7345.87,6.7,1,17.3,6,1,8,"Nothing special, but the service is usable.",Neutral,0
3203,31,Other,Delhi,Standard,30,849.04,25874.73,32.7,2,5.8,3,0,5,Very disappointed with the service and slow support.,Negative,0
3204,26,Male,Pune,Basic,19,507.7,9549.84,41.2,1,18.5,7,0,7,"Great experience, the app works smoothly and the team is helpful.",Positive,0
3205,46,Male,Jaipur,Basic,28,499.37,12415.36,26.4,4,17.4,4,0,4,Poor experience. Support did not solve my issue.,Negative,1
3206,30,Female,Ahmedabad,Basic,32,539.61,17081.43,16.8,1,10.5,0,1,7,"Great experience, the app works smoothly and the team is helpful.",Positive,0
3207,34,Other,Pune,Basic,33,630.61,18703.08,12.4,1,10.7,2,1,10,"Excellent experience, no major issues and easy to use.",Positive,0
3208,51,Male,Kochi,Basic,2,345.76,641.91,23.5,2,7.6,9,0,8,"Excellent experience, no major issues and easy to use.",Positive,0
3209,29,Male,Kolkata,Premium,12,1480.39,15958.62,56.9,0,9.8,1,0,5,I may leave because the service quality has become poor.,Negative,0
3210,40,Female,Delhi,Premium,21,1534.34,28064.5,41.3,0,6.1,2,1,7,"Excellent experience, no major issues and easy to use.",Positive,0
3211,44,Other,Kolkata,Standard,11,1008,9512.95,31.7,1,1.7,0,0,6,"Service is acceptable for now, but support could be faster.",Neutral,0
3212,28,Other,Delhi,Basic,22,558.34,12786.22,5.1,1,8.1,0,1,7,Average experience. Some things work well and some do not.,Neutral,0
3213,19,Other,Chennai,Basic,21,582.74,11213.31,24.6,6,33.4,10,0,5,The service is unreliable and I keep facing problems.,Negative,1
3214,29,Male,Hyderabad,Premium,28,1505.97,39625.08,50.2,0,12.6,4,0,6,Average experience. Some things work well and some do not.,Neutral,0
3215,27,Other,Hyderabad,Basic,16,380.45,5728.19,31.2,0,7.7,7,1,9,Really satisfied with the service and performance.,Positive,0
3216,37,Other,Mumbai,Standard,19,833.53,14093.15,37.2,1,10.2,6,1,8,Support solved my issue quickly. Very good experience.,Positive,0
3217,35,Male,Kochi,Standard,31,779.12,24714.27,33,2,13.6,8,1,6,I am unhappy with the price and frequent service problems.,Negative,0
3218,39,Female,Bengaluru,Standard,19,818.79,15853.02,40,3,14.4,5,1,5,I am unhappy with the price and frequent service problems.,Negative,0
3219,27,Female,Hyderabad,Basic,22,358.55,7530.12,25.7,2,8.8,9,1,5,Bad experience with billing and customer support.,Negative,0
3220,44,Male,Ahmedabad,Standard,20,955.28,18750.23,39.6,1,7.5,5,1,8,Really satisfied with the service and performance.,Positive,0
3221,51,Female,Chennai,Premium,24,1558.6,38043.12,54,3,16.2,4,1,6,Not satisfied. The app is difficult to use and often fails.,Negative,1
3222,51,Other,Chennai,Basic,7,586.43,4031.93,7.3,4,16.3,10,0,4,Too many issues and the response from support is slow.,Negative,0
3223,37,Female,Hyderabad,Standard,28,911.74,25469.77,36.6,0,9.7,6,1,9,I love the service. Everything has been reliable so far.,Positive,0
3224,37,Male,Chennai,Basic,15,528.91,8146.13,17.4,3,18.6,8,1,4,Too many issues and the response from support is slow.,Negative,1
3225,37,Male,Chennai,Standard,32,880.31,25771.67,16.8,4,21,11,0,6,Not satisfied. The app is difficult to use and often fails.,Negative,1
3226,49,Other,Delhi,Premium,30,1444.42,37412.93,52.8,1,10.1,8,1,7,Really satisfied with the service and performance.,Positive,0
3227,30,Male,Hyderabad,Standard,11,970.85,10574.8,25.3,3,18.3,8,0,2,I am unhappy with the price and frequent service problems.,Negative,1
3228,41,Male,Delhi,Standard,25,917.89,21298.77,34.3,2,14.3,5,1,8,Support solved my issue quickly. Very good experience.,Positive,1
3229,30,Other,Jaipur,Standard,22,889.97,20367.6,18.6,2,15,6,0,6,It is a normal experience with occasional issues.,Neutral,0
3230,43,Other,Bengaluru,Standard,31,939.11,28848.05,21.7,4,12,6,1,7,The service is fine and meets most of my needs.,Neutral,0
3231,18,Female,Bengaluru,Basic,19,437.06,7164.79,18.9,3,17,12,0,5,Bad experience with billing and customer support.,Negative,0
3232,29,Other,Hyderabad,Standard,16,892.21,13630.65,32.5,1,12.6,1,1,7,Reliable service and simple to use. I would recommend it.,Positive,0
3233,26,Other,Jaipur,Basic,38,497.69,16323.57,17.8,1,11.5,0,1,7,The service is fine and meets most of my needs.,Neutral,0
3234,34,Male,Ahmedabad,Basic,3,465.16,1186.28,11.6,0,14.8,0,0,8,Good value for money and quick customer support.,Positive,0
3235,29,Other,Jaipur,Basic,28,517.09,15028.56,26.1,4,21.5,12,1,6,Very disappointed with the service and slow support.,Negative,1
3236,18,Other,Mumbai,Basic,14,458.92,6524.13,9.4,4,19.9,11,1,6,I am unhappy with the price and frequent service problems.,Negative,0
3237,32,Female,Bengaluru,Standard,21,892.14,17930.33,31.5,1,15.3,4,0,6,"Service is acceptable for now, but support could be faster.",Neutral,0
3238,40,Other,Kochi,Premium,20,1575.96,31426.24,46.1,2,23.2,1,0,5,The service is fine and meets most of my needs.,Neutral,0
3239,31,Other,Pune,Standard,19,932.9,17039.05,10.2,1,20.2,2,0,6,It is a normal experience with occasional issues.,Neutral,0
3240,34,Other,Mumbai,Standard,10,803.73,7352.04,45.4,1,3,0,1,6,The service is okay but there is room for improvement.,Neutral,0
3241,36,Male,Kolkata,Standard,4,719.31,2680.39,37.7,3,22.4,4,1,6,Poor experience. Support did not solve my issue.,Negative,0
3242,42,Other,Mumbai,Basic,21,548.71,10765.28,29.4,0,6.5,1,1,10,"Great experience, the app works smoothly and the team is helpful.",Positive,1
3243,28,Female,Mumbai,Premium,16,1542.59,23676.78,53.8,0,11.8,0,0,6,"Great experience, the app works smoothly and the team is helpful.",Positive,0
3244,32,Male,Pune,Basic,24,402.7,9284.65,19.1,2,11.9,1,1,6,Too many issues and the response from support is slow.,Negative,0
3245,32,Female,Chennai,Premium,28,1450.52,35608.71,38.7,2,14.8,5,0,5,Poor experience. Support did not solve my issue.,Negative,1
3246,21,Female,Hyderabad,Standard,4,952.54,3328.93,18,2,20.1,8,1,7,"Service is acceptable for now, but support could be faster.",Neutral,0
3247,32,Other,Kochi,Standard,26,940.93,25298.64,32.3,0,14.4,4,0,7,I love the service. Everything has been reliable so far.,Positive,0
3248,26,Male,Bengaluru,Premium,8,1425.02,10193,44,1,6.8,7,0,6,"Service is acceptable for now, but support could be faster.",Neutral,0
3249,26,Male,Hyderabad,Standard,7,814.01,5958.62,16.8,2,18,11,1,6,The service is unreliable and I keep facing problems.,Negative,0
3250,23,Other,Kochi,Standard,16,766.05,12007.91,13.7,1,4.8,3,0,5,It is a normal experience with occasional issues.,Neutral,0
3251,23,Other,Jaipur,Basic,64,340.82,19445.49,25.3,3,14.7,3,0,5,Not satisfied. The app is difficult to use and often fails.,Negative,0
3252,33,Male,Delhi,Basic,72,420.19,28522.35,17.5,6,17.9,14,0,4,Too many issues and the response from support is slow.,Negative,0
3253,24,Other,Bengaluru,Premium,14,1568.97,20161,47.8,4,18.1,6,0,7,The service is okay but there is room for improvement.,Neutral,0
3254,37,Male,Chennai,Basic,34,569.11,17862.85,21.1,1,0.5,2,0,9,Reliable service and simple to use. I would recommend it.,Positive,0
3255,30,Other,Delhi,Basic,34,570.54,19383.98,2.4,2,13.8,1,1,7,Support solved my issue quickly. Very good experience.,Positive,0
3256,28,Male,Kochi,Standard,5,943.54,4498.98,36.8,2,5.8,2,1,8,Good value for money and quick customer support.,Positive,0
3257,32,Male,Mumbai,Standard,22,874.42,18796.23,44.7,0,10.8,3,1,8,"Great experience, the app works smoothly and the team is helpful.",Positive,0
3258,31,Other,Mumbai,Premium,14,1465.37,19291.09,41.5,2,13.4,5,1,7,The service is fine and meets most of my needs.,Neutral,0
3259,26,Female,Kolkata,Basic,36,637.26,22305.73,22.9,1,11.3,0,1,9,Good value for money and quick customer support.,Positive,0
3260,46,Male,Bengaluru,Standard,33,828.88,28008.74,16.6,1,8,8,0,7,The service is fine and meets most of my needs.,Neutral,0
3261,39,Female,Bengaluru,Premium,10,1532.1,14863.35,51.5,1,7.6,0,1,3,Not satisfied. The app is difficult to use and often fails.,Negative,0
3262,37,Female,Bengaluru,Premium,19,1316,22717.97,50.3,3,14.3,8,1,9,"Great experience, the app works smoothly and the team is helpful.",Positive,0
3263,27,Male,Hyderabad,Standard,33,753.72,23764.74,27.2,4,12,8,0,4,Poor experience. Support did not solve my issue.,Negative,1
3264,18,Female,Ahmedabad,Standard,18,907.17,15682.36,27.7,1,9.2,5,1,6,"Great experience, the app works smoothly and the team is helpful.",Positive,0
3265,33,Other,Bengaluru,Standard,18,912.31,15184.03,32.4,3,21.8,6,1,4,I am unhappy with the price and frequent service problems.,Negative,0
3266,26,Female,Kochi,Premium,6,1445.04,8387.91,45.7,1,15.2,1,1,8,Very happy with the service and fast support.,Positive,0
3267,26,Male,Bengaluru,Premium,7,1487.05,9833.7,50,1,6.5,0,0,4,Too many issues and the response from support is slow.,Negative,0
3268,27,Female,Chennai,Basic,31,587.49,16147.73,11.6,1,10.3,4,1,8,"Great experience, the app works smoothly and the team is helpful.",Positive,0
3269,42,Other,Delhi,Basic,13,410.56,5287.76,8.5,2,17.5,10,1,5,Too many issues and the response from support is slow.,Negative,0
3270,29,Female,Bengaluru,Basic,19,449.45,7933.67,6.5,2,6.1,2,1,7,"Service is acceptable for now, but support could be faster.",Neutral,0
3271,36,Male,Hyderabad,Premium,24,1446.42,30989.46,52.8,1,18.1,6,0,9,Really satisfied with the service and performance.,Positive,0
3272,18,Male,Hyderabad,Premium,7,1420.49,8460.78,37.1,2,14.5,2,1,8,Really satisfied with the service and performance.,Positive,0
3273,35,Male,Chennai,Standard,63,899.24,50329.25,26,1,14.3,11,0,8,Average experience. Some things work well and some do not.,Neutral,0
3274,18,Male,Pune,Basic,56,555.71,32619.76,30.5,5,20.2,4,0,5,Too many issues and the response from support is slow.,Negative,0
3275,57,Other,Pune,Basic,6,535.92,2789.44,25.1,1,16.3,0,1,6,Very disappointed with the service and slow support.,Negative,0
3276,39,Female,Kolkata,Basic,39,436.52,17034.36,13.8,2,12.9,3,1,7,"Service is acceptable for now, but support could be faster.",Neutral,0
3277,36,Other,Bengaluru,Basic,14,406.38,4956.76,7.5,2,15.6,3,0,6,The service is fine and meets most of my needs.,Neutral,0
3278,28,Male,Hyderabad,Premium,30,1465.45,42294.72,53.2,1,12.9,1,0,5,I may leave because the service quality has become poor.,Negative,1
3279,41,Female,Kolkata,Standard,13,895.96,10398.81,41.7,2,17.1,7,1,8,Average experience. Some things work well and some do not.,Neutral,0
3280,43,Other,Kochi,Premium,32,1493.33,42287.15,34.6,3,17.8,7,0,5,The service is unreliable and I keep facing problems.,Negative,1
3281,39,Female,Chennai,Basic,18,557.54,10464.79,3,0,8.1,0,0,8,Very happy with the service and fast support.,Positive,0
3282,36,Female,Mumbai,Standard,10,909.78,8417.93,21.5,1,7.3,7,0,7,I love the service. Everything has been reliable so far.,Positive,0
3283,39,Other,Kochi,Basic,17,560.22,8726.91,3.4,2,8.8,9,1,7,The service is okay but there is room for improvement.,Neutral,0
3284,28,Other,Kochi,Premium,31,1525.36,42828.65,39.1,0,11.2,0,0,7,Reliable service and simple to use. I would recommend it.,Positive,0
3285,24,Other,Mumbai,Basic,12,481.34,5541.31,14.3,4,18.8,3,0,3,Bad experience with billing and customer support.,Negative,1
3286,23,Male,Kochi,Basic,8,418.82,3199.1,22.5,3,15.5,10,0,5,Bad experience with billing and customer support.,Negative,0
3287,30,Other,Kolkata,Premium,20,1448.04,28044.89,46.3,2,15.8,5,1,5,Too many issues and the response from support is slow.,Negative,0
3288,31,Male,Jaipur,Premium,16,1585.56,23234.19,62.9,2,16.2,5,0,6,Bad experience with billing and customer support.,Negative,1
3289,51,Female,Jaipur,Standard,10,903.99,8397.71,27.8,1,16.1,1,0,6,It is a normal experience with occasional issues.,Neutral,0
3290,40,Other,Mumbai,Standard,30,887.23,23741.54,31.7,2,14.4,7,0,2,Poor experience. Support did not solve my issue.,Negative,0
3291,39,Other,Jaipur,Basic,46,527.9,21298.41,28.4,1,14.4,3,0,5,Average experience. Some things work well and some do not.,Neutral,0
3292,25,Other,Bengaluru,Basic,25,475.03,10264.76,21.3,1,13.3,3,0,5,"Nothing special, but the service is usable.",Neutral,0
3293,26,Male,Hyderabad,Standard,9,844.04,7278.77,40.8,1,15,3,0,6,Average experience. Some things work well and some do not.,Neutral,0
3294,22,Female,Hyderabad,Standard,14,976.95,13333.76,25,5,19.6,13,0,5,The service is unreliable and I keep facing problems.,Negative,0
3295,29,Other,Bengaluru,Standard,31,934.37,25823.88,48.1,0,8.2,0,1,6,Average experience. Some things work well and some do not.,Neutral,0
3296,30,Female,Chennai,Basic,12,423.47,5076.85,29,3,12.6,11,0,6,Not satisfied. The app is difficult to use and often fails.,Negative,0
3297,28,Female,Kolkata,Standard,44,807.49,30205.71,35.7,6,20.8,12,1,4,I may leave because the service quality has become poor.,Negative,1
3298,44,Other,Mumbai,Premium,16,1471.43,21011.49,46,1,9.3,0,0,4,I am unhappy with the price and frequent service problems.,Negative,1
3299,30,Female,Delhi,Basic,21,563,11480.29,23.2,1,14.8,5,0,7,Reliable service and simple to use. I would recommend it.,Positive,0
3300,40,Female,Pune,Standard,25,939.17,22163.95,32.6,0,14.1,0,1,5,The service is okay but there is room for improvement.,Neutral,0
3301,20,Female,Ahmedabad,Basic,30,438.38,13079.69,1,3,17.5,6,0,7,I may leave because the service quality has become poor.,Negative,1
3302,31,Other,Pune,Basic,8,509.77,3746.37,18,2,15.9,0,0,7,"Service is acceptable for now, but support could be faster.",Neutral,0
3303,52,Male,Pune,Basic,33,443.57,14449.5,21.6,1,13.3,1,1,7,The service is okay but there is room for improvement.,Neutral,0
3304,45,Female,Kochi,Basic,11,509.75,5567.89,40.9,2,16.5,7,1,9,Really satisfied with the service and performance.,Positive,0
3305,27,Female,Mumbai,Standard,37,766.24,26304.9,24.9,1,12.7,7,1,7,It is a normal experience with occasional issues.,Neutral,0
3306,42,Female,Pune,Basic,4,427.5,1768.38,1,0,10.8,3,0,6,It is a normal experience with occasional issues.,Neutral,1
3307,22,Male,Bengaluru,Standard,14,774.19,9346.71,38.4,2,10.3,2,1,6,Bad experience with billing and customer support.,Negative,0
3308,32,Male,Kochi,Standard,29,832.64,20674.58,27.5,5,14.4,13,0,6,The service is unreliable and I keep facing problems.,Negative,1
3309,46,Female,Delhi,Standard,30,885.22,27267.06,26.9,1,14.1,8,0,7,"Service is acceptable for now, but support could be faster.",Neutral,0
3310,44,Other,Kochi,Standard,55,981.57,50763.19,48.9,2,7.2,12,1,9,Very happy with the service and fast support.,Positive,0
3311,20,Male,Jaipur,Premium,7,1460.79,10180.26,50.1,0,12.2,0,0,6,Average experience. Some things work well and some do not.,Neutral,1
3312,34,Female,Pune,Premium,54,1530.92,82978.85,68.2,2,12.8,6,0,4,I may leave because the service quality has become poor.,Negative,0
3313,21,Other,Bengaluru,Basic,12,446.01,4824.85,1,1,5.2,2,0,6,Really satisfied with the service and performance.,Positive,0
3314,34,Other,Kochi,Standard,19,861.94,16244.97,21.1,6,26.9,12,1,5,Very disappointed with the service and slow support.,Negative,1
3315,22,Female,Mumbai,Basic,5,486.58,2532.46,26.4,1,7.3,9,1,6,"Nothing special, but the service is usable.",Neutral,0
3316,28,Female,Pune,Standard,9,927.91,7277.27,27.9,3,23.1,8,1,5,I am unhappy with the price and frequent service problems.,Negative,1
3317,28,Other,Kolkata,Standard,6,881.79,5241.1,21.5,0,10.3,0,1,4,The service is unreliable and I keep facing problems.,Negative,0
3318,34,Female,Ahmedabad,Standard,31,1015.63,30776.2,22.8,0,14.2,4,0,10,Really satisfied with the service and performance.,Positive,0
3319,34,Male,Delhi,Standard,48,1017.04,42914.76,31.9,3,14.9,6,0,4,Not satisfied. The app is difficult to use and often fails.,Negative,0
3320,34,Female,Mumbai,Standard,15,942.82,13971.55,28.6,1,10.9,0,0,7,"Great experience, the app works smoothly and the team is helpful.",Positive,0
3321,35,Male,Jaipur,Premium,27,1402.63,35196.19,38.3,1,10.5,2,0,6,It is a normal experience with occasional issues.,Neutral,0
3322,36,Male,Mumbai,Standard,72,1103.94,71218.3,24.1,2,21.7,3,0,8,"Great experience, the app works smoothly and the team is helpful.",Positive,0
3323,34,Other,Kochi,Standard,21,870.49,17900.97,42.8,1,15.5,8,0,4,I am unhappy with the price and frequent service problems.,Negative,0
3324,27,Other,Mumbai,Basic,27,530.7,12776.84,18,3,14.7,4,0,5,Very disappointed with the service and slow support.,Negative,0
3325,41,Female,Bengaluru,Premium,5,1377.02,6678.36,41.9,2,11.2,5,1,6,The service is okay but there is room for improvement.,Neutral,0
3326,33,Female,Jaipur,Premium,7,1506.98,10294.08,42.5,0,5.4,1,0,6,"Great experience, the app works smoothly and the team is helpful.",Positive,0
3327,40,Female,Mumbai,Standard,20,990.34,17816.66,14.2,1,11.1,5,0,3,Too many issues and the response from support is slow.,Negative,1
3328,34,Other,Kochi,Standard,12,816.22,8529.29,24,2,6.4,7,0,6,The service is okay but there is room for improvement.,Neutral,0
3329,35,Female,Pune,Standard,8,1039.18,8418.6,37.2,4,12.3,8,0,5,I may leave because the service quality has become poor.,Negative,1
3330,18,Male,Kolkata,Premium,32,1501.62,44163.33,62.5,1,15.7,13,0,6,The service is okay but there is room for improvement.,Neutral,0
3331,41,Other,Jaipur,Basic,12,553.41,6434.32,23.7,2,16.3,5,1,8,Very happy with the service and fast support.,Positive,0
3332,25,Female,Delhi,Premium,23,1409.51,29408.94,54.2,2,17.7,10,1,7,The service is fine and meets most of my needs.,Neutral,0
3333,28,Other,Chennai,Basic,23,478.6,11531.01,15,3,12,9,0,8,"Nothing special, but the service is usable.",Neutral,0
3334,36,Other,Bengaluru,Standard,10,898.86,8149.3,2.1,4,17.2,11,0,3,Poor experience. Support did not solve my issue.,Negative,1
3335,31,Male,Mumbai,Standard,34,851.42,25908.64,23,0,10.7,2,0,6,Average experience. Some things work well and some do not.,Neutral,0
3336,18,Male,Mumbai,Basic,22,513.28,11844.15,17.5,1,13.8,0,1,7,The service is okay but there is room for improvement.,Neutral,0
3337,23,Other,Ahmedabad,Basic,14,350.32,4606.35,26.9,0,10.1,3,0,6,Very happy with the service and fast support.,Positive,0
3338,24,Male,Mumbai,Standard,17,910.36,14196.09,44.8,0,5.4,0,1,7,"Nothing special, but the service is usable.",Neutral,0
3339,40,Female,Chennai,Standard,10,898.37,8148.25,26.8,0,9.2,4,0,8,Reliable service and simple to use. I would recommend it.,Positive,0
3340,30,Female,Bengaluru,Basic,10,570.05,5037.42,41.7,3,7.2,4,0,5,Poor experience. Support did not solve my issue.,Negative,0
3341,27,Other,Kolkata,Basic,12,373.88,4182.76,26.3,3,29,8,0,5,I am unhappy with the price and frequent service problems.,Negative,1
3342,39,Male,Chennai,Standard,16,828.47,12889.25,46.8,3,17.3,7,1,5,I am unhappy with the price and frequent service problems.,Negative,1
3343,20,Other,Chennai,Basic,32,426.85,13180.47,16.5,2,10.7,2,1,5,I may leave because the service quality has become poor.,Negative,0
3344,37,Male,Jaipur,Standard,15,894.15,13501.62,31.5,0,17.2,0,0,4,It is a normal experience with occasional issues.,Neutral,0
3345,31,Female,Chennai,Standard,12,841.85,9402.86,28,2,7.8,9,1,7,"Service is acceptable for now, but support could be faster.",Neutral,0
3346,34,Female,Pune,Standard,9,900.45,8401.95,40.8,2,8,1,0,2,I am unhappy with the price and frequent service problems.,Negative,1
3347,42,Female,Pune,Standard,9,1009.96,8806.57,33.1,4,24.9,12,1,4,The service is unreliable and I keep facing problems.,Negative,1
3348,48,Other,Hyderabad,Standard,31,924.54,29996.5,33.4,2,9.4,2,0,8,Very happy with the service and fast support.,Positive,0
3349,25,Male,Kochi,Premium,8,1452.51,10765.26,47,1,15.1,9,0,7,The service is fine and meets most of my needs.,Neutral,0
3350,22,Female,Kolkata,Premium,46,1450.05,66385.82,74.7,1,17.3,0,0,6,The service is okay but there is room for improvement.,Neutral,0
3351,32,Other,Chennai,Standard,26,990.75,25252.21,29.3,0,0.9,0,0,7,Average experience. Some things work well and some do not.,Neutral,0
3352,44,Male,Bengaluru,Standard,18,1005.93,17595.76,36.4,0,14.1,6,0,6,Average experience. Some things work well and some do not.,Neutral,1
3353,34,Other,Kochi,Basic,17,481.17,8254.12,28.4,2,20.7,0,0,7,"Service is acceptable for now, but support could be faster.",Neutral,0
3354,32,Female,Delhi,Standard,29,886.04,26212.36,19,0,10.9,5,0,8,Very happy with the service and fast support.,Positive,0
3355,43,Female,Ahmedabad,Premium,14,1503.37,20417.28,45.9,0,15.9,1,0,5,Average experience. Some things work well and some do not.,Neutral,0
3356,33,Male,Hyderabad,Standard,6,851.23,4978.65,37,1,16.3,5,1,8,"Great experience, the app works smoothly and the team is helpful.",Positive,0
3357,32,Female,Kochi,Basic,10,401.7,3450.7,10.4,1,9,2,1,7,It is a normal experience with occasional issues.,Neutral,0
3358,30,Male,Pune,Premium,4,1556.65,5730.69,48.2,2,17.6,13,1,8,Very happy with the service and fast support.,Positive,0
3359,39,Male,Bengaluru,Standard,7,860.25,5587.85,34.6,0,20.8,2,0,6,"Nothing special, but the service is usable.",Neutral,0
3360,20,Male,Hyderabad,Basic,16,572.02,8909.46,30.7,2,21.4,1,0,4,The service is unreliable and I keep facing problems.,Negative,1
3361,45,Other,Mumbai,Standard,12,963.87,11129.93,25.3,0,11.2,0,0,10,Reliable service and simple to use. I would recommend it.,Positive,0
3362,35,Other,Delhi,Basic,41,402.77,15681.27,10.6,2,14.5,0,0,3,Poor experience. Support did not solve my issue.,Negative,1
3363,33,Female,Delhi,Standard,10,901.75,9240.17,34.2,3,18.5,15,0,4,Too many issues and the response from support is slow.,Negative,1
3364,23,Female,Pune,Basic,16,585.39,8297,21.1,1,5.2,5,0,7,The service is fine and meets most of my needs.,Neutral,0
3365,20,Other,Jaipur,Standard,11,982.35,10408.9,37,0,5.2,2,1,9,Reliable service and simple to use. I would recommend it.,Positive,0
3366,53,Other,Hyderabad,Basic,17,371.36,6618.05,26.3,3,12.9,8,1,5,Very disappointed with the service and slow support.,Negative,0
3367,35,Female,Kolkata,Standard,10,1087.84,9652.46,30.9,3,11.9,2,1,4,I may leave because the service quality has become poor.,Negative,1
3368,39,Male,Bengaluru,Standard,23,1023.42,22933.37,46.9,4,16.2,4,0,4,Too many issues and the response from support is slow.,Negative,1
3369,50,Male,Kolkata,Basic,31,427.17,13325.91,18.3,1,15.4,3,1,9,"Great experience, the app works smoothly and the team is helpful.",Positive,0
3370,38,Female,Kochi,Basic,15,404.75,6173.52,31.4,2,14.7,0,0,5,It is a normal experience with occasional issues.,Neutral,0
3371,34,Female,Jaipur,Basic,25,497.52,11758.12,8.8,3,19,7,1,5,Poor experience. Support did not solve my issue.,Negative,0
3372,56,Female,Kochi,Basic,17,398.01,6343.31,16.7,0,7.7,0,1,7,Really satisfied with the service and performance.,Positive,0
3373,24,Other,Bengaluru,Standard,5,927.45,4244.72,30.7,1,12.9,0,0,5,The service is fine and meets most of my needs.,Neutral,0
3374,40,Female,Bengaluru,Standard,23,897.86,17888.81,39.4,3,14.4,14,0,5,I may leave because the service quality has become poor.,Negative,1
3375,34,Male,Kolkata,Basic,28,545.63,15617.73,37,1,5.7,4,1,6,The service is fine and meets most of my needs.,Neutral,0
3376,37,Other,Kochi,Standard,34,802.53,24621.26,51,3,10.4,2,1,7,The service is okay but there is room for improvement.,Neutral,0
3377,38,Other,Kochi,Basic,26,519.77,13988.66,6.4,1,8.7,6,0,8,Very happy with the service and fast support.,Positive,0
3378,20,Female,Bengaluru,Premium,3,1534.78,3950.21,47.8,0,20.4,0,1,7,"Service is acceptable for now, but support could be faster.",Neutral,0
3379,45,Other,Hyderabad,Premium,27,1443.07,34729.73,36.1,1,11.6,9,0,6,Too many issues and the response from support is slow.,Negative,0
3380,26,Other,Pune,Premium,11,1619.06,16412.84,44.4,2,12.3,9,0,6,I may leave because the service quality has become poor.,Negative,1
3381,36,Female,Mumbai,Standard,43,951.86,37059.22,43.7,2,18.5,9,1,6,"Nothing special, but the service is usable.",Neutral,0
3382,36,Male,Kochi,Standard,31,941.13,25029.46,26.9,3,16.2,3,1,5,Too many issues and the response from support is slow.,Negative,1
3383,18,Male,Chennai,Standard,46,988.01,44321.52,19.3,0,13.2,3,0,4,Bad experience with billing and customer support.,Negative,0
3384,20,Other,Pune,Standard,12,936.74,9899.47,34.3,1,18,0,1,4,Bad experience with billing and customer support.,Negative,0
3385,38,Female,Chennai,Basic,3,610.16,1782.97,15.9,1,14.4,0,1,7,I love the service. Everything has been reliable so far.,Positive,0
3386,37,Female,Kochi,Standard,19,888.6,16592.53,34.5,2,19.2,7,0,7,"Service is acceptable for now, but support could be faster.",Neutral,0
3387,44,Female,Hyderabad,Standard,11,865.13,9484.11,32.6,1,13.1,6,0,8,Support solved my issue quickly. Very good experience.,Positive,0
3388,36,Female,Kolkata,Basic,19,574.05,10442.69,38.2,3,9.6,2,1,6,Too many issues and the response from support is slow.,Negative,0
3389,48,Male,Chennai,Standard,24,876.81,20778.75,42.8,4,23.2,13,0,4,Not satisfied. The app is difficult to use and often fails.,Negative,1
3390,48,Female,Kochi,Standard,14,979.3,14383.46,23.8,2,21.6,3,1,4,I am unhappy with the price and frequent service problems.,Negative,0
3391,46,Other,Bengaluru,Standard,38,979.64,37650.62,11.9,2,17.4,8,1,6,Bad experience with billing and customer support.,Negative,0
3392,28,Female,Kolkata,Standard,32,877.25,28258.03,33.5,2,15.2,6,1,5,Very disappointed with the service and slow support.,Negative,0
3393,19,Male,Hyderabad,Standard,14,1029.36,12384.83,43.3,2,5.3,7,0,6,Too many issues and the response from support is slow.,Negative,1
3394,27,Female,Chennai,Standard,12,837.79,8743.01,29.1,1,17.7,1,0,7,"Nothing special, but the service is usable.",Neutral,1
3395,18,Other,Delhi,Basic,17,454.09,7370.81,27.6,2,9.1,1,0,4,Too many issues and the response from support is slow.,Negative,0
3396,33,Male,Mumbai,Premium,42,1441.13,56863.25,64.5,0,11.5,0,0,8,Really satisfied with the service and performance.,Positive,0
3397,34,Male,Kochi,Basic,30,487.65,13963.38,10.9,4,16.9,10,1,6,The service is unreliable and I keep facing problems.,Negative,0
3398,25,Female,Mumbai,Premium,10,1453.03,14756.44,63,2,10.6,0,0,4,The service is unreliable and I keep facing problems.,Negative,0
3399,44,Male,Jaipur,Standard,12,974.53,11892.96,51.4,4,20.9,10,1,6,The service is unreliable and I keep facing problems.,Negative,0
3400,28,Other,Bengaluru,Standard,17,841.43,12798.33,25,2,21.3,13,0,5,I am unhappy with the price and frequent service problems.,Negative,0
3401,37,Other,Hyderabad,Standard,34,873.98,25998,29,1,16.1,7,0,5,I may leave because the service quality has become poor.,Negative,1
3402,25,Male,Chennai,Standard,29,1016.85,27812.09,25.7,1,10.5,0,1,6,I am unhappy with the price and frequent service problems.,Negative,0
3403,31,Male,Kolkata,Premium,14,1416.96,20140.44,41.9,2,17,4,0,8,"Great experience, the app works smoothly and the team is helpful.",Positive,0
3404,32,Other,Kochi,Standard,17,973.73,15495.54,57.1,1,7.1,8,1,9,Support solved my issue quickly. Very good experience.,Positive,0
3405,37,Male,Ahmedabad,Premium,22,1397.84,31007.15,61.2,1,8.9,10,1,7,The service is fine and meets most of my needs.,Neutral,0
3406,44,Other,Kochi,Premium,19,1485.97,28546.6,59.1,0,13,3,0,2,Poor experience. Support did not solve my issue.,Negative,0
3407,33,Male,Bengaluru,Premium,19,1508.04,26527.43,61.1,1,6.4,1,0,6,The service is fine and meets most of my needs.,Neutral,0
3408,27,Male,Delhi,Standard,9,759.97,6022.4,39.3,4,24.1,6,0,6,Poor experience. Support did not solve my issue.,Negative,1
3409,49,Other,Kochi,Premium,11,1477.8,15438.81,54,1,13.3,7,0,4,Bad experience with billing and customer support.,Negative,0
3410,42,Female,Ahmedabad,Standard,20,838.58,16391.09,10.9,1,6.1,3,1,8,"Excellent experience, no major issues and easy to use.",Positive,0
3411,24,Other,Pune,Premium,27,1529.58,35911.65,48.2,1,15.1,5,0,5,Bad experience with billing and customer support.,Negative,0
3412,30,Male,Jaipur,Standard,5,924.54,4262.64,32.2,1,7.1,0,1,9,Really satisfied with the service and performance.,Positive,0
3413,18,Other,Delhi,Basic,21,530.56,11425.6,21.4,0,18.2,7,0,8,"Great experience, the app works smoothly and the team is helpful.",Positive,0
3414,45,Female,Jaipur,Basic,13,538.7,6159.74,2.4,3,16.9,15,0,6,Too many issues and the response from support is slow.,Negative,1
3415,45,Male,Kochi,Basic,22,461.28,10479.91,24.6,2,11.1,1,0,6,It is a normal experience with occasional issues.,Neutral,1
3416,42,Other,Ahmedabad,Basic,27,472.61,11406.03,13.9,4,17.5,5,0,5,Poor experience. Support did not solve my issue.,Negative,1
3417,38,Female,Mumbai,Basic,31,529.51,16544.82,12.4,2,15.4,8,0,3,I am unhappy with the price and frequent service problems.,Negative,1
3418,44,Other,Jaipur,Standard,17,855.68,13685.73,33.9,2,8.1,0,0,2,I am unhappy with the price and frequent service problems.,Negative,0
3419,32,Female,Pune,Basic,16,351.12,4943.48,12.1,1,12.5,0,1,6,The service is unreliable and I keep facing problems.,Negative,0
3420,20,Male,Pune,Premium,6,1502.8,9342.97,53.9,2,10.5,3,1,5,Poor experience. Support did not solve my issue.,Negative,0
3421,43,Other,Kochi,Standard,38,888.54,32988.62,41.1,2,11.2,0,0,6,Really satisfied with the service and performance.,Positive,0
3422,30,Other,Bengaluru,Standard,11,851.26,7966.39,34.5,3,16.9,3,1,6,Average experience. Some things work well and some do not.,Neutral,0
3423,36,Female,Kolkata,Standard,36,917.11,34609.71,27.1,2,19.8,11,0,5,The service is unreliable and I keep facing problems.,Negative,1
3424,30,Male,Chennai,Standard,8,891.74,6533.34,35.9,2,6.6,0,0,5,Very disappointed with the service and slow support.,Negative,0
3425,46,Male,Bengaluru,Standard,29,932.23,24364.82,44.7,3,14.9,1,0,6,Not satisfied. The app is difficult to use and often fails.,Negative,0
3426,18,Female,Kolkata,Premium,7,1537.67,9697.57,52.4,1,9.3,2,0,5,Very disappointed with the service and slow support.,Negative,0
3427,62,Female,Chennai,Standard,48,916.27,42233.54,26.9,0,14.6,1,0,5,"Service is acceptable for now, but support could be faster.",Neutral,0
3428,20,Other,Mumbai,Basic,9,476.29,4158.93,32.2,2,9.9,0,0,7,Average experience. Some things work well and some do not.,Neutral,0
3429,30,Female,Delhi,Standard,14,874.98,11894.06,27.1,2,11.8,5,1,8,I love the service. Everything has been reliable so far.,Positive,0
3430,43,Female,Jaipur,Basic,12,508.26,5791.62,17.3,2,11.4,0,1,5,Bad experience with billing and customer support.,Negative,0
3431,45,Other,Chennai,Standard,9,821.41,6531.29,31.1,1,13,8,1,8,"Excellent experience, no major issues and easy to use.",Positive,0
3432,37,Other,Bengaluru,Basic,17,446.97,7718.06,24.5,1,5.3,9,1,8,The service is fine and meets most of my needs.,Neutral,0
3433,40,Male,Kochi,Premium,18,1496.41,27267.19,48.6,2,13.9,9,0,8,Really satisfied with the service and performance.,Positive,0
3434,33,Female,Mumbai,Standard,35,867.61,29063.46,40.4,2,14.5,4,0,7,It is a normal experience with occasional issues.,Neutral,0
3435,21,Male,Mumbai,Basic,18,525.69,8866.99,15.7,4,17.7,6,1,6,The service is unreliable and I keep facing problems.,Negative,0
3436,36,Male,Hyderabad,Standard,2,796.01,1522.5,31.1,0,5.8,5,1,6,"Nothing special, but the service is usable.",Neutral,0
3437,42,Other,Bengaluru,Standard,10,889.66,9184.03,37.4,0,10.2,0,0,8,Really satisfied with the service and performance.,Positive,0
3438,40,Other,Jaipur,Standard,25,1023.36,23906.27,19.5,2,19.8,9,1,6,Too many issues and the response from support is slow.,Negative,0
3439,31,Other,Chennai,Premium,53,1438.33,68292.04,40.3,0,10.8,4,1,9,"Excellent experience, no major issues and easy to use.",Positive,0
3440,30,Other,Chennai,Standard,22,661.37,14803.47,30.7,1,7.4,7,1,9,Support solved my issue quickly. Very good experience.,Positive,0
3441,43,Other,Pune,Premium,44,1392.17,62563.52,40.3,3,18.9,6,1,5,The service is okay but there is room for improvement.,Neutral,0
3442,37,Other,Pune,Basic,13,618.84,7624.66,11.7,3,19.3,6,1,6,Bad experience with billing and customer support.,Negative,1
3443,39,Other,Jaipur,Basic,23,604.27,14453.77,8.2,1,9.4,1,1,7,The service is fine and meets most of my needs.,Neutral,0
3444,51,Male,Pune,Basic,18,494.25,8652.19,15.2,2,11.4,7,1,7,The service is fine and meets most of my needs.,Neutral,0
3445,36,Other,Mumbai,Premium,3,1533.43,4621.29,58.6,1,14.8,2,0,4,The service is okay but there is room for improvement.,Neutral,0
3446,43,Male,Mumbai,Basic,34,572.19,19942.61,12.1,4,13,8,0,3,Bad experience with billing and customer support.,Negative,1
3447,20,Female,Jaipur,Standard,24,987.52,22059.99,31.7,1,5.5,2,0,7,It is a normal experience with occasional issues.,Neutral,0
3448,36,Other,Bengaluru,Premium,3,1534.45,4181,48.9,1,1.8,0,1,7,Average experience. Some things work well and some do not.,Neutral,0
3449,47,Female,Hyderabad,Standard,12,1042.34,12996.13,14.9,4,22.2,5,1,3,Very disappointed with the service and slow support.,Negative,1
3450,47,Other,Ahmedabad,Basic,20,540.39,10970.25,1,0,22,5,0,6,"Service is acceptable for now, but support could be faster.",Neutral,0
3451,24,Other,Mumbai,Standard,44,952.37,38168.13,30.3,2,17.2,6,0,7,"Service is acceptable for now, but support could be faster.",Neutral,0
3452,24,Other,Jaipur,Premium,7,1568.02,10126.29,37,1,6.4,7,0,7,The service is fine and meets most of my needs.,Neutral,0
3453,38,Male,Kochi,Standard,7,872.25,6394.38,20.8,1,3.9,0,1,7,The service is okay but there is room for improvement.,Neutral,0
3454,25,Female,Kolkata,Premium,40,1484.32,59860.64,55.7,0,12.4,1,0,6,Average experience. Some things work well and some do not.,Neutral,0
3455,18,Other,Jaipur,Standard,27,922.74,23082.49,1,5,30.3,8,1,6,Very disappointed with the service and slow support.,Negative,0
3456,31,Other,Chennai,Standard,31,905.61,26597.75,40,3,18.2,8,1,6,Poor experience. Support did not solve my issue.,Negative,0
3457,29,Female,Pune,Basic,5,541.78,2408.74,18.2,1,21,0,1,6,The service is fine and meets most of my needs.,Neutral,0
3458,52,Female,Delhi,Standard,20,918.89,17843.65,28.5,2,13.7,4,0,5,I am unhappy with the price and frequent service problems.,Negative,0
3459,30,Male,Kochi,Standard,46,940.76,39187.2,24.8,0,13.3,0,1,6,The service is okay but there is room for improvement.,Neutral,0
3460,35,Other,Chennai,Standard,9,969.52,8528.98,38.2,3,6,4,1,6,Not satisfied. The app is difficult to use and often fails.,Negative,0
3461,30,Male,Pune,Premium,48,1618.29,72839.04,54.6,0,16.7,6,1,9,Support solved my issue quickly. Very good experience.,Positive,0
3462,30,Other,Chennai,Basic,4,564.49,2236.15,11.1,2,22,4,1,10,"Excellent experience, no major issues and easy to use.",Positive,0
3463,27,Other,Bengaluru,Premium,16,1545.06,21806.43,64.8,0,6.5,0,0,6,It is a normal experience with occasional issues.,Neutral,0
3464,36,Male,Bengaluru,Basic,28,494.89,14443.82,18.4,2,11.8,4,1,8,Support solved my issue quickly. Very good experience.,Positive,0
3465,56,Female,Hyderabad,Premium,20,1346.05,23871.59,62.5,0,4.9,8,0,7,Support solved my issue quickly. Very good experience.,Positive,0
3466,38,Other,Mumbai,Basic,23,476.07,11003.64,16.1,3,17.8,2,0,6,Not satisfied. The app is difficult to use and often fails.,Negative,0
3467,29,Male,Bengaluru,Premium,28,1555.19,38298.64,53.4,2,13.4,0,1,6,Very disappointed with the service and slow support.,Negative,0
3468,50,Other,Pune,Basic,43,392.56,17363.53,19.3,3,11.7,1,0,3,Not satisfied. The app is difficult to use and often fails.,Negative,0
3469,41,Male,Ahmedabad,Standard,12,837.8,10456.09,20.6,4,22.5,4,0,3,I am unhappy with the price and frequent service problems.,Negative,1
3470,35,Other,Ahmedabad,Standard,40,909.17,34305.82,20.7,0,6.8,0,0,8,Very happy with the service and fast support.,Positive,0
3471,34,Other,Delhi,Basic,20,484.86,9565.02,12.6,2,21.3,0,1,7,"Excellent experience, no major issues and easy to use.",Positive,0
3472,49,Male,Ahmedabad,Standard,20,751.51,14083.15,20.4,1,20.9,1,1,8,Support solved my issue quickly. Very good experience.,Positive,0
3473,41,Male,Bengaluru,Standard,22,922.25,19857.57,22,0,3.1,0,1,7,I love the service. Everything has been reliable so far.,Positive,0
3474,34,Other,Kolkata,Standard,27,804.24,20208.68,42.1,3,21.5,5,1,6,Poor experience. Support did not solve my issue.,Negative,1
3475,44,Other,Chennai,Basic,23,467.71,9531.47,9.9,1,13.8,6,0,5,I may leave because the service quality has become poor.,Negative,0
3476,29,Other,Ahmedabad,Premium,17,1522.36,22043.84,52.1,1,12.5,7,0,7,Average experience. Some things work well and some do not.,Neutral,0
3477,34,Other,Jaipur,Basic,18,615.29,10259.43,20.1,2,15.1,4,1,6,The service is okay but there is room for improvement.,Neutral,0
3478,45,Female,Kochi,Standard,7,873.61,5571.24,38.9,4,24.2,14,1,2,The service is unreliable and I keep facing problems.,Negative,1
3479,29,Male,Mumbai,Basic,19,446.31,8320.69,38,0,9.7,2,0,6,The service is okay but there is room for improvement.,Neutral,0
3480,26,Male,Delhi,Standard,23,862.4,18589.34,17.1,1,18,0,0,7,Average experience. Some things work well and some do not.,Neutral,0
3481,27,Female,Kolkata,Basic,45,498.91,20467.85,24.7,4,17.8,8,0,5,I may leave because the service quality has become poor.,Negative,0
3482,23,Male,Mumbai,Premium,10,1605.42,16512.07,51.8,3,19.8,9,0,6,The service is unreliable and I keep facing problems.,Negative,1
3483,32,Male,Jaipur,Basic,4,474.31,1695.89,10.6,1,14.1,1,1,7,The service is okay but there is room for improvement.,Neutral,0
3484,24,Male,Kolkata,Basic,10,489.87,4275.3,5.5,1,15.1,7,1,10,I love the service. Everything has been reliable so far.,Positive,0
3485,32,Female,Ahmedabad,Standard,27,813.42,21299.03,28.1,1,15.7,4,1,10,Support solved my issue quickly. Very good experience.,Positive,0
3486,31,Male,Mumbai,Basic,23,532.52,11146.86,13.3,1,12.7,5,0,9,"Excellent experience, no major issues and easy to use.",Positive,0
3487,31,Female,Pune,Standard,18,935.54,17422.7,29.2,1,23.5,8,0,7,The service is fine and meets most of my needs.,Neutral,0
3488,41,Female,Bengaluru,Basic,4,388.4,1420.36,14.6,0,5,6,1,7,"Excellent experience, no major issues and easy to use.",Positive,0
3489,24,Other,Bengaluru,Premium,27,1465.11,34321.19,56.5,2,12.1,1,0,4,Bad experience with billing and customer support.,Negative,1
3490,25,Female,Pune,Premium,15,1460.84,18737.56,48.9,2,7.3,5,0,7,Reliable service and simple to use. I would recommend it.,Positive,0
3491,25,Male,Pune,Premium,47,1440.36,63522.25,46.2,3,20.1,7,1,8,It is a normal experience with occasional issues.,Neutral,0
3492,24,Other,Hyderabad,Premium,11,1479.66,16636.46,41.9,0,4.2,6,1,8,Reliable service and simple to use. I would recommend it.,Positive,0
3493,18,Other,Kochi,Basic,40,558.61,21838.64,16.3,2,22.6,0,0,7,The service is okay but there is room for improvement.,Neutral,0
3494,27,Male,Chennai,Standard,4,977.59,3722.23,23.6,4,26.3,1,1,6,Poor experience. Support did not solve my issue.,Negative,1
3495,30,Male,Mumbai,Basic,13,483.42,6416.56,30.8,2,12.4,4,1,9,I love the service. Everything has been reliable so far.,Positive,0
3496,43,Other,Kochi,Basic,21,429.86,8015.41,9.7,2,10.6,2,1,7,"Nothing special, but the service is usable.",Neutral,0
3497,28,Other,Jaipur,Standard,11,879.93,9816.84,48.6,2,7.3,3,1,6,I am unhappy with the price and frequent service problems.,Negative,0
3498,24,Other,Mumbai,Premium,12,1597.84,16866.92,60.1,1,9.8,3,0,6,The service is fine and meets most of my needs.,Neutral,0
3499,42,Other,Delhi,Standard,6,1010.24,5465.21,24.4,2,11.8,1,1,6,Average experience. Some things work well and some do not.,Neutral,0
3500,38,Other,Ahmedabad,Premium,12,1501.01,17971.76,60.1,0,10.9,3,0,6,It is a normal experience with occasional issues.,Neutral,0
3501,25,Other,Jaipur,Standard,15,796.38,10754.63,16,1,11.7,0,1,9,Support solved my issue quickly. Very good experience.,Positive,0
3502,30,Other,Hyderabad,Standard,35,850.86,26932.58,35.3,3,18.2,0,0,5,Bad experience with billing and customer support.,Negative,0
3503,34,Female,Mumbai,Premium,9,1433.17,13527.72,55.4,0,15.7,0,0,8,Very happy with the service and fast support.,Positive,0
3504,38,Female,Bengaluru,Standard,43,947.45,38909.73,30.5,2,11.8,9,0,6,The service is okay but there is room for improvement.,Neutral,0
3505,22,Other,Chennai,Basic,7,510.44,3039.07,12.5,3,19.7,5,1,7,"Service is acceptable for now, but support could be faster.",Neutral,0
3506,34,Other,Chennai,Basic,7,482.64,3180.35,13.8,3,23.6,10,1,6,Not satisfied. The app is difficult to use and often fails.,Negative,1
3507,43,Male,Delhi,Standard,15,818.52,10644.28,33.1,3,20.7,4,1,8,"Great experience, the app works smoothly and the team is helpful.",Positive,0
3508,41,Other,Pune,Standard,22,897.56,19426.5,30,3,21.9,0,0,7,The service is unreliable and I keep facing problems.,Negative,0
3509,35,Other,Chennai,Basic,41,480.53,19606.45,36,4,17.2,10,0,6,Not satisfied. The app is difficult to use and often fails.,Negative,0
3510,38,Other,Kolkata,Premium,18,1569.16,28889.53,64.6,1,17.7,7,0,6,The service is fine and meets most of my needs.,Neutral,0
3511,46,Other,Kochi,Standard,43,823.12,33546.53,27.7,2,4.8,0,1,4,I am unhappy with the price and frequent service problems.,Negative,0
3512,37,Female,Jaipur,Standard,11,920.64,9358.59,44.5,0,13.6,5,1,6,The service is fine and meets most of my needs.,Neutral,1
3513,41,Male,Chennai,Basic,20,632.96,10950.14,20.9,4,12.2,5,0,6,"Service is acceptable for now, but support could be faster.",Neutral,0
3514,25,Male,Jaipur,Standard,20,930.55,16818.98,27.4,2,16,0,0,6,Bad experience with billing and customer support.,Negative,1
3515,32,Other,Jaipur,Standard,28,946.44,23207.72,20.6,0,4,3,1,9,"Excellent experience, no major issues and easy to use.",Positive,0
3516,24,Other,Chennai,Basic,20,581.68,11257.62,28.6,2,17.5,2,1,6,"Nothing special, but the service is usable.",Neutral,0
3517,23,Other,Kochi,Standard,12,878.96,9993.09,18.2,3,11.9,4,0,4,The service is unreliable and I keep facing problems.,Negative,0
3518,33,Female,Delhi,Standard,14,901.37,13189.32,33.7,3,14.3,8,1,8,Very happy with the service and fast support.,Positive,0
3519,28,Other,Ahmedabad,Basic,11,569.49,5458.9,24,2,15.6,6,0,5,I am unhappy with the price and frequent service problems.,Negative,0
3520,41,Other,Kolkata,Standard,24,965.62,23703,21.6,1,9.6,0,1,8,Good value for money and quick customer support.,Positive,0
3521,36,Other,Chennai,Basic,22,514.65,10804.99,14,0,3.2,0,1,8,"Excellent experience, no major issues and easy to use.",Positive,0
3522,38,Female,Hyderabad,Premium,12,1523.79,17302.58,49.5,0,5,0,0,6,"Nothing special, but the service is usable.",Neutral,0
3523,19,Other,Ahmedabad,Standard,3,903.02,2372.03,37.3,1,12.8,4,1,8,Support solved my issue quickly. Very good experience.,Positive,0
3524,43,Other,Chennai,Premium,13,1481.83,16671.87,42.9,0,13.1,7,1,7,The service is fine and meets most of my needs.,Neutral,0
3525,34,Female,Chennai,Premium,15,1463.36,21627.23,47,2,13,6,0,8,Really satisfied with the service and performance.,Positive,0
3526,35,Other,Jaipur,Basic,14,438.3,6421.73,20.1,1,13,4,0,5,Not satisfied. The app is difficult to use and often fails.,Negative,0
3527,38,Other,Kochi,Basic,36,443.43,13687.51,19.5,3,16.3,8,0,4,I am unhappy with the price and frequent service problems.,Negative,1
3528,23,Female,Bengaluru,Standard,13,863.32,10141.41,45.2,4,19.3,8,0,6,Not satisfied. The app is difficult to use and often fails.,Negative,1
3529,40,Female,Kolkata,Standard,4,863.38,3444.24,39.1,0,8.8,0,1,8,Reliable service and simple to use. I would recommend it.,Positive,1
3530,23,Other,Bengaluru,Basic,11,464.17,4598.19,23.2,1,19.4,7,0,5,Poor experience. Support did not solve my issue.,Negative,0
3531,39,Female,Kochi,Basic,9,430.41,3656.89,20.5,3,14.5,9,1,7,Not satisfied. The app is difficult to use and often fails.,Negative,0
3532,39,Female,Pune,Basic,16,482.67,7816.3,15,2,8.5,7,1,6,I may leave because the service quality has become poor.,Negative,0
3533,18,Other,Kolkata,Basic,31,449.41,14149.18,32.7,4,15.5,11,1,4,Too many issues and the response from support is slow.,Negative,0
3534,40,Male,Mumbai,Standard,11,899.52,10015.5,37.4,0,8.9,3,0,7,"Excellent experience, no major issues and easy to use.",Positive,0
3535,28,Female,Mumbai,Premium,22,1560.39,30971.78,35.4,0,0.5,0,0,4,The service is fine and meets most of my needs.,Neutral,0
3536,38,Other,Hyderabad,Basic,8,622.57,5134.26,29.7,3,12,0,0,8,"Service is acceptable for now, but support could be faster.",Neutral,0
3537,28,Male,Delhi,Basic,13,538.09,7140.67,14.6,1,18.6,7,1,10,Reliable service and simple to use. I would recommend it.,Positive,0
3538,42,Male,Delhi,Standard,16,1081.26,16698.89,1,4,19.4,5,0,6,Bad experience with billing and customer support.,Negative,0
3539,24,Other,Mumbai,Premium,12,1428.91,16610.45,52.8,1,15.6,2,0,9,Really satisfied with the service and performance.,Positive,0
3540,51,Other,Jaipur,Standard,21,821.57,16691.9,40.7,2,6.9,6,1,7,The service is okay but there is room for improvement.,Neutral,0
3541,35,Male,Kochi,Basic,12,501.3,5563.87,27.7,2,9.2,7,1,5,Not satisfied. The app is difficult to use and often fails.,Negative,0
3542,49,Female,Bengaluru,Premium,57,1321.41,75233.59,58.3,2,10.6,1,1,4,Too many issues and the response from support is slow.,Negative,0
3543,26,Female,Kochi,Basic,25,523.6,12984.42,8.7,1,12.3,1,1,7,Reliable service and simple to use. I would recommend it.,Positive,0
3544,34,Other,Pune,Premium,19,1592.69,31763.47,59.8,1,14.9,2,0,7,Very happy with the service and fast support.,Positive,1
3545,43,Male,Pune,Standard,20,688.19,13770.55,28.2,0,5,0,0,6,"Nothing special, but the service is usable.",Neutral,0
3546,35,Other,Jaipur,Basic,23,594.89,13396.93,32.9,0,11.3,4,0,4,I may leave because the service quality has become poor.,Negative,0
3547,42,Other,Ahmedabad,Basic,34,568.14,18238.83,20.4,4,17.3,7,0,6,Not satisfied. The app is difficult to use and often fails.,Negative,1
3548,23,Other,Mumbai,Basic,18,441.8,7479.81,25.2,3,18.5,1,0,8,The service is okay but there is room for improvement.,Neutral,0
3549,30,Female,Mumbai,Standard,19,896.04,14623.62,39.4,2,15.3,7,0,4,Not satisfied. The app is difficult to use and often fails.,Negative,1
3550,44,Female,Ahmedabad,Basic,23,536.03,10993.28,7.8,1,10.6,7,1,4,I am unhappy with the price and frequent service problems.,Negative,1
3551,26,Male,Mumbai,Standard,16,818.93,13676.29,33,1,13.3,9,1,5,The service is fine and meets most of my needs.,Neutral,0
3552,31,Male,Kolkata,Standard,7,943.42,6352.48,17.2,3,16.2,4,0,4,I am unhappy with the price and frequent service problems.,Negative,0
3553,20,Female,Ahmedabad,Premium,22,1457.44,29876.56,48.5,2,11.8,5,0,8,Very happy with the service and fast support.,Positive,0
3554,35,Other,Pune,Premium,17,1516.34,24401.74,42,1,12.2,11,0,5,The service is unreliable and I keep facing problems.,Negative,0
3555,31,Female,Hyderabad,Basic,43,556.11,23314.82,7.3,3,14,5,1,6,Poor experience. Support did not solve my issue.,Negative,0
3556,43,Female,Kolkata,Standard,67,979.73,59086.72,40.5,6,17.3,9,0,3,I may leave because the service quality has become poor.,Negative,1
3557,44,Other,Bengaluru,Standard,14,924.3,12523.65,35.7,1,9.1,0,0,7,Reliable service and simple to use. I would recommend it.,Positive,0
3558,47,Male,Pune,Standard,4,854.67,2950.64,43.8,4,18.1,3,0,5,Not satisfied. The app is difficult to use and often fails.,Negative,0
3559,31,Female,Chennai,Premium,26,1593.96,39150.69,62.5,1,19.3,5,1,8,Support solved my issue quickly. Very good experience.,Positive,0
3560,18,Female,Bengaluru,Premium,12,1533.24,18675.08,50.7,1,18.7,6,1,6,I may leave because the service quality has become poor.,Negative,0
3561,41,Other,Ahmedabad,Basic,2,526.78,1017.03,19.1,1,9.6,0,0,5,Poor experience. Support did not solve my issue.,Negative,0
3562,38,Female,Delhi,Standard,32,958.27,31464.1,41.1,8,22.7,19,1,2,Not satisfied. The app is difficult to use and often fails.,Negative,1
3563,33,Other,Jaipur,Standard,30,1024.9,26943.64,33,3,17.9,8,1,6,Not satisfied. The app is difficult to use and often fails.,Negative,0
3564,47,Other,Jaipur,Basic,11,459.22,4754.21,28.2,4,17.8,8,0,4,Too many issues and the response from support is slow.,Negative,1
3565,31,Other,Hyderabad,Premium,28,1342.58,32417.98,44.1,5,18.8,4,1,5,Not satisfied. The app is difficult to use and often fails.,Negative,1
3566,38,Male,Chennai,Premium,13,1486.86,17072.4,52.8,2,15.9,5,0,7,The service is okay but there is room for improvement.,Neutral,1
3567,44,Male,Chennai,Premium,17,1444.76,25118.71,58.6,0,6.2,0,1,7,Good value for money and quick customer support.,Positive,0
3568,34,Other,Mumbai,Basic,37,495.09,18465.52,1,1,21.6,8,0,7,Average experience. Some things work well and some do not.,Neutral,1
3569,44,Other,Hyderabad,Standard,16,963.33,15016.13,28.3,0,8.4,4,1,9,"Great experience, the app works smoothly and the team is helpful.",Positive,0
3570,29,Male,Bengaluru,Basic,46,568.91,23004.76,4.9,3,19,3,1,3,Very disappointed with the service and slow support.,Negative,0
3571,32,Other,Mumbai,Standard,16,785.34,13008.49,38,0,5.2,9,1,7,I love the service. Everything has been reliable so far.,Positive,0
3572,33,Other,Hyderabad,Basic,27,472.34,11161.61,16.8,3,9.5,2,1,6,The service is fine and meets most of my needs.,Neutral,0
3573,40,Other,Jaipur,Standard,17,836.04,14307.84,29.6,3,16.8,12,1,5,Poor experience. Support did not solve my issue.,Negative,1
3574,27,Female,Mumbai,Standard,26,932.07,22666.21,15.6,3,14,10,1,5,Too many issues and the response from support is slow.,Negative,1
3575,49,Other,Kolkata,Basic,15,478.79,7461.27,9.9,1,9.3,4,0,3,Poor experience. Support did not solve my issue.,Negative,1
3576,33,Female,Kochi,Premium,13,1572.1,19356.74,45.7,4,20.4,4,0,7,Not satisfied. The app is difficult to use and often fails.,Negative,0
3577,28,Female,Mumbai,Premium,3,1469.07,4057.68,45.3,2,22.3,7,0,6,The service is fine and meets most of my needs.,Neutral,1
3578,24,Male,Chennai,Standard,16,956.86,13592.46,25.7,4,18.5,6,0,6,Poor experience. Support did not solve my issue.,Negative,1
3579,26,Male,Hyderabad,Basic,21,487.4,10440.27,3.4,2,15.7,0,0,6,"Nothing special, but the service is usable.",Neutral,0
3580,41,Male,Pune,Standard,13,898.66,11820.52,38.7,3,14.8,11,0,7,It is a normal experience with occasional issues.,Neutral,0
3581,40,Other,Bengaluru,Premium,14,1535.25,19047.92,32.1,3,11.3,8,0,4,Bad experience with billing and customer support.,Negative,1
3582,29,Female,Ahmedabad,Basic,19,441.37,8243.31,20.6,2,17.3,6,1,7,"Service is acceptable for now, but support could be faster.",Neutral,0
3583,34,Male,Kochi,Basic,13,523.04,6880.25,17.4,1,13.7,1,1,8,Support solved my issue quickly. Very good experience.,Positive,0
3584,24,Other,Hyderabad,Standard,28,713.52,19077.81,41.5,1,14,3,0,5,Poor experience. Support did not solve my issue.,Negative,0
3585,41,Female,Ahmedabad,Standard,7,942.1,6130.15,25.5,3,15.4,2,1,6,Not satisfied. The app is difficult to use and often fails.,Negative,0
3586,30,Other,Pune,Standard,15,899.97,12751.94,22.5,1,12,0,1,7,I love the service. Everything has been reliable so far.,Positive,0
3587,26,Other,Bengaluru,Basic,14,604.58,8306.4,43,0,7,0,0,8,Reliable service and simple to use. I would recommend it.,Positive,0
3588,37,Female,Kochi,Basic,18,444.85,7767.76,10.9,1,13.8,3,0,5,Bad experience with billing and customer support.,Negative,0
3589,34,Male,Kochi,Premium,13,1470.19,19422.29,55.3,0,5.1,6,1,6,The service is okay but there is room for improvement.,Neutral,0
3590,28,Other,Ahmedabad,Basic,27,541.1,15332.07,10.9,0,9.4,0,1,6,Good value for money and quick customer support.,Positive,0
3591,27,Male,Ahmedabad,Standard,12,869.05,10512.14,35.4,2,17.9,6,0,4,Poor experience. Support did not solve my issue.,Negative,1
3592,27,Male,Delhi,Basic,23,458.24,10649.25,28.8,1,12.2,0,0,5,I am unhappy with the price and frequent service problems.,Negative,0
3593,50,Other,Kolkata,Premium,37,1472.12,53511.77,51.9,0,7.2,6,0,8,Support solved my issue quickly. Very good experience.,Positive,0
3594,46,Female,Jaipur,Basic,22,694.1,15536.2,16.2,2,15.5,2,1,9,Good value for money and quick customer support.,Positive,0
3595,37,Other,Kochi,Basic,17,469.42,6954.61,24.8,0,7.1,0,0,4,"Service is acceptable for now, but support could be faster.",Neutral,0
3596,41,Other,Delhi,Standard,12,933.85,11009.82,28.2,2,6.6,5,0,8,Good value for money and quick customer support.,Positive,0
3597,50,Female,Kochi,Premium,26,1497.15,35554.69,32.7,2,13,6,1,6,It is a normal experience with occasional issues.,Neutral,0
3598,51,Male,Ahmedabad,Standard,56,943.31,45906.42,21.4,2,16.9,8,1,8,"Nothing special, but the service is usable.",Neutral,0
3599,27,Other,Ahmedabad,Basic,8,536.46,3816.87,21.4,4,20.8,7,1,5,Too many issues and the response from support is slow.,Negative,0
3600,34,Male,Bengaluru,Standard,18,737.41,13196.79,44.1,1,14.9,0,1,7,"Excellent experience, no major issues and easy to use.",Positive,0
3601,32,Other,Ahmedabad,Standard,19,921.17,17324.16,40.7,2,13.5,6,0,6,Average experience. Some things work well and some do not.,Neutral,0
3602,44,Female,Jaipur,Premium,16,1508.47,21359.58,57.8,3,7.6,9,1,3,Very disappointed with the service and slow support.,Negative,0
3603,33,Male,Jaipur,Basic,30,469.88,12563.62,17.2,1,2.8,3,0,8,I love the service. Everything has been reliable so far.,Positive,0
3604,29,Male,Delhi,Basic,7,446.91,2794.04,17.1,3,18.6,11,1,7,The service is fine and meets most of my needs.,Neutral,0
3605,40,Female,Hyderabad,Basic,28,539.04,14733.41,18.1,1,10.9,4,1,9,I love the service. Everything has been reliable so far.,Positive,0
3606,32,Other,Kochi,Premium,8,1547.21,11150.79,70.6,2,14.7,0,0,5,Poor experience. Support did not solve my issue.,Negative,1
3607,34,Male,Bengaluru,Premium,19,1529.89,29642.5,56.4,2,11,5,0,6,Poor experience. Support did not solve my issue.,Negative,0
3608,25,Female,Kolkata,Standard,11,867.72,8586.75,1,0,5,8,0,7,The service is fine and meets most of my needs.,Neutral,0
3609,29,Male,Chennai,Basic,14,536.95,6735.25,42,2,19.5,1,0,5,Too many issues and the response from support is slow.,Negative,1
3610,18,Other,Ahmedabad,Standard,22,851.12,18953.74,26.6,1,8.7,0,1,7,Reliable service and simple to use. I would recommend it.,Positive,0
3611,43,Female,Mumbai,Standard,40,992.78,39638.25,42,2,10.9,6,1,6,"Nothing special, but the service is usable.",Neutral,0
3612,30,Other,Delhi,Basic,11,460.15,5187.19,18.3,3,14.1,0,1,5,Very disappointed with the service and slow support.,Negative,0
3613,26,Male,Mumbai,Basic,8,499.61,3674.72,18.7,6,24.3,9,1,6,I am unhappy with the price and frequent service problems.,Negative,0
3614,45,Female,Hyderabad,Premium,27,1580.87,39518.49,53.3,3,24.4,11,1,7,The service is okay but there is room for improvement.,Neutral,0
3615,18,Female,Hyderabad,Basic,27,424.43,9877.77,25.7,3,28.9,1,0,7,Good value for money and quick customer support.,Positive,0
3616,35,Other,Jaipur,Premium,10,1503.37,14021.96,48.9,1,10.4,9,0,6,Very disappointed with the service and slow support.,Negative,0
3617,30,Male,Jaipur,Basic,21,586.51,12373.75,16.5,4,18.3,5,1,4,Very disappointed with the service and slow support.,Negative,1
3618,31,Male,Pune,Basic,8,446.27,3424.7,17.8,4,11.5,7,1,5,I am unhappy with the price and frequent service problems.,Negative,0
3619,29,Male,Jaipur,Premium,11,1589.77,14961.91,41.9,1,16.1,8,0,6,The service is fine and meets most of my needs.,Neutral,0
3620,37,Female,Ahmedabad,Basic,14,545.12,7782.08,28.4,3,13.2,7,1,5,The service is unreliable and I keep facing problems.,Negative,0
3621,36,Other,Hyderabad,Basic,22,512.67,10767.39,27.1,2,18.1,3,0,6,"Nothing special, but the service is usable.",Neutral,0
3622,22,Male,Chennai,Basic,28,563.78,16091.92,30.6,2,12.3,6,0,6,The service is okay but there is room for improvement.,Neutral,0
3623,22,Other,Ahmedabad,Standard,7,720.72,5138.34,35.8,0,13.5,4,0,2,Very disappointed with the service and slow support.,Negative,1
3624,41,Male,Jaipur,Standard,30,771.84,23703.1,30.4,1,16.1,3,0,4,The service is unreliable and I keep facing problems.,Negative,0
3625,30,Male,Kolkata,Standard,13,949.36,11375.4,23,1,8.5,6,0,7,Average experience. Some things work well and some do not.,Neutral,0
3626,41,Male,Hyderabad,Standard,29,1044.62,31060.76,21.3,2,15.1,4,0,6,It is a normal experience with occasional issues.,Neutral,0
3627,23,Male,Delhi,Standard,14,801.16,11535.85,30.4,1,7.8,0,1,7,Average experience. Some things work well and some do not.,Neutral,0
3628,35,Male,Jaipur,Standard,7,855.01,5665.99,24.4,0,10.9,2,0,7,Very happy with the service and fast support.,Positive,0
3629,32,Female,Jaipur,Basic,22,484.17,10468.95,19.5,2,12.1,7,1,5,Not satisfied. The app is difficult to use and often fails.,Negative,0
3630,29,Male,Kochi,Basic,19,463.34,9224.28,26.9,1,11.2,7,0,9,Reliable service and simple to use. I would recommend it.,Positive,0
3631,21,Other,Pune,Standard,15,973.27,15099.47,29,0,4.3,0,0,6,Average experience. Some things work well and some do not.,Neutral,0
3632,34,Female,Chennai,Basic,14,419.45,5660.42,30.2,1,7.1,4,1,3,Very disappointed with the service and slow support.,Negative,0
3633,46,Other,Kolkata,Standard,18,862.69,15333.17,43.6,0,7.7,2,0,5,"Service is acceptable for now, but support could be faster.",Neutral,0
3634,30,Male,Jaipur,Standard,16,1011.8,14049.92,43.7,4,16.2,5,0,7,Poor experience. Support did not solve my issue.,Negative,1
3635,43,Other,Pune,Standard,29,920.07,27546.16,23.5,2,14.6,1,0,5,I am unhappy with the price and frequent service problems.,Negative,0
3636,29,Other,Delhi,Premium,14,1479.43,21498.67,33.6,1,2.4,4,1,8,Support solved my issue quickly. Very good experience.,Positive,0
3637,35,Male,Bengaluru,Premium,6,1423.31,7264.06,49.8,1,2,9,0,5,Not satisfied. The app is difficult to use and often fails.,Negative,0
3638,35,Male,Jaipur,Standard,24,893.48,20629.03,23.1,2,18.6,0,0,7,The service is unreliable and I keep facing problems.,Negative,0
3639,42,Male,Ahmedabad,Basic,29,515.74,12919.53,13.4,1,21.2,2,1,6,I am unhappy with the price and frequent service problems.,Negative,0
3640,33,Female,Delhi,Standard,12,861.47,10607.35,45.3,2,9.9,6,1,4,Bad experience with billing and customer support.,Negative,0
3641,42,Female,Chennai,Basic,7,538.68,3422.51,1,2,13.3,10,0,5,Too many issues and the response from support is slow.,Negative,0
3642,34,Male,Chennai,Basic,14,299,3917.58,22.4,0,9.5,8,1,6,The service is okay but there is room for improvement.,Neutral,0
3643,20,Female,Hyderabad,Standard,3,938.71,2635.2,43.1,1,22.3,0,0,9,Reliable service and simple to use. I would recommend it.,Positive,0
3644,26,Male,Kochi,Standard,9,895.34,6910.17,31.3,1,4.3,0,0,6,Average experience. Some things work well and some do not.,Neutral,0
3645,41,Other,Jaipur,Basic,13,430.28,5324.6,22.6,1,22.4,8,0,6,Bad experience with billing and customer support.,Negative,0
3646,22,Female,Jaipur,Basic,21,425.25,8903.26,13.3,1,11.4,4,0,6,Average experience. Some things work well and some do not.,Neutral,0
3647,31,Male,Pune,Standard,11,892.71,9369.39,17.2,1,7.3,0,0,7,Really satisfied with the service and performance.,Positive,0
3648,21,Female,Pune,Premium,13,1476.73,16803.92,50.6,0,5.7,1,0,7,Very happy with the service and fast support.,Positive,0
3649,31,Male,Pune,Basic,23,467.62,10104.12,21,1,13.2,7,0,4,The service is unreliable and I keep facing problems.,Negative,0
3650,34,Male,Jaipur,Standard,36,781.42,24348.28,54,2,9.2,6,1,8,Reliable service and simple to use. I would recommend it.,Positive,0
3651,18,Other,Ahmedabad,Standard,20,828.95,14671.68,24.4,3,15.8,8,1,9,"Great experience, the app works smoothly and the team is helpful.",Positive,0
3652,27,Female,Ahmedabad,Standard,51,962.52,43289.24,31,2,18.8,14,1,6,Not satisfied. The app is difficult to use and often fails.,Negative,0
3653,27,Female,Kolkata,Premium,28,1474.99,41420.91,34.4,0,10.4,5,0,3,Too many issues and the response from support is slow.,Negative,0
3654,30,Female,Hyderabad,Basic,7,457.18,3141.19,3.9,5,20.9,11,1,8,I may leave because the service quality has become poor.,Negative,1
3655,45,Female,Bengaluru,Basic,38,439.93,14907.44,24.2,4,23.3,12,0,4,The service is unreliable and I keep facing problems.,Negative,1
3656,53,Other,Hyderabad,Basic,15,489.69,6834.76,5.9,1,13.6,5,0,4,Bad experience with billing and customer support.,Negative,0
3657,22,Other,Mumbai,Basic,14,636.77,8401.32,28.2,1,15.6,0,1,7,"Service is acceptable for now, but support could be faster.",Neutral,0
3658,23,Male,Ahmedabad,Basic,22,546.42,12154.7,18,1,17.3,1,0,4,Very disappointed with the service and slow support.,Negative,1
3659,53,Other,Hyderabad,Premium,35,1389.86,46073.29,50.5,4,14.7,5,1,2,I may leave because the service quality has become poor.,Negative,1
3660,30,Male,Chennai,Standard,20,983.03,18786.7,24.2,1,18.3,6,0,7,"Service is acceptable for now, but support could be faster.",Neutral,0
3661,26,Other,Bengaluru,Standard,33,850.81,27686.23,34.5,1,10.3,3,0,7,Very happy with the service and fast support.,Positive,0
3662,40,Female,Ahmedabad,Basic,29,524.22,14346.93,11.7,1,14.4,6,0,6,I may leave because the service quality has become poor.,Negative,1
3663,28,Other,Mumbai,Basic,20,448.66,8073.68,21,5,25.4,16,0,7,Too many issues and the response from support is slow.,Negative,1
3664,25,Female,Kochi,Premium,25,1441.48,32841.8,57.6,0,11.6,0,1,8,"Excellent experience, no major issues and easy to use.",Positive,0
3665,41,Male,Kolkata,Basic,17,362.78,5580.88,17.3,1,10,5,0,6,Very disappointed with the service and slow support.,Negative,1
3666,40,Male,Jaipur,Standard,15,770.66,11495.52,37.1,0,10.7,0,1,7,Really satisfied with the service and performance.,Positive,0
3667,29,Female,Kolkata,Standard,24,795.12,18115.3,37.9,2,11.4,1,1,6,I may leave because the service quality has become poor.,Negative,0
3668,33,Male,Mumbai,Basic,51,494.43,21742.58,16.5,0,8,0,0,5,Not satisfied. The app is difficult to use and often fails.,Negative,0
3669,26,Male,Mumbai,Standard,39,968.28,39477.84,28.1,1,18.9,6,0,5,I may leave because the service quality has become poor.,Negative,1
3670,35,Female,Kolkata,Premium,45,1471.68,67470.63,51.5,2,22,8,1,5,Poor experience. Support did not solve my issue.,Negative,0
3671,36,Male,Delhi,Standard,10,888.04,8557.6,54.8,4,14.3,14,0,6,Poor experience. Support did not solve my issue.,Negative,1
3672,21,Other,Ahmedabad,Basic,44,504.27,21525.13,25.7,1,12.5,0,0,4,Too many issues and the response from support is slow.,Negative,0
3673,25,Female,Kolkata,Standard,23,791.45,18608.31,23.2,2,12.4,5,1,8,Really satisfied with the service and performance.,Positive,0
3674,32,Other,Jaipur,Basic,23,478.1,11043.91,23.7,2,16.8,7,0,6,The service is okay but there is room for improvement.,Neutral,0
3675,29,Male,Ahmedabad,Standard,9,860.33,8021.5,26.3,4,17.4,7,1,5,The service is unreliable and I keep facing problems.,Negative,0
3676,31,Female,Bengaluru,Basic,32,444.83,14405.61,20.4,0,17,0,1,6,Good value for money and quick customer support.,Positive,0
3677,39,Other,Kochi,Basic,14,511.75,6838.36,27.6,3,12.3,6,1,6,Very disappointed with the service and slow support.,Negative,1
3678,46,Female,Mumbai,Standard,20,699.87,13434.48,28.6,1,12.4,4,0,6,"Service is acceptable for now, but support could be faster.",Neutral,0
3679,35,Male,Bengaluru,Basic,33,472.25,15874.43,18.2,2,14.2,4,0,5,Too many issues and the response from support is slow.,Negative,0
3680,48,Other,Jaipur,Premium,20,1608.52,33673.86,56,0,7.7,6,1,7,The service is fine and meets most of my needs.,Neutral,0
3681,31,Other,Ahmedabad,Standard,20,929.39,17546.55,40.9,2,6.1,0,0,5,I am unhappy with the price and frequent service problems.,Negative,0
3682,27,Female,Jaipur,Standard,23,892.87,18154.34,18.7,3,12.4,11,0,6,Bad experience with billing and customer support.,Negative,0
3683,36,Female,Jaipur,Standard,19,874.97,17267.74,32.8,3,15.1,9,1,6,The service is unreliable and I keep facing problems.,Negative,0
3684,36,Female,Kolkata,Premium,23,1504.21,34356.79,55,3,8.6,12,0,4,I am unhappy with the price and frequent service problems.,Negative,1
3685,24,Female,Pune,Premium,21,1495.73,27293.75,43.4,0,10.7,4,1,7,It is a normal experience with occasional issues.,Neutral,0
3686,38,Other,Pune,Basic,28,572.43,16460.88,12.2,2,18.7,8,0,6,Not satisfied. The app is difficult to use and often fails.,Negative,0
3687,43,Female,Chennai,Basic,27,539.43,14636.76,29.8,3,11.7,0,1,7,The service is fine and meets most of my needs.,Neutral,0
3688,42,Other,Hyderabad,Premium,14,1454.68,21243.11,49.1,0,17.5,3,1,10,Very happy with the service and fast support.,Positive,0
3689,36,Male,Pune,Basic,36,495.55,17582.56,39,9,24.3,12,1,2,Poor experience. Support did not solve my issue.,Negative,1
3690,23,Male,Mumbai,Standard,17,939.23,16440.33,53.6,1,14.1,9,1,5,Poor experience. Support did not solve my issue.,Negative,0
3691,45,Male,Hyderabad,Standard,32,933.43,26071.49,16.1,1,20.4,4,0,5,Very disappointed with the service and slow support.,Negative,1
3692,22,Other,Pune,Basic,18,560.94,9422.43,1,3,20.5,6,0,3,I am unhappy with the price and frequent service problems.,Negative,1
3693,35,Female,Jaipur,Standard,24,897.54,18395.73,32.3,2,7.9,0,1,5,Poor experience. Support did not solve my issue.,Negative,0
3694,47,Male,Hyderabad,Premium,6,1568.11,8479.03,55.8,2,17,5,0,5,Too many issues and the response from support is slow.,Negative,0
3695,45,Other,Kochi,Basic,37,514.26,19329.23,16.2,3,14.1,0,0,6,Bad experience with billing and customer support.,Negative,1
3696,23,Female,Pune,Standard,26,907.81,20788.35,31.5,2,12.4,2,0,8,The service is okay but there is room for improvement.,Neutral,0
3697,42,Female,Delhi,Standard,15,850.49,12624.04,33.9,1,10.6,5,0,2,I may leave because the service quality has become poor.,Negative,1
3698,34,Other,Delhi,Standard,24,853.16,19547.23,28.4,4,18.9,6,0,2,Poor experience. Support did not solve my issue.,Negative,1
3699,21,Male,Bengaluru,Basic,10,520.03,5186.01,10.8,2,27.8,3,0,8,It is a normal experience with occasional issues.,Neutral,0
3700,38,Female,Delhi,Standard,8,770.54,5974.51,36.7,1,10.3,8,0,5,Poor experience. Support did not solve my issue.,Negative,1
3701,44,Male,Kolkata,Standard,15,886.03,11756.61,36.3,3,20.2,11,1,7,Bad experience with billing and customer support.,Negative,1
3702,28,Male,Hyderabad,Premium,13,1425.31,16043.49,38.7,1,6.5,7,1,7,"Excellent experience, no major issues and easy to use.",Positive,0
3703,54,Male,Jaipur,Standard,22,851.84,19022.32,44.6,4,13.3,6,0,5,I may leave because the service quality has become poor.,Negative,0
3704,22,Other,Kolkata,Standard,13,991.72,12920.6,35,5,20.7,10,1,8,"Nothing special, but the service is usable.",Neutral,1
3705,39,Other,Bengaluru,Basic,10,516.65,4885.59,36.3,1,13.2,6,1,5,I am unhappy with the price and frequent service problems.,Negative,0
3706,38,Other,Hyderabad,Basic,10,536.64,5482.83,37.6,2,7.6,7,0,3,Bad experience with billing and customer support.,Negative,0
3707,37,Male,Delhi,Standard,6,934.56,5628.27,43.9,4,23.8,11,1,4,I am unhappy with the price and frequent service problems.,Negative,1
3708,35,Male,Ahmedabad,Basic,13,501.68,6798.25,11.5,3,12.1,8,0,6,"Service is acceptable for now, but support could be faster.",Neutral,0
3709,23,Other,Kolkata,Standard,10,921.08,8499.73,24.8,1,15.1,5,1,6,The service is fine and meets most of my needs.,Neutral,0
3710,51,Other,Kolkata,Basic,22,559.43,10760.49,22.7,1,8.5,4,0,6,Support solved my issue quickly. Very good experience.,Positive,0
3711,34,Other,Pune,Premium,5,1448,7098.88,53,4,14.1,3,1,4,Bad experience with billing and customer support.,Negative,0
3712,38,Other,Mumbai,Standard,21,837.67,15596.08,40.9,0,22,0,1,7,Very happy with the service and fast support.,Positive,0
3713,28,Female,Ahmedabad,Standard,28,721.97,19899.34,32.8,7,20.2,18,0,5,The service is unreliable and I keep facing problems.,Negative,1
3714,26,Female,Bengaluru,Basic,4,399.22,1507.18,28.8,3,9.2,8,1,8,"Great experience, the app works smoothly and the team is helpful.",Positive,0
3715,24,Female,Chennai,Basic,15,556.03,8526.1,17,3,8.5,0,1,5,I am unhappy with the price and frequent service problems.,Negative,0
3716,28,Other,Kolkata,Basic,26,491.13,13116.46,26.3,3,29.3,7,0,4,Very disappointed with the service and slow support.,Negative,0
3717,28,Other,Jaipur,Premium,14,1582.46,19403.34,59.7,1,9.4,0,0,5,Too many issues and the response from support is slow.,Negative,0
3718,30,Other,Kolkata,Standard,17,864.33,13255.35,22.7,2,12.2,10,0,5,Very disappointed with the service and slow support.,Negative,1
3719,33,Female,Chennai,Premium,16,1397.39,23026.34,35.5,0,2.4,0,1,5,It is a normal experience with occasional issues.,Neutral,0
3720,31,Male,Kochi,Standard,47,829.33,39256.19,23.2,1,10,4,0,9,Support solved my issue quickly. Very good experience.,Positive,0
3721,28,Male,Jaipur,Premium,19,1426.01,25722.68,52.7,1,0.5,1,0,4,Too many issues and the response from support is slow.,Negative,0
3722,37,Male,Mumbai,Premium,8,1607.59,12083.71,45,1,21.1,3,0,8,The service is fine and meets most of my needs.,Neutral,0
3723,21,Other,Mumbai,Standard,17,810.58,13901.47,51.3,1,8.4,1,0,7,Good value for money and quick customer support.,Positive,0
3724,29,Other,Kolkata,Basic,8,484.07,3704.19,15.7,5,21.8,7,0,5,I may leave because the service quality has become poor.,Negative,1
3725,42,Other,Kolkata,Premium,23,1362.15,31117.31,54.6,1,13.8,3,1,6,Average experience. Some things work well and some do not.,Neutral,0
3726,39,Male,Bengaluru,Premium,24,1534.33,34071.59,35.5,0,10.2,0,1,7,"Great experience, the app works smoothly and the team is helpful.",Positive,0
3727,19,Female,Delhi,Standard,38,872.77,31577,38.6,3,11.2,6,0,5,Poor experience. Support did not solve my issue.,Negative,0
3728,32,Female,Pune,Standard,13,935.34,11083.5,16.2,4,12.1,5,1,8,Average experience. Some things work well and some do not.,Neutral,0
3729,30,Female,Hyderabad,Standard,12,906.47,9826.7,28.5,0,7.8,7,1,7,Really satisfied with the service and performance.,Positive,0
3730,24,Other,Bengaluru,Premium,18,1478.08,25912.92,54.1,0,13.8,0,1,7,"Excellent experience, no major issues and easy to use.",Positive,0
3731,32,Male,Jaipur,Standard,34,953.5,30136.14,29.6,6,25.7,11,0,4,I may leave because the service quality has become poor.,Negative,1
3732,43,Other,Ahmedabad,Premium,17,1470.23,21517.55,67.6,1,11.5,5,0,5,The service is fine and meets most of my needs.,Neutral,0
3733,31,Male,Pune,Standard,15,939.09,14233.52,25.9,1,10.3,5,0,6,The service is fine and meets most of my needs.,Neutral,0
3734,26,Other,Bengaluru,Premium,32,1585.11,45109.4,47.2,3,16.7,9,1,5,Poor experience. Support did not solve my issue.,Negative,1
3735,51,Male,Pune,Basic,18,475.49,8796.38,14.6,2,16.8,1,1,7,It is a normal experience with occasional issues.,Neutral,0
3736,18,Other,Hyderabad,Standard,23,892.64,17750.84,48.6,3,9.6,4,1,7,The service is fine and meets most of my needs.,Neutral,0
3737,46,Male,Kolkata,Standard,51,812.98,41274.71,31,0,2,6,1,8,Support solved my issue quickly. Very good experience.,Positive,0
3738,23,Other,Kochi,Standard,20,958.29,17431.89,41.9,1,5.6,10,0,5,Bad experience with billing and customer support.,Negative,1
3739,34,Other,Jaipur,Standard,40,849.53,34973.07,39.8,4,23.8,9,1,6,Bad experience with billing and customer support.,Negative,0
3740,37,Other,Pune,Standard,11,857.26,9486.98,27.3,4,15.2,4,0,4,Not satisfied. The app is difficult to use and often fails.,Negative,0
3741,32,Female,Jaipur,Basic,18,396,6166.3,10.3,3,21.6,5,1,7,Very disappointed with the service and slow support.,Negative,0
3742,24,Male,Hyderabad,Standard,47,912.86,42404.43,48.5,0,8.8,0,0,6,The service is okay but there is room for improvement.,Neutral,0
3743,27,Other,Ahmedabad,Premium,13,1482.87,16972.71,48.9,2,13,2,0,6,Bad experience with billing and customer support.,Negative,0
3744,40,Other,Bengaluru,Standard,32,958.47,26155.75,36.1,2,23,3,0,4,I may leave because the service quality has become poor.,Negative,1
3745,38,Male,Kolkata,Standard,37,877.56,32354.56,35.2,4,9.6,4,0,4,I am unhappy with the price and frequent service problems.,Negative,1
3746,55,Other,Kochi,Standard,21,865.3,18454.78,48.3,5,17.8,9,1,5,I am unhappy with the price and frequent service problems.,Negative,1
3747,31,Female,Delhi,Basic,9,641.82,5273.36,12.7,3,20.9,5,0,3,The service is unreliable and I keep facing problems.,Negative,1
3748,24,Other,Jaipur,Basic,15,474.58,6324.87,17.2,2,12.7,4,1,6,Very disappointed with the service and slow support.,Negative,0
3749,34,Female,Ahmedabad,Basic,17,474.64,7382.54,23.6,2,17.8,2,0,6,The service is fine and meets most of my needs.,Neutral,0
3750,27,Other,Jaipur,Basic,39,517.71,19294.4,5.1,0,2.8,4,0,8,"Excellent experience, no major issues and easy to use.",Positive,0
3751,32,Other,Jaipur,Basic,23,489.78,9690.44,25.2,1,16.6,0,0,6,Too many issues and the response from support is slow.,Negative,0
3752,34,Female,Kolkata,Standard,8,835.21,6402.48,29.2,2,21.1,6,1,7,"Nothing special, but the service is usable.",Neutral,0
3753,21,Other,Jaipur,Standard,11,973.93,10740.02,30.9,2,17.1,6,1,6,Bad experience with billing and customer support.,Negative,0
3754,27,Male,Delhi,Standard,25,916.54,23655.71,32,0,6.7,0,1,9,I love the service. Everything has been reliable so far.,Positive,0
3755,28,Male,Pune,Basic,3,484.4,1477.01,12.1,2,15.1,9,1,7,It is a normal experience with occasional issues.,Neutral,0
3756,33,Female,Delhi,Standard,31,740.72,20612.01,32.2,0,0.5,0,0,5,The service is fine and meets most of my needs.,Neutral,0
3757,33,Female,Pune,Standard,7,954.74,6867.37,33.6,0,12.7,0,0,7,Good value for money and quick customer support.,Positive,0
3758,28,Other,Jaipur,Basic,30,507.38,13664.36,19,2,9.9,10,0,4,I am unhappy with the price and frequent service problems.,Negative,0
3759,39,Female,Pune,Standard,30,829.91,22829.82,26.5,2,12.6,3,1,9,I love the service. Everything has been reliable so far.,Positive,0
3760,23,Other,Chennai,Standard,13,875.31,11359.87,13.2,4,16.4,10,1,2,Too many issues and the response from support is slow.,Negative,1
3761,43,Male,Hyderabad,Standard,35,824.06,27136.72,17.6,2,13.7,7,1,3,Not satisfied. The app is difficult to use and often fails.,Negative,1
3762,27,Male,Bengaluru,Basic,5,484.67,2256.67,5.2,3,15.3,3,1,4,Poor experience. Support did not solve my issue.,Negative,1
3763,31,Male,Hyderabad,Basic,52,516.68,24276.63,17.8,2,15.6,0,1,6,Poor experience. Support did not solve my issue.,Negative,0
3764,28,Female,Kolkata,Premium,29,1426.41,40043.18,51.3,0,11.7,4,1,8,Reliable service and simple to use. I would recommend it.,Positive,0
3765,18,Female,Kolkata,Basic,9,411.88,3792.25,10.2,2,13,5,1,5,The service is unreliable and I keep facing problems.,Negative,0
3766,27,Female,Bengaluru,Basic,19,578,10663.59,10.1,0,12.4,0,0,6,"Excellent experience, no major issues and easy to use.",Positive,0
3767,32,Other,Hyderabad,Basic,29,321.78,9488.25,18.6,3,15.3,6,1,2,Bad experience with billing and customer support.,Negative,0
3768,39,Male,Bengaluru,Standard,41,889.97,33515.04,27.3,2,13.7,0,0,6,The service is unreliable and I keep facing problems.,Negative,0
3769,32,Female,Jaipur,Standard,15,902.55,13873.56,41.3,2,11.5,0,1,5,I may leave because the service quality has become poor.,Negative,0
3770,29,Other,Ahmedabad,Premium,8,1462.43,10804.75,61.7,2,12,5,0,8,Good value for money and quick customer support.,Positive,0
3771,29,Male,Chennai,Standard,42,862.67,35290.73,32.3,3,11.8,10,1,7,I may leave because the service quality has become poor.,Negative,0
3772,54,Male,Pune,Standard,15,967.5,14795.59,36.7,0,13,0,1,6,"Excellent experience, no major issues and easy to use.",Positive,0
3773,30,Male,Kolkata,Basic,18,529.96,9904.97,1,2,10.3,3,0,9,I love the service. Everything has been reliable so far.,Positive,0
3774,23,Male,Mumbai,Standard,4,1002.45,3460.37,28.3,2,19.1,9,0,4,I may leave because the service quality has become poor.,Negative,1
3775,34,Female,Mumbai,Standard,14,938.01,13111.45,30.8,1,3.8,11,1,8,Very happy with the service and fast support.,Positive,0
3776,34,Female,Kochi,Standard,14,810.42,9863.23,36.1,3,12.5,13,0,3,Not satisfied. The app is difficult to use and often fails.,Negative,1
3777,43,Female,Kochi,Basic,18,511.25,8437.14,10.3,2,19,0,0,8,The service is okay but there is room for improvement.,Neutral,0
3778,32,Other,Kochi,Standard,8,875.11,7160.54,19,1,8,5,0,4,Not satisfied. The app is difficult to use and often fails.,Negative,0
3779,24,Female,Delhi,Standard,57,825.39,47180.55,50.1,3,6.8,8,1,8,The service is okay but there is room for improvement.,Neutral,0
3780,35,Male,Kolkata,Basic,7,555.49,3940.83,3,2,15.1,4,1,6,"Service is acceptable for now, but support could be faster.",Neutral,0
3781,30,Other,Ahmedabad,Basic,21,574.03,10507.75,13.4,1,10.6,0,0,6,Average experience. Some things work well and some do not.,Neutral,0
3782,42,Male,Hyderabad,Basic,5,378.38,1918.17,37.7,1,4.6,0,0,6,Average experience. Some things work well and some do not.,Neutral,0
3783,43,Other,Ahmedabad,Basic,11,435.34,4857.74,6.2,4,23.7,6,1,7,The service is unreliable and I keep facing problems.,Negative,0
3784,33,Female,Ahmedabad,Premium,15,1567.16,23321.46,60,0,11.4,9,1,6,Average experience. Some things work well and some do not.,Neutral,0
3785,42,Male,Pune,Standard,33,914.97,26254.16,36.7,0,4.4,5,0,8,Reliable service and simple to use. I would recommend it.,Positive,0
3786,29,Male,Bengaluru,Basic,32,537.13,16920.95,20.6,0,9,0,1,5,"Nothing special, but the service is usable.",Neutral,0
3787,38,Male,Hyderabad,Premium,17,1411.66,23286.41,41.1,1,10.4,4,1,7,"Nothing special, but the service is usable.",Neutral,0
3788,27,Male,Kochi,Basic,37,574.5,20384.62,27.5,3,9.7,2,0,6,Bad experience with billing and customer support.,Negative,0
3789,30,Male,Bengaluru,Basic,21,504.31,10341.91,5.8,1,12.6,2,0,6,The service is okay but there is room for improvement.,Neutral,0
3790,36,Female,Jaipur,Premium,7,1492.54,8886.14,53.7,2,10.7,9,0,7,"Service is acceptable for now, but support could be faster.",Neutral,0
3791,31,Other,Kochi,Standard,11,840.01,9548.66,26.8,1,11.9,4,0,5,Too many issues and the response from support is slow.,Negative,1
3792,18,Other,Mumbai,Basic,2,597.18,1116.49,15.9,3,17.9,4,0,9,"Excellent experience, no major issues and easy to use.",Positive,0
3793,39,Male,Bengaluru,Premium,56,1504.1,86783.53,57.5,0,17.3,9,0,6,The service is fine and meets most of my needs.,Neutral,0
3794,46,Male,Kolkata,Standard,44,854.3,37759.42,28.8,5,14.9,11,1,8,The service is fine and meets most of my needs.,Neutral,0
3795,34,Male,Kolkata,Basic,29,559.12,14937.7,22.7,4,17.9,6,0,8,"Service is acceptable for now, but support could be faster.",Neutral,0
3796,20,Female,Pune,Premium,32,1483.38,42501.44,36.9,1,13.2,0,1,6,Too many issues and the response from support is slow.,Negative,0
3797,32,Female,Kolkata,Basic,22,528.79,10812.56,21.5,0,0.5,0,0,9,Really satisfied with the service and performance.,Positive,0
3798,23,Other,Hyderabad,Standard,27,1019.2,27852.11,38.7,0,11.4,0,0,6,Reliable service and simple to use. I would recommend it.,Positive,0
3799,36,Other,Kochi,Basic,11,465.06,5131.36,17.2,3,9.5,6,1,5,I am unhappy with the price and frequent service problems.,Negative,1
3800,50,Other,Jaipur,Basic,36,345.53,11717.1,18.1,3,19.2,3,1,4,Too many issues and the response from support is slow.,Negative,0
3801,26,Other,Kolkata,Premium,7,1464.4,10057.3,53.8,1,13.7,1,1,8,I love the service. Everything has been reliable so far.,Positive,0
3802,23,Other,Jaipur,Basic,63,540.65,31635.04,15.6,3,15.2,5,1,6,I may leave because the service quality has become poor.,Negative,0
3803,29,Other,Chennai,Premium,13,1351.75,18005.81,44.5,1,13.3,2,0,8,"Excellent experience, no major issues and easy to use.",Positive,0
3804,29,Female,Chennai,Basic,13,720.95,9373.86,33.4,2,13,13,0,4,Very disappointed with the service and slow support.,Negative,0
3805,32,Male,Jaipur,Standard,19,831.11,13738.05,28.7,2,12.3,10,1,8,"Excellent experience, no major issues and easy to use.",Positive,0
3806,40,Male,Pune,Basic,3,597.1,1592.23,22.5,2,13.6,4,0,7,The service is fine and meets most of my needs.,Neutral,0
3807,22,Other,Mumbai,Standard,22,880.85,16653.43,37.2,1,5.9,7,0,5,I am unhappy with the price and frequent service problems.,Negative,0
3808,46,Male,Jaipur,Standard,14,924.41,13410.85,29.1,3,12.9,4,0,7,The service is okay but there is room for improvement.,Neutral,0
3809,42,Other,Kochi,Standard,14,904.79,12248.45,29.1,1,15.7,6,1,5,Poor experience. Support did not solve my issue.,Negative,0
3810,33,Other,Mumbai,Premium,30,1514.74,40513,45.1,2,12,9,0,7,"Nothing special, but the service is usable.",Neutral,0
3811,28,Other,Kochi,Premium,64,1619.54,91543.74,34.4,0,2.9,0,0,7,I love the service. Everything has been reliable so far.,Positive,0
3812,24,Male,Bengaluru,Premium,57,1525.46,77014.16,30.1,1,16.3,6,0,8,Average experience. Some things work well and some do not.,Neutral,0
3813,26,Male,Chennai,Premium,13,1629.37,18623.28,37.9,3,17.8,9,0,3,The service is unreliable and I keep facing problems.,Negative,1
3814,40,Other,Kochi,Standard,29,811.09,22577.34,27.9,2,20.1,1,1,7,It is a normal experience with occasional issues.,Neutral,0
3815,40,Male,Bengaluru,Premium,14,1598.76,22336.73,55.7,2,15.5,7,1,7,"Nothing special, but the service is usable.",Neutral,1
3816,44,Female,Hyderabad,Basic,11,531.2,6036.65,16.6,1,21.2,0,0,2,Too many issues and the response from support is slow.,Negative,0
3817,29,Male,Delhi,Standard,3,814.99,2557.05,27.9,0,0.5,0,0,8,"Excellent experience, no major issues and easy to use.",Positive,0
3818,42,Male,Mumbai,Premium,11,1457.08,15392.19,42.7,0,6,1,1,7,"Service is acceptable for now, but support could be faster.",Neutral,0
3819,35,Other,Mumbai,Standard,17,862.51,12500.06,41.6,2,11.8,7,0,6,The service is fine and meets most of my needs.,Neutral,0
3820,33,Other,Bengaluru,Standard,7,876.55,6313.66,21.3,1,13.9,0,1,7,It is a normal experience with occasional issues.,Neutral,0
3821,27,Other,Chennai,Basic,17,487.98,7671.62,21.3,2,13.8,7,1,6,Bad experience with billing and customer support.,Negative,0
3822,24,Other,Delhi,Premium,38,1575.02,53681.03,41,1,5.1,0,0,6,The service is okay but there is room for improvement.,Neutral,0
3823,41,Male,Mumbai,Standard,11,734.9,6976.62,22.6,2,7.4,1,0,4,I may leave because the service quality has become poor.,Negative,0
3824,22,Female,Chennai,Basic,16,468.88,7719.02,9.7,1,8.4,5,1,5,Not satisfied. The app is difficult to use and often fails.,Negative,0
3825,30,Other,Jaipur,Standard,23,807.68,16078.27,35.1,3,11.3,11,0,6,Not satisfied. The app is difficult to use and often fails.,Negative,1
3826,40,Male,Bengaluru,Standard,24,834.88,18476.22,24.6,1,19.4,0,1,6,Bad experience with billing and customer support.,Negative,0
3827,43,Female,Hyderabad,Basic,27,553.19,15372.84,19.5,4,17.6,4,1,8,"Service is acceptable for now, but support could be faster.",Neutral,0
3828,36,Female,Hyderabad,Standard,15,950.75,13828.35,44.1,0,7.4,0,0,8,"Excellent experience, no major issues and easy to use.",Positive,0
3829,43,Male,Ahmedabad,Standard,3,891.1,2338.63,27.7,4,11.4,11,0,3,Bad experience with billing and customer support.,Negative,1
3830,29,Other,Jaipur,Basic,20,391.43,7700.55,33.8,1,5.9,4,1,6,The service is okay but there is room for improvement.,Neutral,0
3831,32,Other,Jaipur,Basic,21,571.68,12293.56,13.8,2,13.4,8,0,6,Bad experience with billing and customer support.,Negative,0
3832,38,Female,Kochi,Basic,19,539.05,9927.79,26.3,5,22,18,0,5,Bad experience with billing and customer support.,Negative,1
3833,36,Other,Jaipur,Standard,28,878.98,22390.97,38.6,0,10.9,1,1,8,I love the service. Everything has been reliable so far.,Positive,0
3834,27,Female,Jaipur,Standard,71,740.67,46250.27,41.3,0,4.8,1,0,6,The service is fine and meets most of my needs.,Neutral,0
3835,38,Male,Kochi,Standard,21,917.23,17023.72,29.4,4,17,8,0,6,I may leave because the service quality has become poor.,Negative,0
3836,45,Other,Ahmedabad,Standard,37,938.4,33182.39,48.6,2,19.3,8,0,8,Really satisfied with the service and performance.,Positive,0
3837,41,Male,Delhi,Premium,11,1480.69,14581.05,38.4,0,6.9,4,1,7,I love the service. Everything has been reliable so far.,Positive,0
3838,25,Female,Ahmedabad,Premium,22,1458.12,27580.33,27.3,0,5.7,7,1,6,Support solved my issue quickly. Very good experience.,Positive,0
3839,18,Male,Jaipur,Basic,44,399.03,15191.07,25.9,1,11.1,3,0,6,The service is unreliable and I keep facing problems.,Negative,0
3840,41,Male,Kolkata,Premium,19,1536.32,28804.74,32.4,1,16.3,3,1,9,Reliable service and simple to use. I would recommend it.,Positive,0
3841,37,Other,Kochi,Standard,18,830.32,14901.9,36.2,1,10.7,0,0,5,Bad experience with billing and customer support.,Negative,0
3842,36,Male,Pune,Premium,25,1561.83,33491.18,44.2,1,7.7,3,0,8,Really satisfied with the service and performance.,Positive,0
3843,35,Male,Hyderabad,Standard,12,808.55,9473.89,29.1,2,18.1,7,1,3,Not satisfied. The app is difficult to use and often fails.,Negative,0
3844,22,Other,Delhi,Premium,30,1460.47,42190.36,35.5,0,4.6,4,0,7,Reliable service and simple to use. I would recommend it.,Positive,0
3845,48,Female,Ahmedabad,Basic,21,469.11,8725.54,39.9,2,15.6,2,0,4,Poor experience. Support did not solve my issue.,Negative,0
3846,35,Female,Pune,Standard,28,944.22,25327.52,25,2,12.4,0,0,6,The service is unreliable and I keep facing problems.,Negative,0
3847,24,Male,Kochi,Standard,4,883.22,3332.12,34.1,0,7.2,0,0,5,"Service is acceptable for now, but support could be faster.",Neutral,0
3848,36,Male,Jaipur,Standard,14,818.99,10512.62,32.9,1,11.1,6,1,8,I love the service. Everything has been reliable so far.,Positive,0
3849,28,Female,Pune,Basic,19,551.76,10123.65,25.6,2,4,1,0,8,Reliable service and simple to use. I would recommend it.,Positive,0
3850,40,Female,Kochi,Standard,2,973.91,1856.28,38.4,4,18,11,1,6,Very disappointed with the service and slow support.,Negative,1
3851,22,Other,Pune,Standard,22,876.13,17725.16,25.7,3,20.5,7,1,8,"Service is acceptable for now, but support could be faster.",Neutral,0
3852,34,Male,Hyderabad,Premium,6,1424.31,7622.86,46.9,0,7,1,1,5,"Nothing special, but the service is usable.",Neutral,0
3853,26,Female,Delhi,Standard,5,968.38,4425.69,19,3,6.3,5,0,4,Not satisfied. The app is difficult to use and often fails.,Negative,0
3854,27,Female,Kochi,Basic,7,555.36,3511.37,40.2,4,22.2,9,0,3,Poor experience. Support did not solve my issue.,Negative,1
3855,40,Female,Ahmedabad,Premium,23,1434.06,28070.4,61,0,2.1,3,0,5,Very disappointed with the service and slow support.,Negative,0
3856,31,Male,Kolkata,Basic,22,581.46,12759.52,10.1,2,10.6,9,1,5,Bad experience with billing and customer support.,Negative,0
3857,22,Female,Bengaluru,Standard,11,934.21,9095.77,32.2,1,14.3,4,0,8,I love the service. Everything has been reliable so far.,Positive,0
3858,32,Female,Ahmedabad,Premium,17,1617.13,28248.74,42.5,1,11.8,3,0,4,Not satisfied. The app is difficult to use and often fails.,Negative,1
3859,18,Other,Pune,Basic,19,370.44,6051.19,17,1,9.7,7,0,7,It is a normal experience with occasional issues.,Neutral,0
3860,41,Other,Kochi,Basic,11,403.81,3963.82,20.3,3,19.7,11,1,6,I may leave because the service quality has become poor.,Negative,0
3861,28,Male,Hyderabad,Basic,53,608.87,28635.09,27.1,2,4.6,6,1,7,The service is okay but there is room for improvement.,Neutral,0
3862,38,Female,Kochi,Premium,24,1498.15,32894.23,59.3,1,17.4,0,1,5,Very disappointed with the service and slow support.,Negative,0
3863,35,Female,Hyderabad,Basic,7,506.36,3056.34,17.1,3,11.4,9,1,8,The service is fine and meets most of my needs.,Neutral,0
3864,18,Other,Bengaluru,Basic,40,497.33,18628.01,14.5,4,16.9,10,1,6,Very disappointed with the service and slow support.,Negative,1
3865,33,Other,Chennai,Premium,17,1381.88,21755.16,33.5,2,15.2,7,0,5,The service is unreliable and I keep facing problems.,Negative,1
3866,35,Female,Chennai,Standard,47,831.77,38747.96,26,2,20.2,0,0,6,Not satisfied. The app is difficult to use and often fails.,Negative,0
3867,44,Male,Ahmedabad,Basic,12,430.05,5175.7,13.3,2,9.7,6,0,6,Average experience. Some things work well and some do not.,Neutral,0
3868,27,Male,Bengaluru,Standard,17,836.02,14586.12,30.6,2,2.5,2,1,9,Really satisfied with the service and performance.,Positive,0
3869,39,Other,Bengaluru,Basic,15,531.25,7304.65,33.4,3,7,8,1,7,"Service is acceptable for now, but support could be faster.",Neutral,0
3870,26,Other,Hyderabad,Premium,22,1496.83,32851.5,53.7,4,20.3,12,1,6,Not satisfied. The app is difficult to use and often fails.,Negative,0
3871,41,Other,Pune,Basic,33,523.52,17636.35,25.8,3,21.5,9,0,6,I may leave because the service quality has become poor.,Negative,0
3872,30,Female,Jaipur,Standard,14,888.56,11014.51,27.7,1,12.5,5,0,8,Support solved my issue quickly. Very good experience.,Positive,0
3873,48,Female,Chennai,Standard,14,940.82,11876.64,32,1,12.7,3,1,3,I may leave because the service quality has become poor.,Negative,1
3874,21,Male,Kolkata,Premium,47,1531.45,61267.62,40.5,3,22.6,15,0,4,Poor experience. Support did not solve my issue.,Negative,1
3875,28,Female,Mumbai,Premium,12,1478.28,17984.57,66.3,2,9,0,0,7,Average experience. Some things work well and some do not.,Neutral,0
3876,25,Other,Hyderabad,Basic,30,566.37,14744.25,2.1,5,20.3,7,1,3,Very disappointed with the service and slow support.,Negative,0
3877,53,Male,Delhi,Standard,55,860.03,47636.59,23.9,0,9.3,0,1,9,Good value for money and quick customer support.,Positive,0
3878,43,Other,Chennai,Basic,27,591.15,13735.01,43.3,4,20.1,3,1,6,I am unhappy with the price and frequent service problems.,Negative,0
3879,21,Other,Delhi,Standard,12,962.46,10812.58,15.5,2,9.7,8,0,3,Not satisfied. The app is difficult to use and often fails.,Negative,1
3880,38,Male,Kolkata,Standard,12,877.68,9776.6,30.1,2,10.1,12,1,7,"Service is acceptable for now, but support could be faster.",Neutral,0
3881,18,Other,Kolkata,Basic,38,555.99,20115.15,27.2,2,11.7,9,1,8,It is a normal experience with occasional issues.,Neutral,0
3882,33,Male,Jaipur,Standard,18,851.86,15053.93,16.6,0,9.7,3,1,6,"Service is acceptable for now, but support could be faster.",Neutral,0
3883,37,Other,Kochi,Basic,40,465.64,17049.5,37.1,3,2.9,4,1,5,Poor experience. Support did not solve my issue.,Negative,0
3884,27,Female,Mumbai,Standard,37,968.57,32506.32,28.3,2,14.2,5,1,9,Support solved my issue quickly. Very good experience.,Positive,0
3885,30,Male,Kochi,Basic,40,539.63,21900.54,20.4,3,8.1,11,1,7,Very disappointed with the service and slow support.,Negative,0
3886,31,Female,Ahmedabad,Premium,7,1515.99,10262.95,47.7,3,19.4,9,0,5,Bad experience with billing and customer support.,Negative,1
3887,30,Female,Ahmedabad,Standard,21,885.82,17632.21,26.7,1,8.8,2,1,8,"Great experience, the app works smoothly and the team is helpful.",Positive,0
3888,33,Female,Kolkata,Basic,35,528.68,17020.51,6.9,3,12.4,14,0,6,Very disappointed with the service and slow support.,Negative,0
3889,41,Other,Bengaluru,Standard,28,873.54,23128.92,39.6,1,25.2,1,1,4,Not satisfied. The app is difficult to use and often fails.,Negative,0
3890,31,Male,Bengaluru,Standard,20,848.78,14494.76,27.6,2,24.7,10,1,6,Very disappointed with the service and slow support.,Negative,1
3891,31,Other,Jaipur,Basic,22,520.11,11284.68,16.3,3,11.7,6,0,3,The service is unreliable and I keep facing problems.,Negative,0
3892,35,Male,Hyderabad,Standard,9,1019.91,9014.95,24.3,1,16.3,4,1,8,"Great experience, the app works smoothly and the team is helpful.",Positive,0
3893,26,Other,Bengaluru,Basic,21,487.13,10613.91,24.4,3,17.2,4,1,3,I may leave because the service quality has become poor.,Negative,1
3894,27,Other,Kolkata,Basic,12,491.94,5380.42,37,1,11.7,5,0,5,Average experience. Some things work well and some do not.,Neutral,0
3895,36,Other,Bengaluru,Standard,20,889.2,15185.02,23,2,19.8,3,1,8,Good value for money and quick customer support.,Positive,0
3896,27,Female,Pune,Standard,5,939.07,4457.18,27.1,3,20.5,8,0,6,Poor experience. Support did not solve my issue.,Negative,0
3897,37,Male,Hyderabad,Standard,12,875.76,9150.43,25,5,25.7,9,0,3,I may leave because the service quality has become poor.,Negative,0
3898,41,Female,Jaipur,Standard,28,929.74,24025.16,30,4,20,3,0,4,Very disappointed with the service and slow support.,Negative,1
3899,24,Male,Kolkata,Standard,16,910.44,12971.23,34.2,2,6,4,0,8,"Great experience, the app works smoothly and the team is helpful.",Positive,1
3900,43,Female,Hyderabad,Basic,12,447.04,5597.91,10,2,9.4,0,0,5,"Service is acceptable for now, but support could be faster.",Neutral,0
3901,40,Other,Jaipur,Basic,20,495.62,9322.94,6.5,1,11.3,0,1,7,Very happy with the service and fast support.,Positive,0
3902,31,Female,Pune,Basic,38,570.77,18943.95,9.4,2,9.3,6,1,7,The service is okay but there is room for improvement.,Neutral,0
3903,40,Female,Mumbai,Premium,21,1401.18,29223.05,47.8,2,16.2,13,1,10,Very happy with the service and fast support.,Positive,0
3904,30,Female,Jaipur,Standard,22,942.04,19235.43,20.1,2,15.6,0,0,5,I am unhappy with the price and frequent service problems.,Negative,0
3905,29,Other,Hyderabad,Basic,11,591.95,6826.85,25.1,2,10.1,7,1,4,Too many issues and the response from support is slow.,Negative,0
3906,26,Other,Jaipur,Basic,25,563.87,14106.46,1,4,22.5,14,1,8,Very disappointed with the service and slow support.,Negative,0
3907,36,Male,Jaipur,Basic,13,481.11,5437.43,19.8,1,9,6,1,6,"Service is acceptable for now, but support could be faster.",Neutral,0
3908,35,Male,Bengaluru,Premium,15,1432.48,22450.89,49.3,5,25.4,6,1,7,Very disappointed with the service and slow support.,Negative,1
3909,39,Other,Jaipur,Standard,19,900.05,16405.7,23.4,0,13.3,8,1,8,"Great experience, the app works smoothly and the team is helpful.",Positive,0
3910,37,Male,Kochi,Basic,12,529.64,6421.81,17.5,1,1.6,0,0,6,Average experience. Some things work well and some do not.,Neutral,0
3911,29,Other,Delhi,Premium,23,1583.7,35344.2,73.3,0,9.2,7,0,5,Not satisfied. The app is difficult to use and often fails.,Negative,0
3912,31,Female,Mumbai,Premium,19,1460.75,26186.38,59.9,2,4.5,10,1,7,Average experience. Some things work well and some do not.,Neutral,0
3913,34,Male,Delhi,Standard,16,1022.2,16235.76,15.7,1,8,1,0,6,The service is okay but there is room for improvement.,Neutral,0
3914,55,Female,Ahmedabad,Standard,23,905.82,21541.64,41.9,2,11.6,0,0,7,Very happy with the service and fast support.,Positive,0
3915,19,Female,Jaipur,Standard,19,878.95,15385.66,24.7,0,10.8,2,0,6,The service is unreliable and I keep facing problems.,Negative,0
3916,23,Other,Kolkata,Standard,16,891.58,13178.59,36.1,0,11.1,3,1,8,"Excellent experience, no major issues and easy to use.",Positive,0
3917,22,Male,Mumbai,Premium,20,1490.66,28637.21,39,0,13.7,0,1,10,I love the service. Everything has been reliable so far.,Positive,0
3918,29,Other,Mumbai,Standard,19,992.35,18363.37,24.3,2,15.5,16,1,7,"Service is acceptable for now, but support could be faster.",Neutral,0
3919,43,Other,Delhi,Premium,10,1696.95,15188.3,45,0,11.6,4,0,7,Very happy with the service and fast support.,Positive,0
3920,45,Female,Ahmedabad,Standard,18,922.51,16444.61,22.7,2,7.8,1,0,7,"Service is acceptable for now, but support could be faster.",Neutral,0
3921,27,Female,Bengaluru,Basic,39,443.63,17873.22,5.3,4,11.2,11,1,4,Very disappointed with the service and slow support.,Negative,0
3922,38,Male,Ahmedabad,Basic,26,554.93,12799.89,21.5,1,13.5,6,1,8,Really satisfied with the service and performance.,Positive,0
3923,28,Female,Chennai,Premium,5,1404.12,7098.94,43.5,1,10.6,4,0,6,"Service is acceptable for now, but support could be faster.",Neutral,0
3924,46,Male,Ahmedabad,Standard,30,998.68,29245.47,31.2,2,16.2,1,0,4,Very disappointed with the service and slow support.,Negative,1
3925,39,Other,Chennai,Standard,11,830.09,8967.51,30.2,1,4.5,3,0,8,Good value for money and quick customer support.,Positive,0
3926,42,Male,Pune,Basic,19,439.56,8261.9,5.9,5,9.1,8,0,6,The service is unreliable and I keep facing problems.,Negative,0
3927,30,Male,Bengaluru,Standard,13,878.05,9869.18,18.2,3,20,0,1,6,"Nothing special, but the service is usable.",Neutral,0
3928,33,Male,Delhi,Basic,28,459.89,13028.03,20.6,2,9.5,6,1,8,"Excellent experience, no major issues and easy to use.",Positive,0
3929,32,Male,Bengaluru,Basic,22,551.54,10806.2,19.7,4,16,10,0,3,The service is unreliable and I keep facing problems.,Negative,1
3930,43,Female,Kolkata,Standard,26,881.55,20952.01,21.2,0,11.5,2,0,6,The service is fine and meets most of my needs.,Neutral,0
3931,32,Male,Pune,Premium,26,1534.8,39375.08,52.1,1,19.2,3,1,7,It is a normal experience with occasional issues.,Neutral,0
3932,36,Female,Jaipur,Standard,59,871.63,50419.05,29.1,1,10.1,6,1,7,Not satisfied. The app is difficult to use and often fails.,Negative,0
3933,31,Other,Chennai,Basic,49,486.48,22314.08,23.6,5,20.4,6,1,6,Too many issues and the response from support is slow.,Negative,1
3934,38,Male,Kolkata,Basic,15,425.25,5905.98,34.7,1,9.2,2,0,6,It is a normal experience with occasional issues.,Neutral,0
3935,21,Other,Chennai,Standard,50,1027.5,53849.81,32,1,6.5,10,0,7,Reliable service and simple to use. I would recommend it.,Positive,0
3936,36,Female,Delhi,Standard,19,913.23,15990.01,41.8,1,8.5,6,0,7,"Excellent experience, no major issues and easy to use.",Positive,0
3937,50,Female,Ahmedabad,Premium,5,1445.95,7015.76,48.6,1,12.4,5,0,8,Very happy with the service and fast support.,Positive,0
3938,40,Female,Hyderabad,Basic,38,462.94,16028.14,14.9,0,13.1,2,1,6,Average experience. Some things work well and some do not.,Neutral,0
3939,27,Male,Kochi,Basic,3,595.08,1742.41,16.8,1,15.7,1,0,5,Bad experience with billing and customer support.,Negative,0
3940,28,Other,Chennai,Basic,44,493.1,19608.31,47.8,3,15.3,4,0,5,The service is unreliable and I keep facing problems.,Negative,0
3941,39,Female,Kochi,Standard,37,757.4,26984.65,23.3,2,5.5,7,1,4,Very disappointed with the service and slow support.,Negative,1
3942,33,Other,Delhi,Standard,9,1047.59,9072.36,29.2,1,8.4,3,1,6,The service is okay but there is room for improvement.,Neutral,0
3943,23,Male,Kochi,Standard,14,955.89,12092.77,42.6,1,8.7,1,1,10,Really satisfied with the service and performance.,Positive,0
3944,38,Other,Kochi,Basic,16,527.48,7545.09,24.6,4,22.1,14,1,6,I may leave because the service quality has become poor.,Negative,1
3945,29,Other,Ahmedabad,Basic,11,530.55,5794.69,12.2,4,18.2,5,0,7,Bad experience with billing and customer support.,Negative,0
3946,25,Other,Kochi,Basic,13,452.47,5091.94,21.2,4,15.5,13,0,6,Not satisfied. The app is difficult to use and often fails.,Negative,1
3947,27,Male,Ahmedabad,Standard,9,851.63,7005.05,34.8,0,13.1,6,0,7,The service is okay but there is room for improvement.,Neutral,1
3948,29,Other,Kolkata,Standard,59,936.33,50719.8,43.6,2,9.1,6,0,6,I may leave because the service quality has become poor.,Negative,1
3949,35,Male,Kochi,Basic,49,403.06,17579.32,23.6,1,8.2,3,1,8,Very happy with the service and fast support.,Positive,0
3950,45,Other,Hyderabad,Premium,13,1616.27,18169.37,44.1,2,8.3,3,0,6,Average experience. Some things work well and some do not.,Neutral,1
3951,29,Other,Ahmedabad,Basic,11,441.24,4580.57,5.2,3,13.9,10,0,7,Average experience. Some things work well and some do not.,Neutral,1
3952,29,Other,Mumbai,Standard,21,921.73,19429.9,50.1,2,14.3,9,0,5,I am unhappy with the price and frequent service problems.,Negative,0
3953,38,Male,Chennai,Basic,40,466.07,18808.07,28.3,3,9.1,2,0,6,"Service is acceptable for now, but support could be faster.",Neutral,0
3954,30,Female,Ahmedabad,Premium,9,1574.09,14331.92,47.7,1,8.8,3,0,4,Poor experience. Support did not solve my issue.,Negative,0
3955,41,Other,Kochi,Standard,20,803.08,15473.38,37.4,2,18.7,3,0,4,Bad experience with billing and customer support.,Negative,0
3956,43,Female,Jaipur,Standard,29,863.32,21900.18,20.8,2,13.8,5,0,5,"Nothing special, but the service is usable.",Neutral,0
3957,44,Male,Chennai,Standard,30,924.86,27701.4,50.3,3,13.7,6,0,5,Poor experience. Support did not solve my issue.,Negative,0
3958,44,Male,Mumbai,Premium,9,1509.71,12703.05,47,0,11.5,0,1,6,I love the service. Everything has been reliable so far.,Positive,0
3959,46,Male,Chennai,Basic,22,519.43,10730.6,15.7,1,7.3,0,1,8,Reliable service and simple to use. I would recommend it.,Positive,0
3960,23,Female,Chennai,Standard,11,950.45,9144.4,18.2,1,12.5,5,0,4,I am unhappy with the price and frequent service problems.,Negative,0
3961,35,Female,Mumbai,Basic,15,591.16,7885.28,29.9,2,7.7,9,0,7,The service is fine and meets most of my needs.,Neutral,0
3962,36,Male,Kolkata,Basic,33,489.69,14756.25,12.6,0,13,2,0,6,It is a normal experience with occasional issues.,Neutral,0
3963,34,Female,Kolkata,Basic,15,617.21,8709.88,17.6,2,10.6,7,0,6,Not satisfied. The app is difficult to use and often fails.,Negative,0
3964,18,Other,Jaipur,Basic,2,434.62,764.92,11.2,1,12.3,6,1,7,Reliable service and simple to use. I would recommend it.,Positive,0
3965,28,Female,Delhi,Standard,18,945.96,15658.04,41.7,3,16.3,1,0,8,The service is fine and meets most of my needs.,Neutral,0
3966,46,Other,Mumbai,Basic,24,514.27,12759.65,14.4,1,15.5,7,0,5,Very disappointed with the service and slow support.,Negative,0
3967,31,Other,Chennai,Premium,28,1506.25,42752.81,41.4,1,16.1,4,0,7,Support solved my issue quickly. Very good experience.,Positive,1
3968,33,Other,Hyderabad,Standard,15,881.27,12013.67,46.1,2,14.5,4,1,4,Very disappointed with the service and slow support.,Negative,0
3969,33,Male,Jaipur,Standard,10,921.77,8207.17,13.4,1,19.3,3,0,6,The service is okay but there is room for improvement.,Neutral,1
3970,23,Male,Pune,Basic,25,462.72,9854.45,36.8,3,14.9,9,1,8,The service is okay but there is room for improvement.,Neutral,0
3971,40,Other,Kolkata,Standard,24,982.41,21993.29,30.8,0,12.6,0,0,7,"Great experience, the app works smoothly and the team is helpful.",Positive,0
3972,44,Male,Hyderabad,Standard,34,846.15,27767.77,42.8,1,13.1,3,0,5,Very disappointed with the service and slow support.,Negative,0
3973,42,Female,Kolkata,Standard,13,873.59,10673.72,37.5,2,13.9,0,1,7,It is a normal experience with occasional issues.,Neutral,0
3974,50,Female,Ahmedabad,Premium,14,1467.96,19796.36,39.3,3,7.1,6,0,4,Bad experience with billing and customer support.,Negative,0
3975,27,Male,Kolkata,Premium,30,1532.45,42068.48,34.4,0,9.6,0,0,7,Support solved my issue quickly. Very good experience.,Positive,0
3976,38,Female,Delhi,Basic,18,362.39,6155.37,29.6,1,7.1,5,1,3,Too many issues and the response from support is slow.,Negative,0
3977,31,Female,Bengaluru,Standard,5,952.31,4818.73,25.1,4,12.9,8,1,6,It is a normal experience with occasional issues.,Neutral,0
3978,31,Male,Pune,Standard,1,1039.66,1066.27,34.7,3,21.6,12,0,5,I am unhappy with the price and frequent service problems.,Negative,0
3979,31,Other,Kolkata,Basic,53,473.45,25745.61,10.6,3,21,11,1,8,"Nothing special, but the service is usable.",Neutral,0
3980,37,Other,Kolkata,Basic,12,554.58,5895.54,14.5,4,19,6,0,4,Poor experience. Support did not solve my issue.,Negative,1
3981,41,Male,Kolkata,Basic,37,464.83,17150.74,15.2,2,15.2,5,0,5,The service is unreliable and I keep facing problems.,Negative,0
3982,35,Female,Chennai,Basic,12,484.71,5590.16,24,2,14,2,1,7,"Nothing special, but the service is usable.",Neutral,0
3983,35,Male,Delhi,Premium,24,1499.96,32588.67,34.9,1,13.3,2,1,9,"Excellent experience, no major issues and easy to use.",Positive,0
3984,34,Other,Chennai,Basic,24,519.38,11575.98,23.6,5,26.8,11,0,5,I may leave because the service quality has become poor.,Negative,0
3985,24,Other,Jaipur,Basic,17,517.57,9092.92,33.2,0,13.7,1,1,7,I love the service. Everything has been reliable so far.,Positive,0
3986,45,Other,Mumbai,Standard,25,883.78,18798.4,33.3,3,21.2,11,0,4,Bad experience with billing and customer support.,Negative,1
3987,45,Female,Mumbai,Basic,16,472.78,7241.71,16,1,7.6,0,1,6,Average experience. Some things work well and some do not.,Neutral,0
3988,32,Male,Pune,Premium,11,1488.27,15908.53,47.1,1,15.1,6,0,10,Really satisfied with the service and performance.,Positive,0
3989,30,Other,Bengaluru,Standard,9,936.39,7526.49,13.2,1,11.5,1,0,4,I am unhappy with the price and frequent service problems.,Negative,0
3990,26,Male,Pune,Premium,16,1427.12,20530.78,63.5,0,8.8,1,0,6,"Nothing special, but the service is usable.",Neutral,0
3991,34,Male,Hyderabad,Basic,19,555.78,9009.17,6,0,10.5,3,1,9,Reliable service and simple to use. I would recommend it.,Positive,0
3992,31,Female,Bengaluru,Standard,24,811.89,19701.69,15.8,2,13.5,0,1,6,Really satisfied with the service and performance.,Positive,0
3993,29,Female,Kolkata,Premium,17,1554.3,27717.01,47.8,1,8.3,5,1,6,It is a normal experience with occasional issues.,Neutral,0
3994,25,Female,Ahmedabad,Standard,43,973.56,42351.49,20,1,14.5,0,1,6,"Nothing special, but the service is usable.",Neutral,0
3995,42,Other,Delhi,Premium,35,1485.07,45882.65,51.6,0,3.2,7,1,7,Good value for money and quick customer support.,Positive,0
3996,58,Female,Delhi,Standard,57,863.17,49083.58,40.1,0,14,1,1,6,It is a normal experience with occasional issues.,Neutral,0
3997,44,Female,Jaipur,Standard,16,812.61,12180.24,14.9,1,17.2,8,1,4,The service is unreliable and I keep facing problems.,Negative,0
3998,47,Female,Mumbai,Premium,27,1625.33,41793.05,45.7,3,18.1,10,0,6,The service is unreliable and I keep facing problems.,Negative,1
3999,31,Male,Delhi,Basic,5,377.14,1791.46,29.9,3,12.5,9,0,4,Very disappointed with the service and slow support.,Negative,0
4000,29,Other,Delhi,Premium,12,1504.43,15399.35,66.1,1,7.8,0,1,7,"Great experience, the app works smoothly and the team is helpful.",Positive,0
4001,22,Female,Chennai,Standard,11,994.11,10447.26,43.6,2,15.6,2,0,6,Not satisfied. The app is difficult to use and often fails.,Negative,0
4002,32,Female,Jaipur,Standard,19,911.65,16205.58,21,1,10.7,0,1,9,Reliable service and simple to use. I would recommend it.,Positive,0
4003,47,Male,Hyderabad,Premium,13,1478.06,17042.49,50.6,0,8.2,0,0,6,The service is okay but there is room for improvement.,Neutral,0
4004,20,Female,Pune,Basic,24,342.75,7602.16,20.4,2,0.5,4,1,8,"Great experience, the app works smoothly and the team is helpful.",Positive,0
4005,18,Female,Chennai,Standard,26,918.49,22507.07,38.5,2,22.3,5,1,4,Very disappointed with the service and slow support.,Negative,0
4006,41,Other,Pune,Standard,29,990.32,25526.54,37.5,3,20.2,0,0,6,I am unhappy with the price and frequent service problems.,Negative,0
4007,18,Male,Kolkata,Premium,13,1438.95,16108.34,43,1,7.6,7,1,8,Really satisfied with the service and performance.,Positive,0
4008,34,Female,Mumbai,Standard,41,929.99,38460.42,27.3,2,20.3,3,0,6,It is a normal experience with occasional issues.,Neutral,1
4009,40,Other,Kolkata,Basic,17,434.46,6386.81,11.9,1,10.7,0,1,7,Good value for money and quick customer support.,Positive,0
4010,33,Male,Bengaluru,Basic,26,488.48,10845.94,25.8,5,14.7,15,0,5,I may leave because the service quality has become poor.,Negative,1
4011,27,Other,Delhi,Premium,22,1529.05,30485.65,28.4,0,8.1,0,0,5,The service is okay but there is room for improvement.,Neutral,0
4012,37,Male,Delhi,Standard,31,909.72,24858.62,38.8,0,4.8,4,1,8,"Great experience, the app works smoothly and the team is helpful.",Positive,0
4013,42,Other,Pune,Basic,13,506.05,6605.03,16.7,2,10.7,8,0,6,"Service is acceptable for now, but support could be faster.",Neutral,1
4014,32,Other,Pune,Standard,44,778.25,29272.93,35,2,16,1,0,5,Bad experience with billing and customer support.,Negative,1
4015,27,Other,Ahmedabad,Basic,11,524.26,5531.51,11.2,2,17.9,2,1,3,Very disappointed with the service and slow support.,Negative,1
4016,39,Male,Ahmedabad,Basic,28,504.71,12453.48,31.7,5,18.8,10,0,4,Very disappointed with the service and slow support.,Negative,1
4017,24,Other,Kochi,Standard,10,965.99,8777.03,12.2,1,12.8,11,1,6,"Nothing special, but the service is usable.",Neutral,0
4018,29,Male,Mumbai,Premium,12,1522,18391.1,54.4,4,15.5,11,1,5,I may leave because the service quality has become poor.,Negative,0
4019,29,Male,Jaipur,Standard,8,981.38,7413.55,31.5,0,12.3,9,1,6,Support solved my issue quickly. Very good experience.,Positive,1
4020,31,Male,Mumbai,Standard,10,907.94,7814.49,37.9,0,5.8,4,0,6,"Excellent experience, no major issues and easy to use.",Positive,0
4021,48,Male,Bengaluru,Premium,13,1466.83,17225.26,45.6,1,12.6,4,1,6,Average experience. Some things work well and some do not.,Neutral,0
4022,47,Female,Kochi,Basic,17,453.49,6815.14,23.6,4,17.5,3,1,8,"Service is acceptable for now, but support could be faster.",Neutral,0
4023,24,Other,Kochi,Standard,33,815.14,27997.31,29.6,1,13.1,0,0,7,The service is okay but there is room for improvement.,Neutral,0
4024,29,Male,Chennai,Standard,37,927.41,35845.37,30.8,6,27.5,11,0,6,Poor experience. Support did not solve my issue.,Negative,0
4025,27,Male,Pune,Basic,14,459.13,5700.53,7.8,1,12.4,1,1,6,"Nothing special, but the service is usable.",Neutral,0
4026,39,Male,Hyderabad,Standard,25,969.87,23703.44,37.4,2,8.4,3,1,7,Average experience. Some things work well and some do not.,Neutral,0
4027,24,Other,Hyderabad,Standard,25,796.61,20224.71,45.6,2,18.7,6,0,6,It is a normal experience with occasional issues.,Neutral,0
4028,51,Other,Hyderabad,Standard,36,884.3,27487.68,17.9,4,17,4,0,4,Very disappointed with the service and slow support.,Negative,0
4029,40,Male,Hyderabad,Basic,14,580.07,7327.09,10.4,6,24.9,8,1,3,Not satisfied. The app is difficult to use and often fails.,Negative,1
4030,33,Other,Chennai,Standard,17,970.77,14390.52,40.9,2,16.3,5,1,9,I love the service. Everything has been reliable so far.,Positive,0
4031,35,Other,Bengaluru,Standard,10,936.8,9179.4,37.3,5,15.7,10,0,6,I may leave because the service quality has become poor.,Negative,0
4032,35,Male,Delhi,Basic,23,434.43,10296.03,5.4,1,15.6,1,1,8,Really satisfied with the service and performance.,Positive,0
4033,29,Other,Mumbai,Premium,19,1408.73,24940.4,45.9,0,9,4,0,5,Poor experience. Support did not solve my issue.,Negative,0
4034,22,Male,Ahmedabad,Basic,55,442.58,25300.67,3.1,2,17.8,9,0,5,Poor experience. Support did not solve my issue.,Negative,1
4035,34,Male,Pune,Standard,39,867.05,34312.18,51.2,1,14,10,1,7,I am unhappy with the price and frequent service problems.,Negative,1
4036,19,Female,Mumbai,Basic,33,506.95,14903.24,9.6,2,14.5,3,1,5,Bad experience with billing and customer support.,Negative,0
4037,25,Male,Kochi,Standard,11,867.29,8296.18,29.7,2,16.7,5,0,6,It is a normal experience with occasional issues.,Neutral,0
4038,33,Female,Hyderabad,Premium,14,1670.27,21052.04,32.2,0,3.7,0,1,10,Very happy with the service and fast support.,Positive,0
4039,31,Other,Chennai,Standard,3,854.91,2263.47,32.1,4,28.5,7,1,7,The service is unreliable and I keep facing problems.,Negative,0
4040,31,Other,Chennai,Premium,26,1484.19,36977.92,44.6,1,17.3,11,0,8,Support solved my issue quickly. Very good experience.,Positive,0
4041,34,Male,Hyderabad,Basic,60,601.63,31792.53,5.5,1,14.4,7,0,9,I love the service. Everything has been reliable so far.,Positive,0
4042,25,Female,Hyderabad,Standard,10,967.65,8271.48,27.1,1,15.8,0,0,5,Poor experience. Support did not solve my issue.,Negative,0
4043,31,Other,Hyderabad,Premium,38,1503.08,51769.06,55.6,0,0.5,1,1,9,Support solved my issue quickly. Very good experience.,Positive,0
4044,57,Other,Pune,Standard,34,731.55,24747.82,38.7,3,18.5,16,1,7,Bad experience with billing and customer support.,Negative,1
4045,43,Female,Mumbai,Basic,14,405.36,5302.07,23.7,3,16.1,3,1,5,Poor experience. Support did not solve my issue.,Negative,0
4046,29,Male,Mumbai,Premium,11,1557.05,17388.93,61.7,3,17.7,11,0,6,Poor experience. Support did not solve my issue.,Negative,0
4047,32,Male,Chennai,Premium,32,1413.55,42422.51,50.1,1,9.1,1,0,7,"Nothing special, but the service is usable.",Neutral,0
4048,31,Male,Jaipur,Basic,11,469.97,5340.82,28.5,2,18.3,2,0,6,"Service is acceptable for now, but support could be faster.",Neutral,0
4049,44,Other,Jaipur,Basic,38,508.99,19809.23,9.6,2,3.6,9,0,5,Poor experience. Support did not solve my issue.,Negative,0
4050,18,Other,Delhi,Standard,26,925.26,24518.58,36.2,2,14.6,6,1,7,Average experience. Some things work well and some do not.,Neutral,0
4051,39,Other,Delhi,Basic,30,530.61,15738.24,20,2,14,3,0,5,Bad experience with billing and customer support.,Negative,0
4052,24,Male,Ahmedabad,Premium,9,1335.1,12505.29,65,0,20.8,11,0,7,The service is okay but there is room for improvement.,Neutral,0
4053,26,Other,Hyderabad,Standard,19,921.19,17883.96,23.6,0,10.2,0,1,7,Support solved my issue quickly. Very good experience.,Positive,0
4054,34,Other,Ahmedabad,Basic,17,421.2,7172.76,19.6,5,27,8,0,6,Very disappointed with the service and slow support.,Negative,1
4055,28,Female,Delhi,Basic,24,535.62,12275.99,27.4,0,10.6,2,1,8,"Great experience, the app works smoothly and the team is helpful.",Positive,0
4056,43,Other,Kochi,Basic,26,590.88,13838.34,22,1,21.5,0,0,4,The service is unreliable and I keep facing problems.,Negative,0
4057,28,Male,Kolkata,Basic,10,505.42,4825.97,9,4,19.2,11,0,5,Too many issues and the response from support is slow.,Negative,1
4058,50,Other,Kolkata,Basic,28,593.05,16491.78,17.2,1,10.1,7,1,10,Really satisfied with the service and performance.,Positive,0
4059,38,Female,Hyderabad,Basic,14,428.44,5925.41,15.4,3,19.1,4,1,5,I may leave because the service quality has become poor.,Negative,0
4060,39,Male,Delhi,Basic,16,526.32,8157.84,42.3,2,22.5,7,0,7,Average experience. Some things work well and some do not.,Neutral,0
4061,27,Other,Hyderabad,Standard,15,799.32,11077.23,21.2,4,15,3,1,4,Too many issues and the response from support is slow.,Negative,0
4062,33,Male,Hyderabad,Standard,19,890.32,14693.15,31.3,1,5.1,3,1,7,Really satisfied with the service and performance.,Positive,0
4063,44,Female,Pune,Basic,14,299,3952.37,18,3,24.6,3,0,7,The service is fine and meets most of my needs.,Neutral,1
4064,36,Other,Kolkata,Standard,21,1084.28,22301.78,42.9,2,24.3,0,0,7,The service is fine and meets most of my needs.,Neutral,0
4065,48,Female,Ahmedabad,Standard,25,872,19065.97,25.5,2,12.6,9,1,7,Poor experience. Support did not solve my issue.,Negative,0
4066,41,Male,Ahmedabad,Premium,30,1343.57,38392.63,42.5,1,14.9,4,0,5,Very disappointed with the service and slow support.,Negative,1
4067,30,Female,Chennai,Standard,25,885.47,19709.53,34.5,2,8.4,1,0,2,Very disappointed with the service and slow support.,Negative,1
4068,41,Male,Jaipur,Premium,25,1413.82,30842,45.3,0,14.2,4,1,9,"Great experience, the app works smoothly and the team is helpful.",Positive,0
4069,25,Male,Hyderabad,Basic,21,539.61,10326.34,11.9,4,19.4,8,0,5,I am unhappy with the price and frequent service problems.,Negative,0
4070,22,Other,Mumbai,Standard,20,833.41,15888.98,36.4,2,17.3,4,1,8,Support solved my issue quickly. Very good experience.,Positive,0
4071,46,Female,Kochi,Standard,24,894.3,21425.33,21.9,2,19,2,1,8,Support solved my issue quickly. Very good experience.,Positive,0
4072,31,Male,Jaipur,Premium,12,1475.53,16732.78,38.4,0,6.5,0,1,6,Good value for money and quick customer support.,Positive,0
4073,34,Male,Chennai,Standard,22,882.27,20175.23,54.9,0,12,1,1,5,Average experience. Some things work well and some do not.,Neutral,0
4074,47,Male,Jaipur,Premium,6,1478.88,8133.85,29.7,1,13.7,1,0,5,Poor experience. Support did not solve my issue.,Negative,0
4075,46,Female,Kolkata,Standard,24,988.64,23145.91,36.5,4,16.1,1,0,5,I may leave because the service quality has become poor.,Negative,1
4076,29,Female,Jaipur,Premium,25,1370.31,30406.44,62.8,1,9.8,7,1,6,"Nothing special, but the service is usable.",Neutral,0
4077,39,Other,Kolkata,Standard,31,889.47,28180.17,38.5,1,11,1,0,6,"Nothing special, but the service is usable.",Neutral,0
4078,18,Other,Jaipur,Premium,17,1523.9,23426.25,33.5,1,18.7,0,1,6,Average experience. Some things work well and some do not.,Neutral,0
4079,44,Male,Jaipur,Basic,19,457.62,8038.26,22.7,2,14.7,14,1,10,Really satisfied with the service and performance.,Positive,0
4080,37,Female,Mumbai,Basic,11,423.12,4018.09,17.6,1,12.5,6,1,10,I love the service. Everything has been reliable so far.,Positive,0
4081,33,Male,Hyderabad,Basic,18,478.94,7407.63,33.4,3,21.7,6,0,6,The service is unreliable and I keep facing problems.,Negative,0
4082,23,Other,Hyderabad,Standard,28,978.49,23439.4,50.9,1,0.9,5,0,8,Really satisfied with the service and performance.,Positive,0
4083,35,Female,Kolkata,Basic,12,506.9,6250.82,22.5,3,11.8,6,1,7,The service is fine and meets most of my needs.,Neutral,0
4084,46,Other,Ahmedabad,Standard,17,886.59,14230.95,21.5,0,8.9,1,1,5,It is a normal experience with occasional issues.,Neutral,0
4085,24,Male,Bengaluru,Basic,19,551.18,8933.25,14.2,3,15.6,7,1,7,I may leave because the service quality has become poor.,Negative,1
4086,27,Female,Pune,Basic,18,442.91,7151.76,29.7,5,23.1,10,1,8,I may leave because the service quality has become poor.,Negative,0
4087,28,Female,Pune,Standard,67,1006.67,60399.05,35,4,16.7,7,1,6,Too many issues and the response from support is slow.,Negative,0
4088,38,Male,Kolkata,Premium,17,1600.56,23341.26,47.2,1,13.2,4,1,4,Not satisfied. The app is difficult to use and often fails.,Negative,1
4089,29,Female,Bengaluru,Basic,16,560.64,9295.26,29.2,2,3.5,3,1,7,Very happy with the service and fast support.,Positive,0
4090,23,Male,Kolkata,Basic,5,463.13,2326.89,18.9,1,6,2,1,8,Good value for money and quick customer support.,Positive,0
4091,23,Female,Mumbai,Basic,11,503.45,4821.49,21.3,1,19.7,3,1,7,"Service is acceptable for now, but support could be faster.",Neutral,0
4092,36,Other,Kolkata,Standard,18,818.37,13174.73,31.9,1,11.1,4,1,6,It is a normal experience with occasional issues.,Neutral,0
4093,36,Male,Hyderabad,Premium,48,1476.03,71310.42,38.2,1,5.5,4,1,8,I love the service. Everything has been reliable so far.,Positive,0
4094,31,Other,Kolkata,Basic,13,489.56,5659.38,12.3,3,28.1,14,0,5,Very disappointed with the service and slow support.,Negative,1
4095,34,Other,Delhi,Standard,38,719.84,23844.25,35.8,0,9.6,0,0,8,I love the service. Everything has been reliable so far.,Positive,0
4096,36,Female,Delhi,Basic,12,426.57,4593.67,22,4,18.4,12,0,5,I may leave because the service quality has become poor.,Negative,1
4097,50,Female,Mumbai,Standard,7,849.31,5187.6,26.1,2,13,0,0,7,The service is okay but there is room for improvement.,Neutral,0
4098,26,Female,Jaipur,Basic,5,573.18,2846.96,14.7,3,18.3,3,1,9,Support solved my issue quickly. Very good experience.,Positive,0
4099,21,Female,Pune,Standard,29,1019.5,28757.27,26.4,1,9.3,1,1,7,Good value for money and quick customer support.,Positive,0
4100,30,Female,Delhi,Standard,17,935.97,15749.89,30.6,3,16.5,8,1,6,I am unhappy with the price and frequent service problems.,Negative,1
4101,45,Female,Pune,Standard,13,908.51,10128.77,30.2,1,15.5,0,1,6,The service is fine and meets most of my needs.,Neutral,0
4102,26,Male,Kolkata,Standard,20,963.99,18378.07,30.3,1,13.5,5,0,8,Good value for money and quick customer support.,Positive,0
4103,36,Other,Pune,Basic,5,379.87,1787.41,19.7,5,19.4,8,1,6,Too many issues and the response from support is slow.,Negative,0
4104,24,Male,Jaipur,Premium,10,1503.17,12894.82,52.2,2,10.4,7,1,6,"Service is acceptable for now, but support could be faster.",Neutral,0
4105,28,Male,Kochi,Standard,9,912.52,8006.8,22.9,1,3.6,6,0,4,Poor experience. Support did not solve my issue.,Negative,0
4106,38,Male,Bengaluru,Standard,31,892,27928.75,44.4,3,18,8,1,6,Poor experience. Support did not solve my issue.,Negative,0
4107,22,Other,Ahmedabad,Standard,9,818.97,6770.32,33.4,2,12.9,0,0,6,The service is fine and meets most of my needs.,Neutral,0
4108,27,Other,Kochi,Standard,21,738.39,15887.25,31,1,7.2,0,1,7,"Great experience, the app works smoothly and the team is helpful.",Positive,0
4109,32,Male,Chennai,Basic,21,580.89,11663.45,19.2,2,23.6,8,0,6,I may leave because the service quality has become poor.,Negative,0
4110,38,Male,Bengaluru,Standard,26,878.95,20056.68,40,2,9.8,3,0,4,I may leave because the service quality has become poor.,Negative,1
4111,26,Male,Ahmedabad,Basic,23,458.14,9651.14,32.1,1,9.6,6,1,7,Average experience. Some things work well and some do not.,Neutral,0
4112,37,Female,Kolkata,Standard,25,878.35,19728.57,41.8,2,21.4,12,1,6,The service is fine and meets most of my needs.,Neutral,0
4113,39,Male,Chennai,Basic,48,461.82,21991.65,16.1,2,27.1,9,0,6,Very disappointed with the service and slow support.,Negative,0
4114,34,Female,Pune,Standard,29,908.86,25599.61,46.9,2,21.1,0,1,7,It is a normal experience with occasional issues.,Neutral,0
4115,36,Male,Chennai,Standard,30,871,25547.46,37.6,2,9.2,7,0,4,Very disappointed with the service and slow support.,Negative,1
4116,22,Male,Chennai,Premium,10,1424.98,14819.7,55.7,0,11.5,4,1,7,The service is okay but there is room for improvement.,Neutral,0
4117,48,Male,Hyderabad,Basic,35,479.73,14972.76,15.4,3,8,1,1,6,Not satisfied. The app is difficult to use and often fails.,Negative,0
4118,42,Female,Delhi,Standard,28,877.68,21673.26,27.8,0,5.7,0,1,9,Good value for money and quick customer support.,Positive,0
4119,33,Female,Jaipur,Basic,14,616.65,7414.54,1,3,22.2,0,1,8,The service is okay but there is room for improvement.,Neutral,0
4120,43,Other,Kolkata,Premium,4,1355.73,4714.59,46.5,1,21.2,0,0,6,The service is fine and meets most of my needs.,Neutral,0
4121,48,Other,Mumbai,Premium,13,1567.02,18385.76,52.6,0,13.9,5,1,6,Not satisfied. The app is difficult to use and often fails.,Negative,0
4122,41,Other,Pune,Basic,14,531.92,7540.8,5.4,2,7.4,4,1,7,It is a normal experience with occasional issues.,Neutral,0
4123,25,Female,Mumbai,Basic,26,513.66,11615.21,24.2,2,18.5,3,0,5,Not satisfied. The app is difficult to use and often fails.,Negative,0
4124,36,Male,Mumbai,Basic,15,363.33,5141.6,1,4,35,10,0,6,I am unhappy with the price and frequent service problems.,Negative,1
4125,32,Female,Chennai,Premium,9,1473.85,12810.78,22.1,3,9.5,8,0,8,The service is okay but there is room for improvement.,Neutral,0
4126,39,Male,Mumbai,Basic,32,511.09,15535.34,21.5,1,8.6,0,1,8,I love the service. Everything has been reliable so far.,Positive,0
4127,30,Female,Kolkata,Basic,12,501.75,6316.07,31.4,1,20.2,4,0,5,Very disappointed with the service and slow support.,Negative,0
4128,24,Female,Mumbai,Standard,5,1014.38,4503.09,31.6,2,15.5,7,1,6,The service is fine and meets most of my needs.,Neutral,0
4129,36,Other,Kolkata,Standard,11,1025.54,10778.19,22.8,1,18.1,5,0,6,Very disappointed with the service and slow support.,Negative,0
4130,50,Other,Delhi,Standard,18,901.87,14747.58,34.1,1,8.9,1,0,7,"Excellent experience, no major issues and easy to use.",Positive,0
4131,27,Female,Jaipur,Premium,19,1473.24,26734.74,43.5,2,17.6,0,0,5,The service is unreliable and I keep facing problems.,Negative,0
4132,37,Other,Ahmedabad,Standard,21,850.5,17635.8,35.4,2,16,1,1,8,"Great experience, the app works smoothly and the team is helpful.",Positive,0
4133,27,Female,Pune,Basic,31,448.52,13040.9,33.1,2,11,3,0,5,Too many issues and the response from support is slow.,Negative,0
4134,34,Male,Delhi,Basic,11,609.07,6414.28,17.6,2,11.9,11,0,6,Not satisfied. The app is difficult to use and often fails.,Negative,0
4135,42,Male,Chennai,Basic,43,530.84,19443.38,16.9,0,9.6,0,1,8,Support solved my issue quickly. Very good experience.,Positive,0
4136,25,Female,Delhi,Basic,12,527.43,5551.69,27.3,1,11.5,6,1,8,I love the service. Everything has been reliable so far.,Positive,0
4137,40,Male,Mumbai,Basic,14,566.4,8264.87,10,1,10.8,6,0,6,The service is fine and meets most of my needs.,Neutral,0
4138,31,Male,Bengaluru,Basic,11,394.73,4300.05,29.7,2,18.3,1,0,6,Not satisfied. The app is difficult to use and often fails.,Negative,0
4139,18,Female,Jaipur,Premium,11,1403.21,15555.48,48.6,1,20,2,0,5,Average experience. Some things work well and some do not.,Neutral,0
4140,41,Male,Mumbai,Basic,15,595.66,8322.63,8.1,3,8.7,2,0,5,Too many issues and the response from support is slow.,Negative,1
4141,26,Female,Ahmedabad,Standard,18,890.99,14718.49,27.3,4,5.4,6,0,4,Bad experience with billing and customer support.,Negative,0
4142,21,Female,Delhi,Premium,21,1645.84,31728.64,47.6,3,15.2,10,0,5,I may leave because the service quality has become poor.,Negative,1
4143,45,Female,Chennai,Standard,37,959.42,31741.58,15.3,0,5.3,4,1,7,Really satisfied with the service and performance.,Positive,0
4144,22,Male,Bengaluru,Basic,21,416.42,7761.22,16.4,1,11.7,5,1,6,Average experience. Some things work well and some do not.,Neutral,0
4145,43,Male,Hyderabad,Premium,8,1480.77,11386.88,32.2,2,16.7,11,0,4,I am unhappy with the price and frequent service problems.,Negative,1
4146,44,Other,Jaipur,Standard,36,817.49,28010.02,39.1,2,12.2,5,1,6,It is a normal experience with occasional issues.,Neutral,0
4147,31,Male,Mumbai,Basic,32,436.74,14499.73,38.8,3,17.3,10,1,8,I love the service. Everything has been reliable so far.,Positive,0
4148,32,Male,Chennai,Standard,26,928.14,23131.33,28.5,2,19.7,1,1,8,The service is okay but there is room for improvement.,Neutral,0
4149,33,Other,Bengaluru,Basic,20,437.03,8208.12,18.9,6,22.9,15,0,4,Poor experience. Support did not solve my issue.,Negative,1
4150,37,Other,Chennai,Basic,22,507.67,11438.17,15.5,3,22,0,1,5,Very disappointed with the service and slow support.,Negative,1
4151,28,Female,Kolkata,Premium,10,1407.41,12553.83,48.8,2,18.4,11,1,8,"Nothing special, but the service is usable.",Neutral,0
4152,34,Other,Ahmedabad,Standard,14,898.88,12971.41,42.4,4,17.3,13,0,7,I may leave because the service quality has become poor.,Negative,1
4153,41,Other,Ahmedabad,Basic,15,461.53,6001.39,21,2,10.4,9,1,4,Bad experience with billing and customer support.,Negative,0
4154,29,Male,Jaipur,Standard,16,841.45,11742.89,34.5,0,5.2,0,0,6,"Excellent experience, no major issues and easy to use.",Positive,0
4155,36,Male,Kolkata,Standard,20,904.2,18919.44,25.4,2,9.9,7,0,3,I may leave because the service quality has become poor.,Negative,1
4156,31,Male,Ahmedabad,Standard,12,972.99,10441.75,46.7,1,19,8,1,9,"Great experience, the app works smoothly and the team is helpful.",Positive,0
4157,48,Male,Chennai,Basic,2,512.02,945.69,17.5,5,19.9,12,0,5,Not satisfied. The app is difficult to use and often fails.,Negative,1
4158,32,Female,Kolkata,Standard,20,985.47,18093.92,29.3,1,3.7,2,1,8,"Excellent experience, no major issues and easy to use.",Positive,0
4159,31,Other,Chennai,Premium,15,1386.85,20914.63,60.2,3,16.8,7,1,8,Good value for money and quick customer support.,Positive,0
4160,28,Other,Mumbai,Standard,15,951.1,14621.14,35.3,2,14.7,5,0,4,Poor experience. Support did not solve my issue.,Negative,0
4161,31,Male,Chennai,Basic,32,509.33,15199.83,14.1,1,19.8,0,0,5,The service is okay but there is room for improvement.,Neutral,0
4162,31,Other,Ahmedabad,Premium,24,1508.91,32009.59,52.3,5,16.4,6,0,4,I am unhappy with the price and frequent service problems.,Negative,1
4163,45,Other,Delhi,Premium,15,1515.93,19652.15,52,0,15.1,5,1,9,Very happy with the service and fast support.,Positive,0
4164,46,Other,Hyderabad,Standard,17,919.46,15108.91,17.7,1,8,6,0,6,It is a normal experience with occasional issues.,Neutral,0
4165,32,Female,Bengaluru,Standard,58,967.75,47999.12,24.5,0,12.3,0,0,4,Poor experience. Support did not solve my issue.,Negative,0
4166,30,Female,Hyderabad,Standard,18,1017.69,15915.38,34.6,1,2.9,2,1,8,Really satisfied with the service and performance.,Positive,0
4167,50,Male,Jaipur,Basic,23,642.59,13112.43,22.2,2,12.8,6,0,8,It is a normal experience with occasional issues.,Neutral,0
4168,23,Male,Chennai,Basic,38,563.6,21810.24,10.6,0,2,0,1,8,Support solved my issue quickly. Very good experience.,Positive,0
4169,31,Other,Pune,Basic,39,554.65,21854.92,22,2,11.3,7,1,6,Poor experience. Support did not solve my issue.,Negative,0
4170,39,Male,Bengaluru,Standard,6,899.77,4673.63,49.8,0,15.6,0,1,8,I love the service. Everything has been reliable so far.,Positive,0
4171,27,Male,Hyderabad,Standard,14,868.02,10524.02,23.5,1,14.2,3,1,8,Really satisfied with the service and performance.,Positive,0
4172,45,Other,Pune,Standard,9,928.4,8631.7,13.7,0,12.9,4,1,4,I am unhappy with the price and frequent service problems.,Negative,0
4173,41,Male,Bengaluru,Standard,12,889,10795.04,35,1,4.4,4,0,7,Average experience. Some things work well and some do not.,Neutral,0
4174,46,Female,Pune,Basic,9,585.7,4732.01,23.5,2,5.4,0,0,3,Too many issues and the response from support is slow.,Negative,1
4175,37,Other,Kochi,Standard,11,966.9,11142.2,56.8,3,10.2,5,1,7,Very happy with the service and fast support.,Positive,0
4176,38,Female,Ahmedabad,Basic,12,526.28,5882.05,25.8,2,11.8,5,0,6,Very disappointed with the service and slow support.,Negative,0
4177,33,Female,Jaipur,Standard,72,920.63,58543.17,39.3,4,21.7,15,1,6,The service is unreliable and I keep facing problems.,Negative,1
4178,20,Other,Delhi,Basic,22,605.44,13298.05,21.1,2,12.2,3,1,7,It is a normal experience with occasional issues.,Neutral,0
4179,46,Female,Jaipur,Standard,25,884.31,19226.99,36.5,2,15.1,1,0,6,Bad experience with billing and customer support.,Negative,1
4180,34,Female,Mumbai,Basic,33,453.85,14807.93,2.8,1,11,1,1,9,Support solved my issue quickly. Very good experience.,Positive,0
4181,41,Male,Pune,Basic,31,466.56,14742.95,10.4,3,21.9,7,1,6,I may leave because the service quality has become poor.,Negative,0
4182,40,Female,Chennai,Basic,16,459.3,6328.05,19.3,4,14.5,9,1,3,Poor experience. Support did not solve my issue.,Negative,0
4183,18,Male,Kolkata,Basic,19,494.21,8030.88,27.4,1,8.1,1,1,9,Really satisfied with the service and performance.,Positive,0
4184,35,Other,Hyderabad,Basic,11,403.9,4542.48,20.3,2,10,11,0,4,Very disappointed with the service and slow support.,Negative,0
4185,25,Other,Delhi,Standard,24,876.34,20645.61,30.7,1,5.8,4,0,6,Average experience. Some things work well and some do not.,Neutral,0
4186,25,Other,Pune,Basic,9,672.74,6081.97,12.5,2,15.7,8,1,5,Bad experience with billing and customer support.,Negative,0
4187,21,Male,Bengaluru,Basic,31,412.51,11128.63,34.9,1,8,0,1,6,"Service is acceptable for now, but support could be faster.",Neutral,0
4188,35,Other,Jaipur,Standard,55,864.53,45975.93,24.7,1,10.8,6,1,4,I am unhappy with the price and frequent service problems.,Negative,0
4189,19,Female,Chennai,Standard,38,854.34,32728.46,27.8,4,22.4,3,0,6,Too many issues and the response from support is slow.,Negative,0
4190,39,Other,Chennai,Basic,9,508.39,4480.11,39.3,4,2.8,4,1,5,The service is unreliable and I keep facing problems.,Negative,1
4191,33,Female,Pune,Standard,11,1045.2,10127.05,47.2,2,12.7,11,0,8,"Nothing special, but the service is usable.",Neutral,0
4192,45,Other,Kochi,Basic,8,622.7,4316.82,1,1,15.1,2,0,8,Good value for money and quick customer support.,Positive,0
4193,41,Other,Hyderabad,Basic,8,411.22,2931.8,1,0,8.4,3,0,7,The service is okay but there is room for improvement.,Neutral,0
4194,27,Female,Jaipur,Standard,6,883.9,4764.28,40.6,2,23.3,9,0,5,Poor experience. Support did not solve my issue.,Negative,0
4195,29,Male,Hyderabad,Basic,19,514.39,9587.86,22.6,5,27.3,6,0,7,The service is unreliable and I keep facing problems.,Negative,1
4196,38,Male,Hyderabad,Standard,23,907.65,21382.52,44.4,0,7.8,0,1,7,"Great experience, the app works smoothly and the team is helpful.",Positive,0
4197,36,Other,Delhi,Standard,20,884.53,18329.67,33.1,0,2.1,0,1,6,Support solved my issue quickly. Very good experience.,Positive,0
4198,18,Other,Ahmedabad,Premium,7,1562.82,9402.89,32.1,1,11.5,7,1,7,The service is okay but there is room for improvement.,Neutral,0
4199,24,Male,Jaipur,Basic,21,533.32,10741.04,28.2,2,13.2,8,1,9,"Excellent experience, no major issues and easy to use.",Positive,0
4200,34,Other,Kochi,Basic,20,507.98,9444.41,10.4,5,28.6,14,1,5,Too many issues and the response from support is slow.,Negative,1
4201,30,Male,Bengaluru,Basic,14,431.8,6012.08,16.3,1,17.6,2,1,9,I love the service. Everything has been reliable so far.,Positive,0
4202,40,Other,Kochi,Premium,39,1524.18,60720.95,32.9,2,18.2,2,1,7,It is a normal experience with occasional issues.,Neutral,0
4203,31,Other,Kochi,Standard,9,971.02,8966.78,12.8,1,19.1,2,1,7,Really satisfied with the service and performance.,Positive,0
4204,37,Other,Kolkata,Standard,18,791.74,14484.72,16.3,1,1.9,3,1,8,Support solved my issue quickly. Very good experience.,Positive,0
4205,34,Other,Pune,Standard,9,921.98,7590.09,22.5,1,12.4,10,0,5,Bad experience with billing and customer support.,Negative,0
4206,18,Other,Chennai,Basic,41,299,10934.01,20.4,3,15.9,8,0,4,The service is unreliable and I keep facing problems.,Negative,0
4207,43,Other,Chennai,Standard,29,810.35,21396.35,27,2,18.5,3,1,8,I love the service. Everything has been reliable so far.,Positive,0
4208,26,Male,Hyderabad,Basic,20,469.64,8855.53,24.7,4,23.2,7,0,7,"Service is acceptable for now, but support could be faster.",Neutral,0
4209,19,Other,Hyderabad,Basic,21,415.46,8571.02,20.4,3,23.4,6,0,5,Too many issues and the response from support is slow.,Negative,1
4210,35,Other,Mumbai,Standard,8,904.41,6452.83,36.1,3,17.7,10,0,6,"Service is acceptable for now, but support could be faster.",Neutral,0
4211,23,Other,Ahmedabad,Premium,13,1520.68,19676.54,45.6,0,13.5,5,0,4,The service is unreliable and I keep facing problems.,Negative,0
4212,47,Female,Jaipur,Standard,24,966.61,22048.76,25.5,2,9.5,4,1,9,"Excellent experience, no major issues and easy to use.",Positive,0
4213,27,Other,Kochi,Basic,28,425.15,11620.49,23.1,3,12.7,12,0,7,I am unhappy with the price and frequent service problems.,Negative,0
4214,39,Male,Kochi,Basic,25,612.62,15006.25,20.4,1,4.6,6,0,8,Support solved my issue quickly. Very good experience.,Positive,0
4215,39,Female,Kolkata,Basic,9,330.55,2877.33,11.1,2,17.4,3,0,6,Very disappointed with the service and slow support.,Negative,0
4216,18,Male,Bengaluru,Basic,29,486.82,13502.49,13.8,1,10.1,0,0,6,I love the service. Everything has been reliable so far.,Positive,0
4217,42,Other,Delhi,Basic,24,574.22,12778.24,12.4,1,20.9,6,1,6,Average experience. Some things work well and some do not.,Neutral,0
4218,32,Male,Bengaluru,Basic,31,518.53,14433.55,11.3,1,9.9,5,0,5,Not satisfied. The app is difficult to use and often fails.,Negative,1
4219,45,Male,Pune,Basic,8,393.38,2770.23,21.5,2,10.1,5,0,6,The service is fine and meets most of my needs.,Neutral,0
4220,44,Other,Bengaluru,Premium,9,1525.02,12629.58,55.1,2,15.2,0,0,7,It is a normal experience with occasional issues.,Neutral,0
4221,48,Other,Chennai,Standard,12,993.14,11246.65,22.8,0,8.7,6,0,7,The service is okay but there is room for improvement.,Neutral,0
4222,22,Female,Kolkata,Standard,13,926.75,11828.08,41.2,1,2.8,7,1,5,Poor experience. Support did not solve my issue.,Negative,0
4223,46,Female,Kolkata,Premium,46,1367.29,60366.15,50.9,1,10.6,0,0,3,Poor experience. Support did not solve my issue.,Negative,1
4224,36,Other,Mumbai,Premium,54,1276.14,63194.8,42.3,0,10,4,1,5,"Nothing special, but the service is usable.",Neutral,0
4225,31,Male,Mumbai,Premium,3,1498.4,4654.91,42.4,1,13,3,1,8,"Great experience, the app works smoothly and the team is helpful.",Positive,0
4226,31,Other,Delhi,Standard,13,957.1,11995.09,39.3,2,7.6,0,1,7,Average experience. Some things work well and some do not.,Neutral,0
4227,46,Female,Ahmedabad,Basic,11,469.32,4615.51,16.1,3,17,8,1,5,Too many issues and the response from support is slow.,Negative,0
4228,36,Male,Bengaluru,Premium,19,1511.3,25926.8,43.5,3,20.2,7,0,5,Poor experience. Support did not solve my issue.,Negative,0
4229,44,Other,Kochi,Standard,15,916.59,13331.95,35.6,1,11.5,0,0,6,Average experience. Some things work well and some do not.,Neutral,0
4230,41,Other,Jaipur,Basic,9,652.01,5381.68,11.1,6,17.3,13,0,4,Not satisfied. The app is difficult to use and often fails.,Negative,1
4231,34,Male,Ahmedabad,Standard,16,873.39,13645.13,20.9,3,17.5,0,0,4,I may leave because the service quality has become poor.,Negative,1
4232,42,Female,Bengaluru,Standard,6,975.67,5185.44,26.1,3,6.6,12,1,5,I may leave because the service quality has become poor.,Negative,0
4233,37,Female,Hyderabad,Standard,13,915.34,10529.68,12.1,1,9.2,4,1,7,Really satisfied with the service and performance.,Positive,0
4234,35,Other,Chennai,Basic,6,545.77,3131.17,14.3,2,10.5,0,0,5,Too many issues and the response from support is slow.,Negative,1
4235,34,Male,Hyderabad,Standard,10,973.52,9470.14,19.2,1,5.2,0,1,8,Reliable service and simple to use. I would recommend it.,Positive,0
4236,35,Female,Hyderabad,Standard,28,761.85,20783.53,31.4,2,12.4,9,0,5,Not satisfied. The app is difficult to use and often fails.,Negative,0
4237,47,Other,Kolkata,Standard,15,822.24,12266.17,50.1,1,9.3,0,0,7,"Excellent experience, no major issues and easy to use.",Positive,0
4238,36,Female,Ahmedabad,Basic,46,470.83,21141.93,23.7,1,15.3,0,0,5,Poor experience. Support did not solve my issue.,Negative,0
4239,39,Other,Kolkata,Standard,44,973.66,41324.78,26.5,1,2.6,2,1,8,Support solved my issue quickly. Very good experience.,Positive,0
4240,21,Male,Jaipur,Premium,39,1401.48,55288.24,55.2,1,11.2,6,0,4,Poor experience. Support did not solve my issue.,Negative,0
4241,43,Female,Ahmedabad,Basic,10,537.81,5582.45,19.7,2,10.5,5,0,4,Not satisfied. The app is difficult to use and often fails.,Negative,1
4242,27,Female,Mumbai,Standard,22,907.97,19265.24,46.1,4,20.9,6,1,7,Very disappointed with the service and slow support.,Negative,0
4243,49,Female,Pune,Premium,19,1474.18,25727.41,59.4,1,8.8,7,0,8,Reliable service and simple to use. I would recommend it.,Positive,0
4244,35,Female,Ahmedabad,Basic,16,480.96,7924.2,38.9,3,9.2,11,1,4,Bad experience with billing and customer support.,Negative,1
4245,27,Other,Pune,Basic,41,596.22,22759.63,12.4,3,5.8,4,1,8,Support solved my issue quickly. Very good experience.,Positive,0
4246,24,Female,Bengaluru,Standard,7,1051.14,6478.52,24,2,11.3,4,1,8,"Service is acceptable for now, but support could be faster.",Neutral,0
4247,18,Other,Ahmedabad,Basic,13,421.63,5380.34,28.4,3,20.3,8,1,6,Too many issues and the response from support is slow.,Negative,0
4248,30,Female,Pune,Basic,21,462.81,9513.84,18,2,19.3,0,0,2,Too many issues and the response from support is slow.,Negative,0
4249,29,Male,Kolkata,Standard,14,903.9,11663.9,20.5,1,14.4,8,1,7,Reliable service and simple to use. I would recommend it.,Positive,0
4250,45,Other,Delhi,Basic,17,448.36,7952.16,17.8,4,19.1,5,0,3,Bad experience with billing and customer support.,Negative,1
4251,46,Female,Jaipur,Standard,42,804.17,32718.23,25.9,1,9.3,0,1,7,"Service is acceptable for now, but support could be faster.",Neutral,0
4252,21,Female,Bengaluru,Standard,22,817.23,18171.22,47.6,0,9,0,0,7,Support solved my issue quickly. Very good experience.,Positive,0
4253,34,Male,Delhi,Premium,26,1376.02,37029.98,55,0,6.5,0,0,9,Very happy with the service and fast support.,Positive,0
4254,47,Male,Kolkata,Basic,22,504.25,11535.11,26,2,14.5,3,1,7,The service is okay but there is room for improvement.,Neutral,0
4255,29,Female,Kolkata,Basic,21,533.53,11562.29,13.8,2,16.7,4,0,5,Very disappointed with the service and slow support.,Negative,0
4256,36,Other,Chennai,Basic,35,500.74,15673.18,42,3,30.2,2,1,4,Not satisfied. The app is difficult to use and often fails.,Negative,0
4257,30,Other,Hyderabad,Standard,46,902.32,39769.49,45.9,1,14.8,0,0,4,I am unhappy with the price and frequent service problems.,Negative,0
4258,31,Other,Bengaluru,Basic,20,469.68,9352.87,17.8,2,14.8,7,1,5,I am unhappy with the price and frequent service problems.,Negative,0
4259,39,Other,Jaipur,Standard,22,923.61,17815.49,42.8,3,16.9,8,1,5,The service is unreliable and I keep facing problems.,Negative,1
4260,26,Other,Delhi,Standard,19,897.62,16901.12,38.6,4,17.5,7,0,4,Very disappointed with the service and slow support.,Negative,1
4261,37,Male,Ahmedabad,Standard,9,965.06,8510.8,52.3,2,12.1,16,0,4,Very disappointed with the service and slow support.,Negative,1
4262,46,Male,Mumbai,Basic,33,403.61,13968.52,38.5,2,11.3,9,1,7,"Nothing special, but the service is usable.",Neutral,0
4263,46,Female,Kolkata,Basic,19,506.28,9006.26,33.1,2,14.4,9,1,7,"Nothing special, but the service is usable.",Neutral,0
4264,49,Male,Bengaluru,Premium,50,1432.39,62519.74,50.1,2,20.7,3,1,7,Bad experience with billing and customer support.,Negative,0
4265,42,Female,Hyderabad,Standard,25,923.71,22501.16,43.3,2,7.1,4,0,6,I may leave because the service quality has become poor.,Negative,0
4266,31,Other,Pune,Standard,17,884.95,15764.06,19.2,1,14.7,7,0,8,Reliable service and simple to use. I would recommend it.,Positive,0
4267,18,Other,Bengaluru,Standard,47,853.95,34147.67,15.3,3,14.2,0,1,8,Average experience. Some things work well and some do not.,Neutral,0
4268,35,Female,Bengaluru,Basic,17,592.11,9199.12,19.8,3,19.2,8,0,6,Bad experience with billing and customer support.,Negative,1
4269,26,Female,Hyderabad,Basic,18,443.16,6999.75,1,0,5.2,6,1,7,"Excellent experience, no major issues and easy to use.",Positive,0
4270,27,Female,Pune,Basic,7,493.02,3127.41,21.4,6,20.4,7,0,6,Bad experience with billing and customer support.,Negative,1
4271,37,Female,Pune,Standard,9,660.42,5297.81,53.5,3,14,5,1,6,Bad experience with billing and customer support.,Negative,0
4272,34,Female,Chennai,Basic,13,626.82,7613.45,6.9,4,5,13,0,4,Bad experience with billing and customer support.,Negative,0
4273,20,Male,Chennai,Basic,44,514.89,21516.49,3.1,2,14.6,3,1,6,The service is fine and meets most of my needs.,Neutral,0
4274,18,Other,Kolkata,Premium,4,1511.93,5228.68,33.5,1,12.8,7,0,8,Really satisfied with the service and performance.,Positive,0
4275,39,Female,Chennai,Basic,21,374.54,8167.96,2.6,4,22.2,9,0,4,The service is unreliable and I keep facing problems.,Negative,1
4276,27,Other,Bengaluru,Basic,5,394.19,1765.93,18.3,2,7.7,0,0,4,Too many issues and the response from support is slow.,Negative,0
4277,21,Female,Bengaluru,Basic,7,410.32,2460.59,12.4,1,20.7,9,1,7,It is a normal experience with occasional issues.,Neutral,0
4278,21,Female,Pune,Standard,9,854.08,6789.8,24.4,3,18.9,3,1,4,Not satisfied. The app is difficult to use and often fails.,Negative,0
4279,24,Other,Mumbai,Standard,11,909.6,9375.24,47.1,0,14.3,3,1,7,Average experience. Some things work well and some do not.,Neutral,0
4280,45,Male,Mumbai,Standard,30,883.61,26207.02,54.8,2,26.1,5,1,6,Very disappointed with the service and slow support.,Negative,0
4281,23,Female,Hyderabad,Premium,26,1439.17,33456.9,50.5,3,18.1,3,1,5,Not satisfied. The app is difficult to use and often fails.,Negative,1
4282,33,Other,Delhi,Basic,25,398.67,10152.79,9.3,1,4.5,7,0,8,Very happy with the service and fast support.,Positive,0
4283,35,Male,Mumbai,Standard,28,910.64,23958.22,31.2,0,10.7,3,0,7,"Great experience, the app works smoothly and the team is helpful.",Positive,0
4284,27,Male,Ahmedabad,Basic,9,299,2394.94,33.2,2,19.1,4,0,5,I may leave because the service quality has become poor.,Negative,0
4285,25,Female,Chennai,Standard,16,1013.55,14970.25,20.8,5,11.4,9,1,5,I am unhappy with the price and frequent service problems.,Negative,0
4286,29,Other,Delhi,Standard,8,926.8,7281.52,1,1,11.5,9,1,7,The service is fine and meets most of my needs.,Neutral,0
4287,36,Female,Chennai,Basic,6,408.69,2333.43,27.3,3,8.9,8,1,6,Average experience. Some things work well and some do not.,Neutral,0
4288,32,Other,Delhi,Basic,9,609.3,5283.85,17.9,0,10.1,7,1,10,"Great experience, the app works smoothly and the team is helpful.",Positive,0
4289,33,Female,Hyderabad,Premium,2,1551.91,2799.83,35.8,1,19.5,5,1,7,It is a normal experience with occasional issues.,Neutral,0
4290,46,Female,Jaipur,Basic,19,443.54,8800.11,30.8,2,18.1,4,0,7,The service is okay but there is room for improvement.,Neutral,0
4291,62,Female,Bengaluru,Standard,13,849.45,11298.24,25.3,2,10.4,0,0,4,Not satisfied. The app is difficult to use and often fails.,Negative,0
4292,38,Female,Jaipur,Basic,13,427.55,4749.04,20.3,3,18.9,9,1,8,Reliable service and simple to use. I would recommend it.,Positive,0
4293,27,Female,Pune,Standard,20,960.15,16607.85,36.3,1,20.6,12,1,8,"Nothing special, but the service is usable.",Neutral,0
4294,47,Male,Delhi,Standard,10,882.89,7721.82,20.8,1,11.3,0,1,6,Reliable service and simple to use. I would recommend it.,Positive,0
4295,32,Other,Pune,Basic,18,470.44,8412.62,20.5,4,27.9,2,1,8,The service is okay but there is room for improvement.,Neutral,0
4296,22,Female,Jaipur,Basic,41,577.6,21072.76,24.9,0,8.4,0,1,9,Good value for money and quick customer support.,Positive,0
4297,30,Female,Pune,Premium,20,1500.57,27528.13,55.8,1,8.1,12,0,8,Very happy with the service and fast support.,Positive,0
4298,37,Female,Mumbai,Standard,20,837.72,16451.33,28.5,2,9.7,9,0,4,I am unhappy with the price and frequent service problems.,Negative,0
4299,45,Male,Hyderabad,Standard,10,937.19,8426.43,37.4,1,15.4,4,1,6,The service is okay but there is room for improvement.,Neutral,0
4300,33,Male,Mumbai,Basic,9,551.11,4556.52,12.8,2,20.4,1,0,7,Bad experience with billing and customer support.,Negative,0
4301,48,Male,Kochi,Standard,4,870.03,3561.52,27,3,27.9,11,0,8,The service is fine and meets most of my needs.,Neutral,0
4302,37,Male,Delhi,Standard,12,838.61,10403.04,29.3,2,12.5,0,1,9,Reliable service and simple to use. I would recommend it.,Positive,0
4303,21,Male,Bengaluru,Basic,39,506.2,16930,25.1,5,21.5,5,1,4,Poor experience. Support did not solve my issue.,Negative,1
4304,36,Female,Hyderabad,Basic,15,440.5,5815.48,46.1,0,14,10,0,7,It is a normal experience with occasional issues.,Neutral,0
4305,42,Other,Pune,Standard,26,974.4,24005.24,37.4,2,16.1,4,0,7,Not satisfied. The app is difficult to use and often fails.,Negative,0
4306,40,Other,Mumbai,Standard,18,946.29,17025.61,8.4,3,19.8,6,0,4,The service is unreliable and I keep facing problems.,Negative,1
4307,35,Other,Jaipur,Premium,10,1497.77,14584.48,61.4,0,0.5,7,1,4,Bad experience with billing and customer support.,Negative,0
4308,18,Other,Ahmedabad,Basic,15,397.72,5694.62,14.9,0,12.1,1,1,7,Support solved my issue quickly. Very good experience.,Positive,0
4309,27,Female,Hyderabad,Standard,11,906.84,9469.18,42.2,4,14.4,14,1,5,Bad experience with billing and customer support.,Negative,1
4310,38,Male,Jaipur,Premium,10,1561.99,15282.02,55.3,0,14.8,6,0,7,"Service is acceptable for now, but support could be faster.",Neutral,0
4311,20,Male,Mumbai,Premium,13,1445.71,16025.47,55.5,3,24.6,9,0,7,The service is fine and meets most of my needs.,Neutral,0
4312,42,Other,Jaipur,Basic,45,555.46,23935.53,20.6,1,9.7,0,1,8,Support solved my issue quickly. Very good experience.,Positive,0
4313,31,Female,Delhi,Basic,15,299,4393.88,26.4,4,15.9,4,0,4,Very disappointed with the service and slow support.,Negative,0
4314,21,Male,Bengaluru,Standard,31,826.49,22513.55,22.2,2,8.7,0,1,10,Reliable service and simple to use. I would recommend it.,Positive,0
4315,35,Male,Jaipur,Basic,26,442.62,9866.92,23.1,2,15.2,2,0,6,"Nothing special, but the service is usable.",Neutral,0
4316,51,Other,Delhi,Basic,51,508.77,22816.25,20.2,7,21.4,13,0,4,Bad experience with billing and customer support.,Negative,0
4317,38,Other,Kochi,Basic,22,627.51,13459.41,29.7,2,18.5,9,1,7,Average experience. Some things work well and some do not.,Neutral,0
4318,26,Other,Pune,Standard,10,950.01,8176.19,33.2,4,18.2,6,1,4,I may leave because the service quality has become poor.,Negative,1
4319,31,Other,Delhi,Standard,47,929.85,38167.51,30.3,0,6.6,6,1,8,Reliable service and simple to use. I would recommend it.,Positive,0
4320,27,Female,Jaipur,Basic,10,451.05,4414.79,30.8,0,12.2,0,0,6,The service is fine and meets most of my needs.,Neutral,0
4321,37,Other,Hyderabad,Premium,15,1576.77,20132.16,35.1,1,13,5,0,6,Poor experience. Support did not solve my issue.,Negative,1
4322,26,Male,Hyderabad,Standard,4,901.94,3125.94,40,1,7.3,6,1,6,"Nothing special, but the service is usable.",Neutral,0
4323,35,Other,Jaipur,Standard,6,1054.53,6114.96,31.3,2,9.1,0,0,9,I love the service. Everything has been reliable so far.,Positive,0
4324,36,Female,Kochi,Standard,19,916.04,16766.93,21.7,2,11.3,4,1,5,The service is unreliable and I keep facing problems.,Negative,0
4325,38,Female,Bengaluru,Premium,13,1601.79,19881,61.7,1,14.2,4,1,3,Too many issues and the response from support is slow.,Negative,0
4326,18,Female,Hyderabad,Standard,2,786.13,1600.39,27.4,1,19.6,2,0,6,It is a normal experience with occasional issues.,Neutral,0
4327,43,Female,Chennai,Standard,9,993.78,8239.48,26,3,12.8,4,1,8,The service is fine and meets most of my needs.,Neutral,0
4328,24,Male,Hyderabad,Basic,42,488.49,19643.61,31.7,1,13.1,6,0,7,Very happy with the service and fast support.,Positive,0
4329,46,Male,Kochi,Standard,24,870.44,19770.29,42.2,4,12.3,5,1,6,The service is unreliable and I keep facing problems.,Negative,1
4330,29,Male,Jaipur,Basic,12,457.78,5424.52,18.7,4,13.1,5,1,3,The service is unreliable and I keep facing problems.,Negative,0
4331,38,Female,Delhi,Standard,59,872.75,48140.4,32.7,1,7.8,0,0,6,"Nothing special, but the service is usable.",Neutral,0
4332,29,Other,Jaipur,Standard,9,859.87,7891.21,32.4,3,13.5,7,0,6,The service is unreliable and I keep facing problems.,Negative,1
4333,18,Female,Ahmedabad,Standard,5,936.34,4197.22,25.9,0,9.8,2,1,9,Really satisfied with the service and performance.,Positive,1
4334,36,Male,Kochi,Premium,18,1519.62,27219.45,45.5,2,13.9,1,1,4,I am unhappy with the price and frequent service problems.,Negative,0
4335,39,Male,Delhi,Basic,5,422.8,1879.99,22.6,2,10.9,3,1,7,"Nothing special, but the service is usable.",Neutral,0
4336,41,Other,Kochi,Standard,6,909.35,5638.1,35.8,1,12.5,13,1,4,Very disappointed with the service and slow support.,Negative,1
4337,21,Other,Delhi,Basic,22,387.77,8263.83,1,2,5,4,1,7,Very happy with the service and fast support.,Positive,0
4338,31,Other,Hyderabad,Basic,21,389.55,7870.75,1,2,18,4,0,5,The service is unreliable and I keep facing problems.,Negative,0
4339,47,Male,Mumbai,Premium,52,1446.92,68922.35,54.9,3,13.2,5,0,8,Reliable service and simple to use. I would recommend it.,Positive,0
4340,27,Female,Chennai,Standard,23,927.08,21411.48,34.5,3,26.2,1,1,5,Not satisfied. The app is difficult to use and often fails.,Negative,1
4341,27,Male,Mumbai,Standard,16,840.81,11955.47,46.3,1,7.1,6,0,6,The service is fine and meets most of my needs.,Neutral,0
4342,29,Male,Kochi,Basic,17,643.75,11310.02,17.1,4,16.5,7,0,5,The service is unreliable and I keep facing problems.,Negative,1
4343,39,Male,Pune,Basic,21,508.65,9805.24,5.2,2,4.9,8,0,5,Too many issues and the response from support is slow.,Negative,1
4344,19,Male,Ahmedabad,Basic,29,540.15,14832.44,17.6,2,16.4,5,0,5,Not satisfied. The app is difficult to use and often fails.,Negative,0
4345,41,Other,Kochi,Standard,36,905.8,32275.9,36.7,1,8.3,7,1,9,Support solved my issue quickly. Very good experience.,Positive,0
4346,47,Male,Ahmedabad,Basic,20,508.02,10527.32,15.8,2,15.1,11,1,7,The service is fine and meets most of my needs.,Neutral,0
4347,52,Other,Jaipur,Standard,23,909.43,21276.62,18.1,1,13.8,7,0,5,Average experience. Some things work well and some do not.,Neutral,0
4348,29,Female,Mumbai,Standard,47,861.66,42064.14,13.8,0,19.8,5,0,5,Very disappointed with the service and slow support.,Negative,0
4349,35,Other,Delhi,Standard,10,983.23,9789.02,26.5,1,16.3,0,1,7,The service is okay but there is room for improvement.,Neutral,0
4350,24,Female,Pune,Standard,15,916.24,12029.21,24.5,2,16.2,6,0,6,The service is okay but there is room for improvement.,Neutral,0
4351,43,Other,Delhi,Premium,3,1501.26,4169.14,44.7,1,3,0,1,10,Good value for money and quick customer support.,Positive,0
4352,34,Other,Ahmedabad,Standard,68,734.15,43470.08,37.9,0,4.2,5,1,7,Really satisfied with the service and performance.,Positive,0
4353,30,Male,Hyderabad,Standard,26,769.9,19294.83,29.3,0,8.1,0,0,8,Support solved my issue quickly. Very good experience.,Positive,0
4354,33,Other,Jaipur,Basic,10,458.29,4569.18,14.5,6,26.7,8,0,6,I am unhappy with the price and frequent service problems.,Negative,0
4355,21,Female,Ahmedabad,Basic,58,509.16,29870.56,31.5,5,24.7,13,0,6,Poor experience. Support did not solve my issue.,Negative,0
4356,43,Other,Jaipur,Standard,23,860.29,17352.06,29.8,1,17,1,1,6,Bad experience with billing and customer support.,Negative,0
4357,31,Male,Delhi,Premium,23,1564.94,34006.62,42.1,1,14.8,3,1,8,I love the service. Everything has been reliable so far.,Positive,0
4358,39,Other,Hyderabad,Standard,20,905.85,18599.06,41.6,3,17.5,0,1,8,"Service is acceptable for now, but support could be faster.",Neutral,0
4359,35,Male,Kolkata,Basic,10,520.61,5219.65,12.1,4,17.4,12,0,4,I may leave because the service quality has become poor.,Negative,0
4360,42,Female,Mumbai,Basic,18,704.71,12965.95,25.1,1,17.1,0,1,6,It is a normal experience with occasional issues.,Neutral,0
4361,48,Female,Bengaluru,Premium,12,1489.25,16011.85,66.8,0,20.2,4,0,8,Very happy with the service and fast support.,Positive,1
4362,36,Male,Kochi,Standard,16,775.4,11784.41,27.6,1,13.9,7,0,3,I may leave because the service quality has become poor.,Negative,1
4363,30,Male,Bengaluru,Basic,4,553.22,2140.43,26.9,5,21.7,5,1,3,Bad experience with billing and customer support.,Negative,1
4364,27,Male,Kolkata,Basic,13,526.16,6972.82,9.7,3,20.4,8,0,4,Too many issues and the response from support is slow.,Negative,1
4365,30,Other,Pune,Standard,25,989.37,23665.75,50.1,2,11.7,3,1,7,"Great experience, the app works smoothly and the team is helpful.",Positive,0
4366,46,Other,Jaipur,Basic,29,523.87,13894.12,32.6,5,24.7,19,1,7,I am unhappy with the price and frequent service problems.,Negative,0
4367,36,Male,Jaipur,Standard,11,987.55,11134.5,44.3,0,7.7,0,0,6,Support solved my issue quickly. Very good experience.,Positive,0
4368,27,Female,Kolkata,Basic,7,415.98,2669.37,4.8,3,20,5,0,7,The service is fine and meets most of my needs.,Neutral,0
4369,29,Male,Chennai,Standard,10,978.29,10227.14,40.7,4,22.2,3,1,7,The service is fine and meets most of my needs.,Neutral,0
4370,34,Other,Ahmedabad,Standard,19,859.55,14253.14,27.1,1,12.6,0,1,8,Really satisfied with the service and performance.,Positive,0
4371,37,Male,Mumbai,Premium,38,1483.24,54438.85,50.2,1,16.7,2,1,9,Reliable service and simple to use. I would recommend it.,Positive,0
4372,28,Male,Ahmedabad,Basic,38,497.2,17782.27,24.3,4,17.7,14,1,5,I am unhappy with the price and frequent service problems.,Negative,0
4373,39,Male,Kolkata,Premium,24,1388.97,30964.55,44.7,2,15.3,2,0,7,The service is unreliable and I keep facing problems.,Negative,0
4374,42,Female,Pune,Standard,8,879.21,6863.86,31.3,2,7.5,10,0,10,Good value for money and quick customer support.,Positive,0
4375,31,Female,Mumbai,Standard,11,771.87,8368.1,26,1,15.6,4,0,7,The service is fine and meets most of my needs.,Neutral,0
4376,36,Female,Mumbai,Standard,26,914.85,23324.54,42.3,2,26.6,0,1,8,"Nothing special, but the service is usable.",Neutral,0
4377,31,Other,Delhi,Premium,7,1430.8,10266,60.9,2,16.1,2,0,4,I am unhappy with the price and frequent service problems.,Negative,0
4378,18,Male,Kolkata,Basic,27,380.8,10565.77,1,1,10.1,3,1,7,It is a normal experience with occasional issues.,Neutral,0
4379,28,Male,Pune,Basic,8,583.96,4185.35,26.8,3,5.6,5,0,5,Very disappointed with the service and slow support.,Negative,0
4380,25,Other,Hyderabad,Premium,19,1460.96,25705.76,52.1,1,12.6,6,1,7,Average experience. Some things work well and some do not.,Neutral,0
4381,37,Other,Kolkata,Premium,19,1493.97,24862.96,56.4,1,15.5,4,0,4,Poor experience. Support did not solve my issue.,Negative,0
4382,28,Female,Chennai,Basic,23,495.93,11305.83,14.2,3,20,4,0,5,Very disappointed with the service and slow support.,Negative,1
4383,22,Female,Hyderabad,Standard,6,936.59,5370.92,23.6,3,11.1,8,0,7,Average experience. Some things work well and some do not.,Neutral,0
4384,30,Male,Jaipur,Basic,41,494.81,19644.62,14.5,1,18.6,0,1,5,I may leave because the service quality has become poor.,Negative,0
4385,39,Female,Chennai,Basic,29,463.46,12641.31,7.6,0,0.7,0,1,6,The service is okay but there is room for improvement.,Neutral,0
4386,23,Male,Bengaluru,Standard,7,855.25,6207.04,31.5,1,11.3,7,1,6,"Nothing special, but the service is usable.",Neutral,0
4387,24,Other,Pune,Basic,23,481.54,11622.81,13,4,5.9,0,0,5,Poor experience. Support did not solve my issue.,Negative,0
4388,27,Female,Delhi,Premium,7,1533.64,10995.25,51.8,0,10,1,0,4,The service is unreliable and I keep facing problems.,Negative,1
4389,59,Male,Jaipur,Standard,17,920.89,13340.86,15.5,3,7.5,0,1,6,The service is unreliable and I keep facing problems.,Negative,0
4390,29,Other,Chennai,Basic,14,510.03,6833.57,27.9,0,1.9,1,1,5,The service is fine and meets most of my needs.,Neutral,0
4391,28,Female,Bengaluru,Standard,15,844.9,12660.3,31.7,1,12.9,0,1,8,I love the service. Everything has been reliable so far.,Positive,0
4392,36,Other,Kolkata,Premium,9,1654.55,13677.03,46.8,1,19.6,5,1,6,Average experience. Some things work well and some do not.,Neutral,0
4393,34,Male,Chennai,Standard,5,907.47,3881.91,25.1,0,7.9,0,1,8,"Excellent experience, no major issues and easy to use.",Positive,0
4394,33,Male,Chennai,Basic,12,466.8,5071.4,21.2,3,14,7,1,9,Good value for money and quick customer support.,Positive,0
4395,40,Male,Kolkata,Basic,9,587.36,5413.12,14.9,2,15.9,1,0,6,The service is okay but there is room for improvement.,Neutral,0
4396,46,Male,Pune,Standard,9,984.85,8134.87,43.1,1,9.7,0,1,9,"Great experience, the app works smoothly and the team is helpful.",Positive,0
4397,44,Other,Kolkata,Basic,36,474.19,15449.02,7.2,0,10.8,8,1,6,The service is okay but there is room for improvement.,Neutral,0
4398,18,Male,Kochi,Standard,47,830.34,38580.15,33.4,2,11.6,7,0,6,Very disappointed with the service and slow support.,Negative,0
4399,33,Male,Bengaluru,Basic,8,462.57,3190.02,15,4,17.5,6,1,3,I am unhappy with the price and frequent service problems.,Negative,1
4400,43,Female,Kolkata,Standard,3,881.13,2380.15,22.2,3,2,4,0,6,The service is fine and meets most of my needs.,Neutral,1
4401,34,Female,Mumbai,Standard,36,973.28,33494.4,42.9,1,17.3,2,0,3,Very disappointed with the service and slow support.,Negative,1
4402,26,Female,Ahmedabad,Standard,40,904.69,34718.7,34.4,2,4,3,1,9,Very happy with the service and fast support.,Positive,0
4403,34,Male,Hyderabad,Standard,19,844.91,13969.26,10,3,19.4,4,0,3,Not satisfied. The app is difficult to use and often fails.,Negative,1
4404,18,Other,Bengaluru,Basic,8,591.68,4809.49,21.8,2,21.5,6,1,7,Average experience. Some things work well and some do not.,Neutral,0
4405,20,Other,Ahmedabad,Basic,49,428.44,21373.22,1,5,22.5,1,0,2,I may leave because the service quality has become poor.,Negative,1
4406,18,Male,Chennai,Basic,20,430.97,8948.69,11.4,0,6.1,2,0,6,The service is fine and meets most of my needs.,Neutral,0
4407,44,Female,Jaipur,Basic,34,507.68,17011.25,16.9,3,0.5,10,1,4,The service is unreliable and I keep facing problems.,Negative,0
4408,42,Other,Kolkata,Standard,47,922.37,37108.08,21.1,1,14.9,4,0,6,The service is okay but there is room for improvement.,Neutral,0
4409,40,Male,Pune,Basic,19,616.08,11647.33,19.9,6,26.2,12,1,6,Bad experience with billing and customer support.,Negative,1
4410,42,Male,Ahmedabad,Basic,29,463.61,12724.83,30.4,1,14.4,4,0,6,The service is fine and meets most of my needs.,Neutral,0
4411,37,Male,Ahmedabad,Premium,10,1572.41,15421.02,40.9,1,9.6,1,1,8,"Excellent experience, no major issues and easy to use.",Positive,0
4412,27,Female,Mumbai,Standard,7,938.24,5677.83,25.8,1,19.9,12,0,5,Average experience. Some things work well and some do not.,Neutral,0
4413,30,Female,Pune,Premium,21,1521.07,32139.42,42.4,0,12.7,3,0,6,Average experience. Some things work well and some do not.,Neutral,0
4414,38,Female,Chennai,Basic,13,443.85,5523.01,21.7,5,17.1,9,1,6,Very disappointed with the service and slow support.,Negative,1
4415,32,Male,Delhi,Basic,5,620.07,2716.86,15,2,9.3,0,1,6,The service is okay but there is room for improvement.,Neutral,0
4416,33,Male,Bengaluru,Standard,10,868.93,7422.85,39.8,2,6.6,0,1,7,Reliable service and simple to use. I would recommend it.,Positive,0
4417,48,Female,Chennai,Standard,18,973.77,16573.32,36.1,0,11.2,0,0,9,Good value for money and quick customer support.,Positive,0
4418,25,Other,Chennai,Standard,14,868.28,10691.74,34.6,2,5.1,3,1,5,Not satisfied. The app is difficult to use and often fails.,Negative,0
4419,31,Male,Mumbai,Premium,43,1542.92,57579.49,68.5,0,5.7,5,1,8,Support solved my issue quickly. Very good experience.,Positive,0
4420,34,Male,Ahmedabad,Standard,22,830.86,17329.28,23,1,8.7,4,1,7,Very happy with the service and fast support.,Positive,0
4421,37,Other,Chennai,Basic,21,492.09,10233.68,25.1,5,15.1,13,1,4,Not satisfied. The app is difficult to use and often fails.,Negative,1
4422,59,Other,Kochi,Standard,37,965.53,36949.66,8.9,0,8.8,5,1,8,Very happy with the service and fast support.,Positive,0
4423,34,Male,Hyderabad,Basic,10,566.95,5508.3,31.4,5,20.5,9,0,5,Not satisfied. The app is difficult to use and often fails.,Negative,1
4424,36,Other,Jaipur,Premium,40,1462.78,57161.06,45.9,1,13.4,4,0,4,Poor experience. Support did not solve my issue.,Negative,0
4425,30,Female,Kochi,Premium,14,1532.1,18478.97,53.8,0,9.3,4,1,9,Support solved my issue quickly. Very good experience.,Positive,0
4426,54,Female,Ahmedabad,Standard,14,1046.41,15188.79,26.5,0,14.6,10,1,7,I love the service. Everything has been reliable so far.,Positive,0
4427,47,Male,Ahmedabad,Standard,22,940.61,18619.36,22.1,5,13.7,10,0,7,The service is okay but there is room for improvement.,Neutral,0
4428,54,Other,Kochi,Basic,19,537,9858.73,23.9,2,17.6,2,1,6,Too many issues and the response from support is slow.,Negative,0
4429,30,Male,Kochi,Standard,27,887.76,21696.92,38.7,1,11.1,10,1,7,"Nothing special, but the service is usable.",Neutral,0
4430,46,Other,Hyderabad,Premium,25,1490.05,37125.99,53.3,1,9.8,0,0,3,Very disappointed with the service and slow support.,Negative,0
4431,37,Female,Pune,Standard,29,945.71,24653.83,40.7,2,12.6,4,0,5,The service is unreliable and I keep facing problems.,Negative,1
4432,29,Female,Pune,Basic,13,544.45,6572.6,17.6,1,4.9,3,1,7,Good value for money and quick customer support.,Positive,0
4433,21,Female,Jaipur,Premium,16,1364.31,18877.93,62.8,0,10.7,0,0,7,Average experience. Some things work well and some do not.,Neutral,0
4434,43,Female,Mumbai,Basic,50,518.55,23508.32,22.4,4,29.2,5,1,2,Bad experience with billing and customer support.,Negative,0
4435,23,Female,Ahmedabad,Premium,11,1406.43,15506.29,51.9,0,18.7,1,0,6,The service is fine and meets most of my needs.,Neutral,0
4436,35,Male,Hyderabad,Basic,15,506.07,7140.9,7.5,4,11.4,4,1,5,Not satisfied. The app is difficult to use and often fails.,Negative,1
4437,22,Female,Kolkata,Basic,14,490.57,6436.67,21.4,5,24.5,9,0,4,Poor experience. Support did not solve my issue.,Negative,1
4438,36,Male,Chennai,Basic,25,561.41,12012.19,11.4,1,19.5,5,1,6,"Nothing special, but the service is usable.",Neutral,0
4439,28,Other,Chennai,Premium,11,1388.16,14840.31,46.6,1,2.9,1,1,8,Really satisfied with the service and performance.,Positive,0
4440,36,Male,Mumbai,Standard,18,980.28,16628.24,27.1,3,23.2,9,0,6,Very disappointed with the service and slow support.,Negative,0
4441,30,Male,Bengaluru,Standard,22,955.81,20348.26,27.3,1,14.9,1,1,7,Good value for money and quick customer support.,Positive,0
4442,34,Female,Kolkata,Standard,24,850.25,18961.73,38.4,3,16.5,8,0,7,The service is fine and meets most of my needs.,Neutral,0
4443,31,Male,Bengaluru,Standard,20,935.9,19141.8,44.1,2,5,2,0,6,The service is okay but there is room for improvement.,Neutral,0
4444,40,Female,Hyderabad,Standard,17,1016.71,16798.66,40.1,1,0.5,6,0,5,Very disappointed with the service and slow support.,Negative,1
4445,24,Other,Hyderabad,Standard,7,930.61,6172.44,23.5,3,27.2,4,0,7,Average experience. Some things work well and some do not.,Neutral,1
4446,22,Male,Ahmedabad,Basic,20,500.54,9809.89,17.1,1,16.8,3,1,6,"Nothing special, but the service is usable.",Neutral,0
4447,18,Other,Kochi,Premium,17,1441.19,22197.53,57.7,2,16.7,9,1,7,"Nothing special, but the service is usable.",Neutral,0
4448,26,Other,Jaipur,Basic,16,525.85,7782.03,12.8,1,9.1,14,0,4,Not satisfied. The app is difficult to use and often fails.,Negative,1
4449,33,Female,Kochi,Premium,23,1476.08,31488.6,57.5,2,4.5,11,0,6,The service is fine and meets most of my needs.,Neutral,0
4450,37,Female,Ahmedabad,Premium,34,1489.89,46283.02,46.5,3,17.7,9,1,6,I am unhappy with the price and frequent service problems.,Negative,1
4451,22,Male,Bengaluru,Basic,23,427.44,9691.53,22.2,3,15.9,3,1,6,"Nothing special, but the service is usable.",Neutral,0
4452,35,Male,Mumbai,Standard,9,931.13,8594.33,30.2,5,16.2,16,0,5,I am unhappy with the price and frequent service problems.,Negative,1
4453,35,Female,Hyderabad,Premium,40,1507.97,62206.27,51.5,2,15.9,7,0,6,"Service is acceptable for now, but support could be faster.",Neutral,0
4454,47,Male,Jaipur,Standard,24,839.77,19407.93,25.6,0,10.3,3,1,6,"Excellent experience, no major issues and easy to use.",Positive,0
4455,18,Female,Kochi,Basic,12,571.97,7039.26,11.2,2,13.1,3,1,6,Poor experience. Support did not solve my issue.,Negative,0
4456,18,Male,Mumbai,Standard,41,892.67,31543.45,46.9,1,6.8,3,0,6,The service is okay but there is room for improvement.,Neutral,0
4457,41,Female,Mumbai,Basic,3,464.47,1329.98,17.1,1,14.2,4,0,6,"Service is acceptable for now, but support could be faster.",Neutral,0
4458,22,Female,Kolkata,Basic,18,513.58,9465.24,12.9,3,12.8,5,1,7,It is a normal experience with occasional issues.,Neutral,0
4459,18,Other,Jaipur,Standard,18,1008.78,16958.17,36.2,2,17.2,1,1,10,"Excellent experience, no major issues and easy to use.",Positive,0
4460,29,Female,Kolkata,Standard,7,931.49,6044.83,27.5,0,0.5,0,0,8,"Great experience, the app works smoothly and the team is helpful.",Positive,0
4461,42,Male,Kochi,Basic,16,557.62,8368.86,15.9,6,24.8,6,0,6,Poor experience. Support did not solve my issue.,Negative,1
4462,44,Other,Kochi,Premium,17,1404.84,22662.7,39.7,2,8.2,6,0,7,I love the service. Everything has been reliable so far.,Positive,0
4463,31,Other,Mumbai,Standard,3,909.52,2446.93,42,2,14.7,10,1,6,Very disappointed with the service and slow support.,Negative,0
4464,41,Male,Kolkata,Basic,17,439.7,7075.82,1,1,18.8,6,1,8,"Great experience, the app works smoothly and the team is helpful.",Positive,0
4465,22,Female,Pune,Standard,7,973.77,6114.69,24.2,0,1.3,3,0,8,Reliable service and simple to use. I would recommend it.,Positive,0
4466,41,Male,Delhi,Standard,22,865.72,16618.87,34.5,1,7.3,2,0,4,Bad experience with billing and customer support.,Negative,0
4467,32,Female,Chennai,Premium,28,1383.86,39771.86,44,2,12.7,6,0,5,Not satisfied. The app is difficult to use and often fails.,Negative,1
4468,35,Female,Bengaluru,Basic,6,587.54,3212.56,13.7,2,18.4,6,0,8,Average experience. Some things work well and some do not.,Neutral,0
4469,29,Other,Hyderabad,Premium,20,1670.09,32710.43,67.9,0,4.5,0,0,5,Not satisfied. The app is difficult to use and often fails.,Negative,1
4470,41,Male,Kochi,Basic,14,473.25,6491.85,17.3,3,9.6,4,1,5,The service is unreliable and I keep facing problems.,Negative,1
4471,39,Other,Chennai,Standard,8,887.76,6494.65,33.7,0,8.6,3,1,9,Really satisfied with the service and performance.,Positive,0
4472,25,Other,Bengaluru,Basic,18,568.47,8722.46,1,3,18.1,3,1,7,The service is unreliable and I keep facing problems.,Negative,0
4473,24,Male,Bengaluru,Standard,15,912.94,13123.49,37.7,3,8.6,9,0,6,I am unhappy with the price and frequent service problems.,Negative,0
4474,19,Male,Pune,Standard,31,958.43,25582.28,32.9,6,22.7,13,0,1,Very disappointed with the service and slow support.,Negative,1
4475,32,Male,Chennai,Standard,26,869.52,22051.94,46.3,1,22.1,3,0,6,I may leave because the service quality has become poor.,Negative,1
4476,26,Male,Bengaluru,Basic,24,415.37,9484.66,9.3,2,12.4,8,0,6,Average experience. Some things work well and some do not.,Neutral,0
4477,33,Male,Jaipur,Standard,39,771.22,30208.48,42.4,2,14,0,1,8,The service is okay but there is room for improvement.,Neutral,0
4478,20,Female,Hyderabad,Basic,45,457.98,17829.73,17.3,5,14.4,6,1,5,Not satisfied. The app is difficult to use and often fails.,Negative,1
4479,42,Male,Ahmedabad,Standard,11,978.21,9246.11,37.5,2,8.6,14,1,6,"Service is acceptable for now, but support could be faster.",Neutral,0
4480,27,Male,Pune,Basic,9,455.05,3659.95,1,5,25.5,14,0,5,Too many issues and the response from support is slow.,Negative,1
4481,38,Other,Chennai,Premium,42,1456.6,52616.45,58.3,0,7.7,0,1,8,Support solved my issue quickly. Very good experience.,Positive,0
4482,27,Male,Pune,Standard,38,807.22,30728.54,29.8,3,21.9,13,0,8,The service is okay but there is room for improvement.,Neutral,0
4483,50,Other,Hyderabad,Basic,12,583.91,6821.22,19.9,1,11.9,7,0,6,"Service is acceptable for now, but support could be faster.",Neutral,0
4484,38,Female,Mumbai,Premium,25,1496.46,37165.9,26.4,0,9.7,8,1,7,Reliable service and simple to use. I would recommend it.,Positive,0
4485,33,Male,Pune,Basic,14,514.2,6834.5,14.3,1,15.4,0,1,7,The service is okay but there is room for improvement.,Neutral,0
4486,19,Female,Kolkata,Standard,29,944.18,27561.54,25.3,1,7.1,1,0,7,Really satisfied with the service and performance.,Positive,0
4487,25,Male,Chennai,Premium,19,1581.26,28967.3,40.8,0,15.5,0,0,8,Support solved my issue quickly. Very good experience.,Positive,0
4488,50,Female,Bengaluru,Standard,9,781.11,6405.83,30.9,1,5.7,2,1,9,Support solved my issue quickly. Very good experience.,Positive,0
4489,42,Female,Kolkata,Premium,13,1558.98,17829.78,60.4,1,18.2,8,0,2,Too many issues and the response from support is slow.,Negative,0
4490,43,Male,Jaipur,Premium,12,1468.75,17717.45,33.5,1,12.2,3,1,7,Reliable service and simple to use. I would recommend it.,Positive,0
4491,25,Other,Pune,Standard,31,851.03,23959.33,27.1,4,16.1,5,1,7,I may leave because the service quality has become poor.,Negative,0
4492,24,Female,Hyderabad,Standard,6,925.64,5254.52,49.9,1,14,3,0,7,"Nothing special, but the service is usable.",Neutral,0
4493,26,Male,Delhi,Basic,34,432.07,15307.55,12.5,1,14.3,0,1,7,"Great experience, the app works smoothly and the team is helpful.",Positive,0
4494,56,Other,Pune,Standard,53,897.72,44976.97,26.1,4,19.6,0,1,8,"Service is acceptable for now, but support could be faster.",Neutral,0
4495,18,Male,Chennai,Basic,20,355.92,6910.01,35.7,3,19.6,0,1,6,I am unhappy with the price and frequent service problems.,Negative,0
4496,31,Female,Bengaluru,Basic,24,481.53,10453.96,23.4,2,14.9,4,1,7,"Nothing special, but the service is usable.",Neutral,0
4497,24,Female,Kochi,Basic,12,553.58,6468.33,27.7,2,9.7,8,0,4,Poor experience. Support did not solve my issue.,Negative,1
4498,30,Male,Delhi,Standard,7,957.08,6830.43,34.4,2,13.7,8,1,8,"Excellent experience, no major issues and easy to use.",Positive,0
4499,44,Other,Delhi,Basic,25,432.69,9947.02,9.5,6,20.1,12,1,3,Poor experience. Support did not solve my issue.,Negative,1
4500,30,Male,Kolkata,Standard,28,901.18,23767.18,33,0,0.5,2,1,10,"Excellent experience, no major issues and easy to use.",Positive,0
4501,42,Other,Hyderabad,Standard,19,811.66,14605.46,26.3,0,8.2,0,0,5,"Nothing special, but the service is usable.",Neutral,0
4502,28,Other,Jaipur,Standard,7,935.86,5640.81,15.9,3,20.4,7,0,6,The service is fine and meets most of my needs.,Neutral,0
4503,38,Other,Hyderabad,Standard,13,959.72,12020.79,45.7,1,16,6,1,8,Good value for money and quick customer support.,Positive,0
4504,34,Male,Kolkata,Basic,13,533.92,6314.68,33.3,1,11.6,0,0,9,Really satisfied with the service and performance.,Positive,0
4505,35,Other,Jaipur,Standard,6,907.53,5354.82,35.1,2,9.2,5,0,7,"Nothing special, but the service is usable.",Neutral,0
4506,27,Male,Kochi,Standard,26,885.47,23105.15,27.1,1,6,8,1,6,The service is fine and meets most of my needs.,Neutral,0
4507,45,Male,Kolkata,Standard,12,925.28,10267.86,43.8,2,14.7,4,0,7,"Service is acceptable for now, but support could be faster.",Neutral,1
4508,31,Male,Hyderabad,Premium,50,1377.26,69950.09,40.2,0,3.5,3,0,8,"Great experience, the app works smoothly and the team is helpful.",Positive,0
4509,43,Male,Delhi,Basic,23,592.36,12300.69,18.7,2,14.4,0,1,7,The service is okay but there is room for improvement.,Neutral,0
4510,35,Other,Chennai,Basic,27,446.38,10381.59,21.6,2,15.4,4,0,7,The service is okay but there is room for improvement.,Neutral,0
4511,39,Other,Kolkata,Basic,14,522.47,6872.89,11.9,0,14.5,2,1,8,Very happy with the service and fast support.,Positive,0
4512,34,Male,Ahmedabad,Basic,35,558.4,19559.46,31.2,3,7,5,1,6,Very disappointed with the service and slow support.,Negative,0
4513,30,Male,Mumbai,Basic,37,508.33,17062.91,10.7,1,25.4,3,0,9,"Great experience, the app works smoothly and the team is helpful.",Positive,0
4514,30,Other,Ahmedabad,Standard,6,1005.83,6252.83,35.6,2,17.8,4,0,5,The service is unreliable and I keep facing problems.,Negative,1
4515,34,Male,Pune,Basic,9,556.61,4812.88,28.3,2,9,1,0,5,I am unhappy with the price and frequent service problems.,Negative,0
4516,27,Female,Ahmedabad,Premium,26,1387.98,36088.01,56.3,2,14,1,0,5,The service is unreliable and I keep facing problems.,Negative,0
4517,35,Other,Ahmedabad,Standard,11,976.59,9712.78,44.8,2,17.4,7,1,5,Bad experience with billing and customer support.,Negative,0
4518,29,Male,Hyderabad,Premium,31,1406.68,44932.06,44.6,1,7.9,0,1,9,I love the service. Everything has been reliable so far.,Positive,0
4519,24,Female,Jaipur,Premium,28,1420.86,39297.25,54.6,0,8.4,0,0,9,"Excellent experience, no major issues and easy to use.",Positive,0
4520,38,Male,Jaipur,Standard,40,980.2,39424.55,41.5,3,19.7,5,1,7,Not satisfied. The app is difficult to use and often fails.,Negative,0
4521,29,Female,Bengaluru,Standard,12,966.29,11114.06,23,1,8.4,2,0,7,Good value for money and quick customer support.,Positive,0
4522,33,Female,Delhi,Basic,42,524.75,21386.13,17.5,2,11.5,6,0,6,The service is unreliable and I keep facing problems.,Negative,0
4523,33,Male,Ahmedabad,Premium,14,1344.57,19228.34,53.5,0,12.2,0,1,7,Very happy with the service and fast support.,Positive,0
4524,36,Female,Chennai,Standard,18,755.75,13573.6,32.8,1,12,0,0,6,"Nothing special, but the service is usable.",Neutral,0
4525,18,Male,Ahmedabad,Basic,19,476.76,7705.03,1,2,10.2,9,1,7,The service is okay but there is room for improvement.,Neutral,0
4526,26,Female,Bengaluru,Standard,8,929.89,7403.95,41.2,2,19.6,0,0,4,I may leave because the service quality has become poor.,Negative,0
4527,37,Male,Chennai,Premium,4,1533.4,6060.8,49.9,1,16.8,8,1,9,"Excellent experience, no major issues and easy to use.",Positive,0
4528,29,Female,Ahmedabad,Standard,38,749.68,25278.33,23.7,5,22.8,12,0,6,I may leave because the service quality has become poor.,Negative,0
4529,33,Female,Mumbai,Basic,10,430.97,4489.31,23.3,2,12.9,9,1,4,The service is unreliable and I keep facing problems.,Negative,0
4530,33,Male,Chennai,Standard,7,919.49,5826.55,20,1,11.8,0,0,4,Not satisfied. The app is difficult to use and often fails.,Negative,0
4531,50,Female,Ahmedabad,Premium,11,1456.04,14556.3,38.3,0,13.2,0,0,5,The service is okay but there is room for improvement.,Neutral,0
4532,30,Male,Pune,Standard,11,903.52,9845.74,41.1,2,13.8,6,1,6,Average experience. Some things work well and some do not.,Neutral,0
4533,41,Male,Mumbai,Premium,1,1652.23,1574.79,42.7,2,7.6,0,0,7,I love the service. Everything has been reliable so far.,Positive,0
4534,50,Male,Kolkata,Standard,31,990.3,31148.3,45.9,1,16.2,0,1,9,Support solved my issue quickly. Very good experience.,Positive,0
4535,28,Other,Delhi,Premium,15,1505.69,20254.5,43.2,0,7.1,0,1,5,It is a normal experience with occasional issues.,Neutral,0
4536,31,Other,Ahmedabad,Basic,9,554.3,4374.6,29.3,3,19.9,8,1,6,Not satisfied. The app is difficult to use and often fails.,Negative,0
4537,24,Male,Kolkata,Standard,9,822.57,6960.82,25.1,5,19.8,8,0,5,I am unhappy with the price and frequent service problems.,Negative,1
4538,33,Other,Delhi,Standard,31,933.31,30226.27,35.3,2,8.1,6,0,4,The service is unreliable and I keep facing problems.,Negative,0
4539,25,Female,Bengaluru,Standard,14,974.92,13842.38,32.9,4,18.4,11,1,7,"Service is acceptable for now, but support could be faster.",Neutral,0
4540,35,Male,Kolkata,Basic,22,577.04,12358.4,50.7,3,24,6,1,9,Very happy with the service and fast support.,Positive,0
4541,30,Male,Mumbai,Standard,17,987.05,17295.92,33.3,2,27.7,8,1,4,Poor experience. Support did not solve my issue.,Negative,1
4542,18,Female,Mumbai,Standard,12,893.16,10733.88,35.6,1,6.7,0,0,5,I am unhappy with the price and frequent service problems.,Negative,0
4543,40,Other,Chennai,Basic,13,443.85,5876.81,52.7,3,11.9,4,1,6,The service is fine and meets most of my needs.,Neutral,0
4544,31,Male,Mumbai,Basic,18,484.64,8724.95,1,4,6.8,10,1,6,The service is unreliable and I keep facing problems.,Negative,0
4545,21,Other,Kolkata,Standard,11,916.59,10246.13,64.5,2,13.2,6,0,5,Very disappointed with the service and slow support.,Negative,1
4546,39,Female,Mumbai,Basic,34,503.83,16002.89,7.4,2,8.7,3,0,5,Not satisfied. The app is difficult to use and often fails.,Negative,0
4547,34,Male,Kolkata,Standard,25,923.48,19801.37,12,1,13.4,5,1,5,"Nothing special, but the service is usable.",Neutral,0
4548,39,Other,Kolkata,Standard,15,950.93,13283.02,33.7,0,8.3,0,1,4,"Nothing special, but the service is usable.",Neutral,0
4549,27,Male,Mumbai,Standard,16,752.52,11357.98,21,6,23.5,23,1,7,I am unhappy with the price and frequent service problems.,Negative,0
4550,32,Female,Kochi,Basic,25,466.52,11935.67,1,3,26,1,0,7,Not satisfied. The app is difficult to use and often fails.,Negative,1
4551,36,Male,Hyderabad,Premium,11,1472.21,15107.69,52,2,6.1,0,1,9,It is a normal experience with occasional issues.,Neutral,0
4552,34,Female,Pune,Standard,18,827.5,13620.99,34.9,1,9.6,6,0,8,Reliable service and simple to use. I would recommend it.,Positive,0
4553,51,Other,Jaipur,Standard,41,925.98,32590.13,28.3,2,20,2,0,5,Not satisfied. The app is difficult to use and often fails.,Negative,1
4554,36,Female,Mumbai,Standard,13,985.78,12437.46,39.8,0,14.9,7,1,7,"Great experience, the app works smoothly and the team is helpful.",Positive,0
4555,39,Male,Kochi,Standard,22,943.38,18277.57,36.7,4,30.1,6,1,6,I may leave because the service quality has become poor.,Negative,1
4556,26,Female,Hyderabad,Basic,7,420.7,2569.44,36,2,12.5,0,1,5,I may leave because the service quality has become poor.,Negative,0
4557,25,Other,Hyderabad,Basic,13,450.87,6028.93,9.2,2,15.1,5,1,6,Poor experience. Support did not solve my issue.,Negative,0
4558,26,Female,Bengaluru,Standard,18,848.75,15874.23,18.7,3,7.2,1,1,6,Poor experience. Support did not solve my issue.,Negative,0
4559,49,Male,Kolkata,Basic,13,514.38,5744.46,12.3,1,14.6,8,1,6,"Service is acceptable for now, but support could be faster.",Neutral,0
4560,20,Female,Delhi,Standard,11,861.7,8113.8,38.7,2,7.6,2,1,7,It is a normal experience with occasional issues.,Neutral,0
4561,38,Female,Chennai,Basic,20,493.18,9077.81,2.6,0,8.5,6,0,7,Reliable service and simple to use. I would recommend it.,Positive,0
4562,30,Male,Bengaluru,Standard,15,956.87,14624.7,29.3,1,15.9,8,0,5,I may leave because the service quality has become poor.,Negative,0
4563,28,Male,Delhi,Standard,9,950.17,8893.61,35,1,6.5,7,1,6,"Nothing special, but the service is usable.",Neutral,0
4564,35,Female,Kochi,Premium,31,1350.33,38842.97,45.7,1,12.3,0,0,4,I may leave because the service quality has become poor.,Negative,0
4565,25,Other,Bengaluru,Basic,21,577.72,11443.84,12,5,20.2,10,1,6,Not satisfied. The app is difficult to use and often fails.,Negative,0
4566,20,Female,Mumbai,Standard,19,862.66,14307.49,33.3,0,12.6,2,0,6,It is a normal experience with occasional issues.,Neutral,0
4567,30,Female,Hyderabad,Premium,34,1533.73,49776.29,57.4,0,16.3,0,1,10,Reliable service and simple to use. I would recommend it.,Positive,0
4568,32,Other,Chennai,Standard,19,824.46,14465.03,44.8,1,14.1,2,0,7,The service is fine and meets most of my needs.,Neutral,0
4569,48,Male,Delhi,Basic,19,509.03,9974.46,11.3,0,8.5,0,1,8,Support solved my issue quickly. Very good experience.,Positive,0
4570,40,Male,Ahmedabad,Basic,30,537.68,14537.04,7,3,17.6,7,1,6,Very disappointed with the service and slow support.,Negative,0
4571,41,Female,Kolkata,Standard,32,896.47,25047.22,18.3,2,7.4,2,0,6,Very disappointed with the service and slow support.,Negative,1
4572,40,Female,Kolkata,Standard,13,862.75,10391.79,46,1,15.7,2,0,7,It is a normal experience with occasional issues.,Neutral,0
4573,24,Male,Mumbai,Premium,16,1413.16,20351.57,44.7,1,16.7,0,0,6,"Nothing special, but the service is usable.",Neutral,0
4574,28,Other,Kolkata,Standard,13,953.17,12847.78,24.8,1,11.5,4,0,7,"Service is acceptable for now, but support could be faster.",Neutral,0
4575,30,Other,Chennai,Basic,8,380.91,3101.56,33.7,2,17.2,6,1,6,"Nothing special, but the service is usable.",Neutral,0
4576,18,Other,Ahmedabad,Standard,30,857.75,25572.28,2.8,0,5.2,4,1,8,Very happy with the service and fast support.,Positive,0
4577,34,Female,Kochi,Premium,8,1424.57,10318.18,53.1,0,9.6,0,1,8,Good value for money and quick customer support.,Positive,0
4578,39,Male,Bengaluru,Standard,16,935.31,13115.62,40.7,1,18.4,0,1,10,Good value for money and quick customer support.,Positive,0
4579,42,Female,Bengaluru,Basic,26,498.62,11174.67,13.8,1,6.4,2,0,7,"Nothing special, but the service is usable.",Neutral,0
4580,42,Other,Jaipur,Standard,26,886.45,23855.85,42.1,2,16.5,10,1,4,I am unhappy with the price and frequent service problems.,Negative,0
4581,26,Other,Kolkata,Standard,69,834.89,55542.75,35.4,2,16.9,5,1,7,Reliable service and simple to use. I would recommend it.,Positive,0
4582,43,Female,Pune,Standard,27,847.08,23802.76,22.4,2,11.9,1,1,6,Average experience. Some things work well and some do not.,Neutral,0
4583,26,Other,Delhi,Standard,10,952.82,8948,45.8,5,18.6,13,0,4,I may leave because the service quality has become poor.,Negative,0
4584,18,Other,Jaipur,Premium,17,1439.78,25027.96,60.6,1,13.2,6,1,7,Really satisfied with the service and performance.,Positive,0
4585,34,Female,Pune,Basic,14,547.92,7658.89,19.8,2,6.6,1,0,2,Very disappointed with the service and slow support.,Negative,0
4586,29,Male,Kochi,Basic,20,560.85,10239.57,12.2,2,12.4,4,0,7,It is a normal experience with occasional issues.,Neutral,0
4587,39,Male,Kolkata,Standard,13,840.86,9802.68,34.3,2,18.1,6,0,6,I may leave because the service quality has become poor.,Negative,0
4588,30,Other,Mumbai,Basic,17,454.23,8027.4,11.1,0,5.8,2,0,5,Average experience. Some things work well and some do not.,Neutral,0
4589,37,Other,Chennai,Standard,28,964.46,23891.84,27.2,1,17.6,0,0,8,"Great experience, the app works smoothly and the team is helpful.",Positive,0
4590,37,Female,Delhi,Standard,44,909.67,35045.79,60.6,0,12.4,0,1,8,Support solved my issue quickly. Very good experience.,Positive,0
4591,22,Other,Hyderabad,Premium,37,1438.56,48025.75,46.4,3,21.3,9,0,5,Bad experience with billing and customer support.,Negative,1
4592,44,Male,Bengaluru,Standard,26,823.23,19467.6,42.5,1,5.2,5,0,5,Not satisfied. The app is difficult to use and often fails.,Negative,0
4593,44,Male,Pune,Basic,18,448.43,7633.7,24.3,3,19,6,1,5,I am unhappy with the price and frequent service problems.,Negative,0
4594,23,Male,Delhi,Basic,23,535.07,11339.04,27.2,2,17.5,2,0,8,It is a normal experience with occasional issues.,Neutral,0
4595,18,Other,Bengaluru,Basic,17,544.18,9376.74,16.1,4,18.7,9,0,6,Poor experience. Support did not solve my issue.,Negative,0
4596,55,Male,Chennai,Standard,10,971.71,8986.62,39.3,0,8.1,3,0,6,The service is okay but there is room for improvement.,Neutral,0
4597,33,Female,Chennai,Standard,17,938.26,16298.55,34,1,12,6,1,7,It is a normal experience with occasional issues.,Neutral,0
4598,38,Male,Bengaluru,Standard,22,920.04,19041.23,20.8,2,12.5,5,0,6,The service is unreliable and I keep facing problems.,Negative,0
4599,34,Female,Ahmedabad,Premium,33,1522.56,43930.76,43.4,3,24.3,3,0,5,I am unhappy with the price and frequent service problems.,Negative,1
4600,34,Male,Kolkata,Premium,7,1498.02,10158.88,64.7,1,11.7,8,1,8,Very happy with the service and fast support.,Positive,0
4601,55,Female,Bengaluru,Premium,26,1584.4,40641.39,59,1,0.5,0,1,5,The service is fine and meets most of my needs.,Neutral,0
4602,38,Male,Mumbai,Basic,16,382.79,5260.58,14.2,2,14.3,9,1,6,Poor experience. Support did not solve my issue.,Negative,0
4603,40,Female,Pune,Standard,7,835.5,5362.53,43,1,13.1,6,0,6,The service is unreliable and I keep facing problems.,Negative,0
4604,44,Female,Chennai,Standard,21,965.32,17680.52,35.3,3,16.4,3,1,5,Bad experience with billing and customer support.,Negative,0
4605,23,Male,Kochi,Basic,25,596.07,15005.41,14.5,3,10.2,5,0,4,Very disappointed with the service and slow support.,Negative,0
4606,24,Other,Kolkata,Standard,12,998.2,10772.2,28.4,2,16.2,7,1,8,"Service is acceptable for now, but support could be faster.",Neutral,0
4607,23,Male,Chennai,Premium,39,1567.07,58902.38,63.9,1,18,6,1,9,"Great experience, the app works smoothly and the team is helpful.",Positive,1
4608,35,Other,Jaipur,Basic,21,560.11,11572.84,33.9,0,0.5,0,0,3,Poor experience. Support did not solve my issue.,Negative,1
4609,52,Female,Chennai,Premium,15,1478.82,19083.74,51.6,0,8.3,8,1,8,I love the service. Everything has been reliable so far.,Positive,0
4610,39,Other,Hyderabad,Basic,42,431.94,18410.67,23.5,5,18.7,10,0,5,Bad experience with billing and customer support.,Negative,1
4611,38,Male,Delhi,Standard,6,873.42,4577.17,35.8,2,8.9,5,1,8,Support solved my issue quickly. Very good experience.,Positive,0
4612,41,Male,Chennai,Premium,16,1610.29,23610.33,40,1,13.1,7,1,7,It is a normal experience with occasional issues.,Neutral,0
4613,38,Female,Delhi,Premium,10,1296.07,12326.35,31.3,1,11.4,0,1,5,Average experience. Some things work well and some do not.,Neutral,0
4614,33,Other,Pune,Standard,19,771.52,13181.65,33.5,1,11,0,0,4,I may leave because the service quality has become poor.,Negative,0
4615,29,Female,Jaipur,Standard,45,796.97,31383.84,28.7,3,9.7,1,1,7,The service is okay but there is room for improvement.,Neutral,0
4616,45,Female,Bengaluru,Standard,20,926.23,18612.54,26.3,2,11,5,1,6,"Service is acceptable for now, but support could be faster.",Neutral,0
4617,39,Male,Kolkata,Standard,20,926.07,16850.33,27.8,1,12.4,3,1,5,Bad experience with billing and customer support.,Negative,0
4618,26,Male,Chennai,Basic,21,649.59,12382.05,1.8,1,6.7,7,0,4,The service is unreliable and I keep facing problems.,Negative,0
4619,44,Other,Chennai,Standard,17,701.44,11722.83,22,1,12.2,0,0,9,Average experience. Some things work well and some do not.,Neutral,0
4620,40,Male,Delhi,Standard,20,905,17341.39,40.9,4,29.1,9,1,5,I am unhappy with the price and frequent service problems.,Negative,1
4621,35,Other,Bengaluru,Basic,35,495.78,17656.04,8.4,4,15.9,12,0,5,I am unhappy with the price and frequent service problems.,Negative,1
4622,36,Male,Chennai,Basic,14,474.38,5928.13,13.3,1,11.7,7,0,7,Average experience. Some things work well and some do not.,Neutral,0
4623,34,Male,Chennai,Basic,48,521.27,24394.68,7.9,4,17.2,9,0,2,I am unhappy with the price and frequent service problems.,Negative,1
4624,37,Female,Hyderabad,Basic,13,421.9,4844.3,14,2,16.3,8,1,5,Not satisfied. The app is difficult to use and often fails.,Negative,0
4625,45,Female,Bengaluru,Basic,23,441.89,9784.38,7,4,23.8,6,0,4,Not satisfied. The app is difficult to use and often fails.,Negative,1
4626,27,Female,Delhi,Standard,42,880.33,38306.59,39.4,1,8,5,0,7,Good value for money and quick customer support.,Positive,0
4627,40,Female,Jaipur,Standard,13,849.11,9528.23,47.8,4,12.3,9,1,7,I am unhappy with the price and frequent service problems.,Negative,0
4628,34,Other,Mumbai,Standard,8,928.6,6889.72,27.8,1,14.1,1,0,7,Average experience. Some things work well and some do not.,Neutral,0
4629,34,Male,Pune,Premium,5,1486.31,7008.68,28.6,1,7.3,0,1,8,I love the service. Everything has been reliable so far.,Positive,0
4630,39,Other,Kolkata,Basic,17,482.68,7352.62,21.4,1,16.4,2,0,7,"Service is acceptable for now, but support could be faster.",Neutral,0
4631,35,Other,Kochi,Premium,19,1524.05,25102.95,36.8,1,15.2,2,0,6,The service is okay but there is room for improvement.,Neutral,0
4632,23,Male,Pune,Standard,14,905.23,12369.46,40.4,1,14.3,0,0,4,Poor experience. Support did not solve my issue.,Negative,0
4633,32,Other,Bengaluru,Standard,12,848.87,10332.43,36.3,1,13.6,2,1,8,The service is fine and meets most of my needs.,Neutral,0
4634,44,Female,Delhi,Premium,32,1536.89,43467.71,63.8,2,12.3,3,0,7,Very happy with the service and fast support.,Positive,0
4635,39,Male,Chennai,Basic,31,455.95,14811.98,28.7,3,13.9,3,1,4,Bad experience with billing and customer support.,Negative,0
4636,23,Male,Hyderabad,Standard,10,894.25,9138.65,19.6,2,20.5,4,1,8,Really satisfied with the service and performance.,Positive,0
4637,41,Female,Chennai,Basic,20,537.35,9583.72,19.7,0,4.9,4,0,9,Support solved my issue quickly. Very good experience.,Positive,0
4638,20,Male,Jaipur,Standard,21,917.37,19055.68,20.3,0,10,1,1,8,"Great experience, the app works smoothly and the team is helpful.",Positive,0
4639,31,Other,Mumbai,Premium,2,1478.45,2705.37,56.9,1,23.7,2,1,5,The service is unreliable and I keep facing problems.,Negative,1
4640,31,Other,Chennai,Basic,24,456.26,9637.94,29.1,2,12.9,0,1,7,The service is okay but there is room for improvement.,Neutral,0
4641,32,Other,Mumbai,Basic,7,411.95,2492.53,30,1,8.4,2,1,9,Good value for money and quick customer support.,Positive,0
4642,49,Other,Kolkata,Basic,19,465.8,8280.88,1,5,24.1,20,1,9,"Service is acceptable for now, but support could be faster.",Neutral,0
4643,26,Female,Delhi,Basic,22,550.07,12602.84,29.3,1,13.1,4,1,7,"Excellent experience, no major issues and easy to use.",Positive,0
4644,37,Female,Hyderabad,Premium,20,1553.13,30333.3,60.1,3,17.8,4,0,5,Very disappointed with the service and slow support.,Negative,0
4645,23,Other,Kolkata,Basic,16,495.91,8019.64,1,2,16.5,0,0,7,The service is okay but there is room for improvement.,Neutral,0
4646,33,Male,Jaipur,Standard,8,860.68,6357.39,25.9,3,12.5,4,1,8,Really satisfied with the service and performance.,Positive,0
4647,40,Male,Pune,Basic,8,447.04,3736.99,26.9,1,15.7,3,0,7,"Nothing special, but the service is usable.",Neutral,0
4648,37,Male,Hyderabad,Standard,37,991.8,31243.56,26.4,2,10,3,0,7,"Service is acceptable for now, but support could be faster.",Neutral,0
4649,26,Female,Bengaluru,Basic,23,373.13,8644.71,25.4,0,10.2,5,1,7,I am unhappy with the price and frequent service problems.,Negative,0
4650,39,Other,Chennai,Basic,12,559.01,6241.22,27.5,4,19.9,1,0,8,"Service is acceptable for now, but support could be faster.",Neutral,0
4651,37,Male,Bengaluru,Standard,19,870.97,15464.29,35.1,3,26.3,11,1,5,I may leave because the service quality has become poor.,Negative,1
4652,26,Other,Ahmedabad,Standard,25,879.8,18905.58,46.5,2,14.1,0,1,6,It is a normal experience with occasional issues.,Neutral,0
4653,28,Other,Chennai,Standard,15,876.78,12606.6,35.1,2,13.1,1,1,5,Poor experience. Support did not solve my issue.,Negative,1
4654,25,Male,Hyderabad,Standard,13,868.61,11329.83,36.7,2,11.3,3,0,7,"Nothing special, but the service is usable.",Neutral,0
4655,29,Female,Delhi,Standard,9,1042.7,8426.86,39.4,2,10.9,7,0,6,Poor experience. Support did not solve my issue.,Negative,0
4656,38,Other,Bengaluru,Basic,21,551.96,11494.53,22.7,2,10.4,0,1,7,I may leave because the service quality has become poor.,Negative,1
4657,46,Male,Kolkata,Standard,8,804.6,6041.41,39.6,2,14.1,2,1,6,The service is fine and meets most of my needs.,Neutral,0
4658,41,Male,Mumbai,Premium,11,1632.42,16934.06,20.2,1,11.2,5,0,6,The service is fine and meets most of my needs.,Neutral,0
4659,33,Other,Kochi,Standard,34,863.59,29614.1,33.3,0,19,6,0,9,Really satisfied with the service and performance.,Positive,0
4660,40,Other,Bengaluru,Basic,50,469.03,23626.73,3.5,2,3.9,2,1,7,"Nothing special, but the service is usable.",Neutral,0
4661,55,Other,Pune,Premium,15,1522.92,21243.28,35.8,3,17,5,1,8,The service is okay but there is room for improvement.,Neutral,0
4662,22,Other,Delhi,Standard,29,843.6,21268.51,28.4,2,17.2,5,1,6,I am unhappy with the price and frequent service problems.,Negative,0
4663,33,Other,Kochi,Basic,9,528.25,4293.26,32.2,1,7.4,4,1,3,Bad experience with billing and customer support.,Negative,0
4664,36,Other,Ahmedabad,Basic,6,465.4,2685.96,17.3,1,9.2,6,0,6,Very disappointed with the service and slow support.,Negative,0
4665,39,Other,Kochi,Basic,22,489.04,9645.91,27.9,5,25.6,8,1,6,Poor experience. Support did not solve my issue.,Negative,0
4666,19,Other,Jaipur,Standard,13,985.16,11736.99,37.5,2,11,5,1,5,Too many issues and the response from support is slow.,Negative,0
4667,36,Male,Delhi,Standard,23,798.7,17647.97,36.1,2,9.3,5,0,4,Bad experience with billing and customer support.,Negative,0
4668,20,Male,Kochi,Basic,23,525.55,11285.2,13.1,0,5.6,0,0,6,"Service is acceptable for now, but support could be faster.",Neutral,0
4669,31,Male,Hyderabad,Standard,19,1001,17065.95,46.2,1,22.6,0,1,6,"Nothing special, but the service is usable.",Neutral,0
4670,26,Other,Kolkata,Basic,16,381.65,6064.8,1.1,3,20.4,7,1,7,It is a normal experience with occasional issues.,Neutral,0
4671,28,Male,Kochi,Standard,5,980.7,4865.61,30.2,4,15.6,7,1,3,Poor experience. Support did not solve my issue.,Negative,1
4672,31,Other,Bengaluru,Basic,35,576.75,18897.77,14.7,1,18,9,0,4,Poor experience. Support did not solve my issue.,Negative,1
4673,33,Male,Pune,Basic,5,512.18,2315.19,1,3,10.8,4,0,5,Very disappointed with the service and slow support.,Negative,1
4674,34,Male,Jaipur,Standard,6,942.37,5213.25,18.5,1,19.9,2,1,6,It is a normal experience with occasional issues.,Neutral,0
4675,29,Male,Ahmedabad,Basic,13,431.44,5308.18,6.2,4,19.4,14,1,5,Bad experience with billing and customer support.,Negative,0
4676,30,Male,Pune,Premium,34,1439.99,43419.14,65,1,4.4,0,1,9,Very happy with the service and fast support.,Positive,0
4677,31,Other,Delhi,Standard,28,929.61,25514.96,36.6,0,13.6,4,0,3,The service is unreliable and I keep facing problems.,Negative,0
4678,20,Female,Pune,Standard,7,1026.37,6565.33,59,1,13,4,0,4,I am unhappy with the price and frequent service problems.,Negative,0
4679,45,Other,Hyderabad,Basic,6,439.31,2325.76,6,4,24,11,0,8,I am unhappy with the price and frequent service problems.,Negative,1
4680,40,Male,Delhi,Standard,43,929.09,40032.37,28.8,1,8.8,8,0,3,Poor experience. Support did not solve my issue.,Negative,0
4681,44,Male,Pune,Premium,21,1323.89,28264.04,65.8,0,7,0,0,8,"Great experience, the app works smoothly and the team is helpful.",Positive,0
4682,41,Other,Mumbai,Standard,16,956.46,13918.5,32.1,2,13.8,1,0,5,Very disappointed with the service and slow support.,Negative,0
4683,40,Female,Bengaluru,Premium,16,1553.98,24563.92,60.2,0,4.7,3,0,4,I may leave because the service quality has become poor.,Negative,0
4684,31,Female,Bengaluru,Basic,17,496.26,7557.73,28.7,1,6.4,3,1,8,It is a normal experience with occasional issues.,Neutral,0
4685,34,Male,Kolkata,Premium,15,1517.25,20661.06,57.5,1,10,4,0,5,It is a normal experience with occasional issues.,Neutral,0
4686,25,Female,Chennai,Standard,15,879.41,12677.09,17.6,2,12.3,7,0,6,Not satisfied. The app is difficult to use and often fails.,Negative,0
4687,24,Male,Bengaluru,Standard,8,913.63,7231.56,36.9,1,17.9,6,0,5,I may leave because the service quality has become poor.,Negative,0
4688,22,Male,Mumbai,Basic,22,597.16,11527.24,33.4,3,14,4,0,6,I may leave because the service quality has become poor.,Negative,0
4689,28,Female,Chennai,Premium,8,1521.33,11727.55,26.8,0,10.7,4,0,7,Good value for money and quick customer support.,Positive,0
4690,36,Male,Kolkata,Basic,25,518.57,11499.41,17.9,1,9.1,0,1,8,"Excellent experience, no major issues and easy to use.",Positive,0
4691,18,Other,Hyderabad,Premium,19,1518.65,29546.68,29.6,1,9.7,0,1,7,Average experience. Some things work well and some do not.,Neutral,0
4692,39,Male,Hyderabad,Standard,4,912.39,3343.19,15.4,1,11,0,1,6,"Service is acceptable for now, but support could be faster.",Neutral,0
4693,35,Male,Mumbai,Standard,27,989.08,26995.42,35.8,3,9.3,7,1,7,Reliable service and simple to use. I would recommend it.,Positive,0
4694,37,Other,Kolkata,Standard,11,913.73,9904.48,48.5,2,6,9,1,4,Bad experience with billing and customer support.,Negative,0
4695,50,Male,Kolkata,Premium,18,1485.68,24089.44,74,1,15.1,1,0,5,"Service is acceptable for now, but support could be faster.",Neutral,0
4696,20,Other,Pune,Basic,26,532.12,13067.08,20.6,1,12.9,6,0,8,"Excellent experience, no major issues and easy to use.",Positive,0
4697,47,Female,Hyderabad,Standard,28,890.84,24543.44,30,2,11.6,0,1,7,The service is okay but there is room for improvement.,Neutral,0
4698,51,Other,Kochi,Standard,9,1029.73,8150.22,35.3,2,8.6,6,0,3,I may leave because the service quality has become poor.,Negative,1
4699,51,Other,Jaipur,Standard,47,919,38094.81,30.3,1,15.7,2,0,8,"Excellent experience, no major issues and easy to use.",Positive,0
4700,40,Other,Chennai,Basic,17,588.15,10421,29.8,2,14.4,0,0,3,Too many issues and the response from support is slow.,Negative,0
4701,45,Other,Mumbai,Standard,56,900.27,46563.52,30.6,0,0.5,4,1,8,"Excellent experience, no major issues and easy to use.",Positive,0
4702,21,Male,Ahmedabad,Basic,10,472.72,4675.11,26.6,2,8.3,4,1,5,Not satisfied. The app is difficult to use and often fails.,Negative,0
4703,32,Female,Delhi,Standard,11,808.12,7748.72,23.8,1,16.8,0,1,5,Too many issues and the response from support is slow.,Negative,0
4704,22,Female,Jaipur,Standard,28,903.92,25206.75,38.1,2,15.6,1,0,5,Poor experience. Support did not solve my issue.,Negative,0
4705,33,Female,Pune,Standard,32,919.3,29277.44,52.3,2,6.8,11,1,6,"Nothing special, but the service is usable.",Neutral,0
4706,18,Male,Kolkata,Premium,20,1472.88,25531.86,41.5,1,10,2,0,9,Support solved my issue quickly. Very good experience.,Positive,0
4707,39,Other,Jaipur,Basic,21,494.41,10532.54,23,2,0.5,6,1,9,I love the service. Everything has been reliable so far.,Positive,0
4708,18,Male,Kochi,Standard,28,809.39,19685.95,20.4,1,17,11,1,6,The service is okay but there is room for improvement.,Neutral,0
4709,29,Other,Bengaluru,Premium,45,1572.32,60612.62,52.9,2,0.5,0,0,4,Not satisfied. The app is difficult to use and often fails.,Negative,0
4710,26,Male,Kochi,Premium,20,1440.01,28601.59,56.4,3,19.2,10,1,6,I may leave because the service quality has become poor.,Negative,1
4711,18,Other,Pune,Basic,22,654.2,14219.85,25.3,0,10.8,0,1,7,"Nothing special, but the service is usable.",Neutral,0
4712,37,Female,Mumbai,Basic,12,439.06,4726.16,22.3,2,13.1,10,0,7,The service is okay but there is room for improvement.,Neutral,0
4713,26,Other,Mumbai,Standard,21,898.57,16124.9,54.8,4,5.8,8,0,5,Too many issues and the response from support is slow.,Negative,0
4714,32,Other,Kolkata,Basic,17,488.22,7222.12,11.8,5,25.8,6,1,5,Bad experience with billing and customer support.,Negative,1
4715,55,Other,Hyderabad,Basic,21,523.09,11515.18,13.8,4,8.9,9,1,5,Too many issues and the response from support is slow.,Negative,1
4716,34,Female,Mumbai,Standard,22,954.59,19181.71,27.8,1,6.9,0,1,6,"Nothing special, but the service is usable.",Neutral,0
4717,38,Female,Hyderabad,Standard,28,814.2,19850.02,29.5,2,18.3,3,1,9,Really satisfied with the service and performance.,Positive,0
4718,38,Female,Pune,Premium,25,1510.3,33880.41,56.7,1,15.4,0,1,9,I love the service. Everything has been reliable so far.,Positive,0
4719,32,Other,Kolkata,Standard,17,933.28,13581.3,23.5,3,9.4,6,1,8,"Great experience, the app works smoothly and the team is helpful.",Positive,0
4720,23,Female,Pune,Premium,20,1524.3,27078.61,38.5,2,17.8,3,0,7,The service is fine and meets most of my needs.,Neutral,0
4721,37,Female,Kochi,Standard,25,857.93,20815.03,31.4,0,8.2,0,0,5,Very disappointed with the service and slow support.,Negative,1
4722,22,Male,Ahmedabad,Standard,36,891.87,32916.34,24.5,0,8.6,0,0,5,The service is fine and meets most of my needs.,Neutral,0
4723,33,Male,Bengaluru,Standard,28,906.09,24790.06,43.9,2,10.7,7,1,6,"Service is acceptable for now, but support could be faster.",Neutral,0
4724,18,Male,Ahmedabad,Standard,8,837.96,6078.09,45.6,0,0.5,2,1,10,Very happy with the service and fast support.,Positive,0
4725,31,Female,Mumbai,Standard,5,977.93,4715.04,13.4,1,10.4,7,1,6,The service is okay but there is room for improvement.,Neutral,0
4726,35,Female,Bengaluru,Basic,43,523.34,22451.98,11.2,2,9.8,4,0,4,I may leave because the service quality has become poor.,Negative,0
4727,50,Female,Kolkata,Standard,22,821.86,18364.19,27.1,1,13,8,0,7,Average experience. Some things work well and some do not.,Neutral,0
4728,40,Male,Kolkata,Standard,40,1029.02,35506.21,22.2,0,12.1,0,1,7,"Nothing special, but the service is usable.",Neutral,0
4729,48,Male,Bengaluru,Premium,38,1502.57,56348.55,55.2,2,14.8,0,1,7,"Nothing special, but the service is usable.",Neutral,0
4730,25,Male,Kochi,Premium,24,1448.95,35503.02,53.1,2,17.6,0,0,9,I love the service. Everything has been reliable so far.,Positive,0
4731,35,Female,Kolkata,Premium,13,1347.02,18041.19,37.6,2,11.8,6,1,8,"Excellent experience, no major issues and easy to use.",Positive,0
4732,18,Male,Jaipur,Basic,22,457,10291.74,11.3,2,13,7,1,10,Support solved my issue quickly. Very good experience.,Positive,0
4733,39,Female,Mumbai,Standard,5,853.66,3711.04,16.1,1,11.1,3,1,9,Very happy with the service and fast support.,Positive,0
4734,20,Female,Ahmedabad,Standard,7,882.16,5819.23,43.9,3,17.1,6,1,6,I am unhappy with the price and frequent service problems.,Negative,0
4735,29,Female,Chennai,Standard,22,905.43,18398.31,30.4,3,19.3,1,1,7,It is a normal experience with occasional issues.,Neutral,0
4736,33,Male,Delhi,Standard,8,910.73,6993.83,26.4,2,10.3,0,1,6,The service is okay but there is room for improvement.,Neutral,0
4737,21,Other,Pune,Standard,4,867.31,3289.84,34.3,1,12.8,5,0,7,The service is okay but there is room for improvement.,Neutral,0
4738,33,Other,Ahmedabad,Basic,25,481.36,12488.79,31.7,1,13.7,3,1,4,The service is unreliable and I keep facing problems.,Negative,0
4739,40,Other,Kolkata,Standard,31,933.95,29705.76,29.8,1,0.5,10,1,9,Very happy with the service and fast support.,Positive,0
4740,42,Female,Kolkata,Basic,6,475.9,2994.9,14.8,1,13,10,0,6,The service is okay but there is room for improvement.,Neutral,0
4741,27,Female,Chennai,Standard,17,1037.46,17275.35,35.9,1,20.4,3,0,6,It is a normal experience with occasional issues.,Neutral,0
4742,37,Male,Jaipur,Standard,9,842.01,7729.31,44.1,0,10.8,6,0,6,"Nothing special, but the service is usable.",Neutral,0
4743,44,Other,Kochi,Premium,17,1466.82,22536.5,64.6,1,9.5,2,1,7,The service is okay but there is room for improvement.,Neutral,0
4744,34,Other,Chennai,Standard,48,893.21,37053.02,32.1,1,7.4,2,1,5,Average experience. Some things work well and some do not.,Neutral,0
4745,40,Male,Ahmedabad,Basic,8,535.03,4450.99,19,3,11.3,4,0,8,Support solved my issue quickly. Very good experience.,Positive,0
4746,33,Female,Jaipur,Basic,3,525.77,1365.1,18.9,1,10.5,0,1,8,"Excellent experience, no major issues and easy to use.",Positive,0
4747,30,Male,Bengaluru,Basic,24,539.22,12456.25,29.9,5,23.3,8,0,4,The service is unreliable and I keep facing problems.,Negative,1
4748,47,Other,Mumbai,Premium,54,1508.31,71024.91,67.4,3,22,8,1,8,Very happy with the service and fast support.,Positive,0
4749,38,Male,Pune,Standard,11,929.45,8845.81,27.7,2,10.7,0,1,9,Reliable service and simple to use. I would recommend it.,Positive,0
4750,18,Male,Kolkata,Standard,10,889.02,8385,34.6,2,25.7,6,0,8,The service is fine and meets most of my needs.,Neutral,0
4751,39,Female,Kochi,Standard,27,796.72,21689.47,33.1,1,17.2,2,0,4,Not satisfied. The app is difficult to use and often fails.,Negative,0
4752,18,Female,Jaipur,Standard,15,848.46,11647.7,1,1,9.4,0,1,5,Average experience. Some things work well and some do not.,Neutral,0
4753,24,Other,Kochi,Standard,9,998.47,9185.07,12.3,1,18.1,0,1,9,Good value for money and quick customer support.,Positive,0
4754,39,Male,Chennai,Standard,17,929.05,14183.87,24,0,15.6,0,0,6,It is a normal experience with occasional issues.,Neutral,0
4755,48,Other,Kochi,Basic,11,444.03,5094.83,32.8,1,16.8,1,1,9,Very happy with the service and fast support.,Positive,0
4756,29,Female,Kolkata,Premium,8,1458.61,10277.22,44.1,1,15.1,0,1,5,I am unhappy with the price and frequent service problems.,Negative,1
4757,37,Other,Hyderabad,Basic,15,606.88,8677.56,12.6,2,11.1,3,0,5,The service is unreliable and I keep facing problems.,Negative,0
4758,24,Female,Pune,Premium,26,1514.51,37953.85,55.5,1,13,0,0,8,"Great experience, the app works smoothly and the team is helpful.",Positive,0
4759,46,Female,Bengaluru,Basic,24,537.5,13365.16,36.9,2,13.8,8,1,7,The service is okay but there is room for improvement.,Neutral,0
4760,37,Male,Ahmedabad,Basic,15,576.93,7575.11,14.7,0,13.1,5,0,8,Support solved my issue quickly. Very good experience.,Positive,0
4761,43,Other,Pune,Basic,19,608.36,10695.26,22,6,15.7,10,0,5,I am unhappy with the price and frequent service problems.,Negative,1
4762,41,Male,Kochi,Standard,27,973.22,25238.48,24.9,4,23,6,0,7,The service is unreliable and I keep facing problems.,Negative,0
4763,42,Female,Chennai,Standard,26,764.7,17212.32,26.7,5,18,12,0,4,Bad experience with billing and customer support.,Negative,0
4764,30,Other,Chennai,Standard,15,832.42,11764.9,44.7,1,12,1,1,7,"Service is acceptable for now, but support could be faster.",Neutral,0
4765,32,Other,Delhi,Standard,15,905.98,13729.93,43.9,0,8.7,5,0,5,Very disappointed with the service and slow support.,Negative,0
4766,44,Female,Chennai,Standard,23,898.51,21456.13,29.8,3,12.4,1,1,7,The service is fine and meets most of my needs.,Neutral,0
4767,36,Male,Ahmedabad,Standard,72,963.62,68890.38,38.6,5,17.4,17,0,7,The service is unreliable and I keep facing problems.,Negative,0
4768,35,Female,Kochi,Basic,29,449.05,13264.17,24.4,0,10.1,1,0,9,Support solved my issue quickly. Very good experience.,Positive,0
4769,24,Male,Chennai,Standard,33,850.89,25549.37,38.8,2,23.7,4,1,7,It is a normal experience with occasional issues.,Neutral,0
4770,19,Male,Bengaluru,Standard,61,1013.41,61808.21,30.9,3,8.6,4,0,5,Very disappointed with the service and slow support.,Negative,0
4771,34,Male,Jaipur,Basic,12,346.26,3646.33,17.9,3,17.7,1,0,5,Poor experience. Support did not solve my issue.,Negative,0
4772,37,Female,Mumbai,Standard,31,850.35,24675.17,45.1,2,11.7,3,1,7,"Excellent experience, no major issues and easy to use.",Positive,0
4773,48,Female,Mumbai,Basic,29,547.35,14851.2,23.5,2,14.8,13,1,6,"Nothing special, but the service is usable.",Neutral,0
4774,22,Other,Chennai,Standard,18,840.78,15725.28,35.7,0,14.2,7,1,7,Reliable service and simple to use. I would recommend it.,Positive,0
4775,47,Male,Hyderabad,Basic,5,412.74,1903.97,3.3,4,21.1,8,1,5,Poor experience. Support did not solve my issue.,Negative,1
4776,51,Female,Chennai,Standard,29,891.62,22795.66,24.8,2,15.2,0,1,6,I am unhappy with the price and frequent service problems.,Negative,0
4777,26,Female,Jaipur,Basic,23,401.59,8290.12,16.5,0,5.8,0,0,8,I love the service. Everything has been reliable so far.,Positive,0
4778,23,Male,Ahmedabad,Standard,14,875.56,11715.6,29.9,4,11,3,0,7,Average experience. Some things work well and some do not.,Neutral,0
4779,46,Other,Pune,Standard,15,829.68,11722.8,41.6,1,18.2,5,1,6,"Nothing special, but the service is usable.",Neutral,1
4780,30,Male,Mumbai,Standard,22,820.54,16908.01,25.1,1,7.6,6,1,6,Very disappointed with the service and slow support.,Negative,0
4781,34,Male,Pune,Basic,16,436.19,7211.32,25.1,2,15.5,3,1,8,Average experience. Some things work well and some do not.,Neutral,0
4782,31,Other,Pune,Basic,6,409.32,2325.71,29.8,0,6,0,1,8,Good value for money and quick customer support.,Positive,0
4783,40,Other,Kolkata,Basic,14,467.21,6153.93,44.8,1,7.4,2,0,5,"Nothing special, but the service is usable.",Neutral,0
4784,28,Other,Ahmedabad,Standard,23,902.1,18949.35,45.7,0,13.9,0,1,9,Very happy with the service and fast support.,Positive,0
4785,21,Male,Kolkata,Premium,19,1538.25,27641.96,60.2,0,16.1,5,1,8,I love the service. Everything has been reliable so far.,Positive,0
4786,39,Male,Delhi,Premium,10,1459.75,12793.88,60.3,2,13.3,5,1,5,I may leave because the service quality has become poor.,Negative,1
4787,25,Male,Kochi,Standard,50,973.52,43599.42,27.7,2,12.4,5,1,6,It is a normal experience with occasional issues.,Neutral,0
4788,32,Male,Mumbai,Premium,20,1655.91,32346.55,54.1,1,10,0,0,6,It is a normal experience with occasional issues.,Neutral,1
4789,20,Male,Kolkata,Standard,3,957.42,3004.45,38.8,0,11.8,3,1,7,Support solved my issue quickly. Very good experience.,Positive,0
4790,35,Female,Jaipur,Basic,67,532.87,33758.58,38.6,0,8,3,1,8,"Excellent experience, no major issues and easy to use.",Positive,0
4791,18,Other,Ahmedabad,Premium,17,1381.24,22702.38,53.9,2,10.7,0,0,7,Average experience. Some things work well and some do not.,Neutral,0
4792,34,Other,Bengaluru,Premium,32,1340.89,43462.58,34.7,0,5.7,2,0,7,Support solved my issue quickly. Very good experience.,Positive,0
4793,35,Male,Chennai,Premium,39,1495.09,58282.68,48,2,11.3,4,0,7,The service is okay but there is room for improvement.,Neutral,0
4794,40,Female,Kolkata,Standard,7,853.59,5368.93,16.4,1,21.1,6,1,8,The service is fine and meets most of my needs.,Neutral,0
4795,43,Other,Kolkata,Basic,17,531.23,9019.05,13.5,1,9.7,7,1,10,Support solved my issue quickly. Very good experience.,Positive,0
4796,18,Other,Jaipur,Premium,24,1569.68,34073.31,69.8,0,18.2,0,0,6,Good value for money and quick customer support.,Positive,0
4797,27,Male,Delhi,Standard,56,863.86,42042.22,21.8,5,22.7,6,1,4,Bad experience with billing and customer support.,Negative,0
4798,31,Other,Kochi,Standard,18,869.48,15706.18,33.1,2,14.2,11,1,7,It is a normal experience with occasional issues.,Neutral,0
4799,18,Other,Chennai,Standard,14,807.25,10673.32,30.6,2,9.5,6,1,8,Very happy with the service and fast support.,Positive,0
4800,36,Female,Hyderabad,Basic,14,400.35,5551.08,7.8,2,16.9,0,0,5,Very disappointed with the service and slow support.,Negative,0
4801,32,Other,Pune,Premium,9,1401.54,13237.71,40.2,1,8.5,5,0,3,The service is unreliable and I keep facing problems.,Negative,0
4802,26,Female,Mumbai,Standard,23,912.1,21113.3,27.8,2,17.2,6,0,7,The service is fine and meets most of my needs.,Neutral,0
4803,36,Male,Chennai,Premium,54,1464,77533.71,54.5,0,21.4,3,1,9,Very happy with the service and fast support.,Positive,0
4804,39,Male,Bengaluru,Premium,25,1511.47,36902.88,42.4,0,12.2,4,1,6,"Service is acceptable for now, but support could be faster.",Neutral,0
4805,41,Male,Ahmedabad,Premium,12,1457.22,18218.66,38.5,0,5.2,0,0,9,"Great experience, the app works smoothly and the team is helpful.",Positive,0
4806,30,Female,Mumbai,Premium,6,1450.58,7839.75,43.4,1,16.6,2,1,4,The service is unreliable and I keep facing problems.,Negative,0
4807,22,Male,Pune,Basic,13,467.98,5539.23,10.2,2,18.8,1,0,7,The service is fine and meets most of my needs.,Neutral,1
4808,34,Other,Ahmedabad,Basic,8,543.55,3860.64,36.7,1,20,0,1,7,Average experience. Some things work well and some do not.,Neutral,0
4809,46,Male,Jaipur,Standard,8,725.43,5031.33,25.6,2,14.1,5,1,6,"Nothing special, but the service is usable.",Neutral,0
4810,40,Female,Kolkata,Basic,20,541.57,9780.15,36.2,2,13.5,4,0,5,Too many issues and the response from support is slow.,Negative,0
4811,31,Male,Delhi,Standard,17,928.05,14996.43,31.8,3,8.5,7,0,7,The service is okay but there is room for improvement.,Neutral,1
4812,31,Other,Chennai,Basic,16,535.14,8816.86,9.8,1,3,1,0,7,The service is okay but there is room for improvement.,Neutral,0
4813,18,Other,Ahmedabad,Premium,6,1448.58,9045.81,47.6,2,17.3,4,1,8,"Great experience, the app works smoothly and the team is helpful.",Positive,0
4814,29,Other,Pune,Standard,12,820.94,9937.24,18.3,4,15,6,1,5,Poor experience. Support did not solve my issue.,Negative,0
4815,36,Other,Kochi,Premium,8,1527.43,10924.23,35.1,1,15.1,5,0,6,"Nothing special, but the service is usable.",Neutral,0
4816,32,Female,Kolkata,Standard,14,906.66,12071.74,38.8,5,31.7,10,0,8,The service is okay but there is room for improvement.,Neutral,1
4817,25,Female,Delhi,Basic,42,477.4,19144.97,21.4,3,14,5,0,5,I may leave because the service quality has become poor.,Negative,1
4818,49,Other,Kolkata,Standard,29,968.64,25927.27,31.2,4,17.4,5,1,7,Not satisfied. The app is difficult to use and often fails.,Negative,1
4819,36,Female,Chennai,Standard,37,970.02,35203.83,20.1,3,17,10,1,6,Very disappointed with the service and slow support.,Negative,0
4820,38,Female,Mumbai,Standard,17,992.98,16767.14,29.3,2,21,6,1,6,It is a normal experience with occasional issues.,Neutral,0
4821,44,Female,Hyderabad,Standard,16,759.3,11127.6,37.2,1,8.7,2,1,4,I am unhappy with the price and frequent service problems.,Negative,0
4822,23,Male,Mumbai,Standard,13,815.57,10867.84,43.4,3,8.3,0,1,5,Bad experience with billing and customer support.,Negative,0
4823,24,Male,Bengaluru,Basic,12,467.31,5387.86,14.4,0,10.1,0,1,8,Reliable service and simple to use. I would recommend it.,Positive,0
4824,25,Male,Chennai,Basic,29,416.63,11762.34,13.7,1,8.4,2,1,7,The service is okay but there is room for improvement.,Neutral,0
4825,45,Male,Kolkata,Basic,36,482.96,15040.48,10.4,4,27.2,7,0,4,Very disappointed with the service and slow support.,Negative,0
4826,35,Male,Delhi,Premium,12,1543.97,18456.88,59.7,2,14.5,0,0,6,I am unhappy with the price and frequent service problems.,Negative,0
4827,45,Other,Ahmedabad,Basic,19,507.61,8398.94,7.3,1,6,9,1,8,Very happy with the service and fast support.,Positive,0
4828,27,Male,Pune,Standard,13,999.23,12312.63,16.6,2,12.4,10,1,8,"Excellent experience, no major issues and easy to use.",Positive,0
4829,28,Female,Ahmedabad,Basic,23,509.74,11268.04,26,1,3.4,0,0,5,Too many issues and the response from support is slow.,Negative,0
4830,31,Female,Kolkata,Basic,16,547.16,8315.62,16.1,1,7.2,0,1,6,Poor experience. Support did not solve my issue.,Negative,0
4831,25,Male,Delhi,Premium,9,1491.26,12522.58,34.8,0,12.9,0,0,5,"Nothing special, but the service is usable.",Neutral,0
4832,35,Female,Kolkata,Basic,12,478.88,5516.05,15.8,3,19,4,0,4,I may leave because the service quality has become poor.,Negative,1
4833,31,Other,Bengaluru,Premium,20,1620.02,33920.37,46.4,1,10.4,5,1,7,The service is okay but there is room for improvement.,Neutral,0
4834,33,Female,Mumbai,Premium,25,1398.24,31467.33,49.5,1,16.6,5,0,7,Really satisfied with the service and performance.,Positive,0
4835,41,Male,Pune,Standard,22,756.9,17142.89,27.7,1,15.4,0,0,9,"Service is acceptable for now, but support could be faster.",Neutral,0
4836,23,Male,Jaipur,Premium,8,1417.2,10670.28,73.6,2,18.6,4,1,5,The service is fine and meets most of my needs.,Neutral,0
4837,42,Male,Delhi,Basic,17,401.97,6236,21.4,2,11.7,0,0,7,"Great experience, the app works smoothly and the team is helpful.",Positive,0
4838,37,Female,Ahmedabad,Basic,22,568.79,10679.9,5.8,2,18.9,11,1,7,"Nothing special, but the service is usable.",Neutral,1
4839,38,Female,Mumbai,Standard,10,887.73,7907.45,36.7,2,12.3,4,0,8,Support solved my issue quickly. Very good experience.,Positive,0
4840,36,Male,Ahmedabad,Premium,9,1599.19,12919.53,50.6,2,12,4,0,9,Very happy with the service and fast support.,Positive,0
4841,36,Female,Bengaluru,Standard,27,938.1,26108.71,19.4,4,27.4,14,0,4,Too many issues and the response from support is slow.,Negative,0
4842,42,Female,Pune,Basic,30,472.31,13501.13,21.1,4,11.6,4,1,6,Very disappointed with the service and slow support.,Negative,0
4843,29,Male,Jaipur,Premium,24,1508.49,36490.58,59.9,2,15.1,9,0,8,Average experience. Some things work well and some do not.,Neutral,0
4844,37,Male,Kochi,Basic,25,538.42,13477.12,21.6,0,12.6,0,0,4,Bad experience with billing and customer support.,Negative,0
4845,36,Female,Chennai,Standard,25,839.95,20793.18,23.1,3,12,10,0,6,Good value for money and quick customer support.,Positive,0
4846,23,Other,Delhi,Premium,11,1517.66,15074.02,42.1,3,17.3,7,1,6,"Nothing special, but the service is usable.",Neutral,0
4847,23,Female,Bengaluru,Standard,10,805.54,7060.37,38.6,3,15.8,7,0,6,Poor experience. Support did not solve my issue.,Negative,1
4848,24,Female,Delhi,Basic,4,519.25,1803.2,29,4,14.6,4,1,4,The service is unreliable and I keep facing problems.,Negative,0
4849,40,Female,Pune,Standard,16,876.78,14659.23,22.2,2,14.9,3,0,5,I am unhappy with the price and frequent service problems.,Negative,1
4850,23,Other,Mumbai,Basic,14,568.14,7556.59,7.6,1,12.9,6,1,7,Average experience. Some things work well and some do not.,Neutral,0
4851,59,Male,Bengaluru,Premium,17,1528.39,25578.53,39,2,15.5,4,1,7,"Service is acceptable for now, but support could be faster.",Neutral,0
4852,25,Female,Bengaluru,Standard,6,868.77,4955.51,20.4,3,16.4,4,0,4,Bad experience with billing and customer support.,Negative,0
4853,27,Female,Bengaluru,Standard,28,975.63,23393.12,22.3,2,7.6,9,1,4,Very disappointed with the service and slow support.,Negative,0
4854,49,Other,Chennai,Basic,26,480.55,10963.65,15.2,5,17,15,0,3,The service is unreliable and I keep facing problems.,Negative,1
4855,29,Other,Pune,Premium,25,1479.18,38122.77,63.3,0,8.1,0,0,3,The service is unreliable and I keep facing problems.,Negative,1
4856,47,Male,Chennai,Premium,12,1596.21,18114.1,36.7,1,6.4,6,1,8,"Great experience, the app works smoothly and the team is helpful.",Positive,0
4857,31,Male,Delhi,Standard,45,813.2,32093.01,22.1,2,23,5,1,6,The service is fine and meets most of my needs.,Neutral,0
4858,33,Male,Delhi,Basic,26,556.79,13690.28,15.4,2,21.6,10,1,9,Good value for money and quick customer support.,Positive,0
4859,37,Male,Hyderabad,Basic,18,507.14,8260.49,15.8,1,14.7,4,1,8,The service is okay but there is room for improvement.,Neutral,0
4860,19,Female,Ahmedabad,Standard,48,898.76,40861.86,38.8,3,12.4,1,0,5,Poor experience. Support did not solve my issue.,Negative,1
4861,21,Male,Delhi,Basic,15,543.44,7005.28,18.1,2,18.3,2,1,5,Very disappointed with the service and slow support.,Negative,0
4862,30,Female,Ahmedabad,Premium,26,1437.71,36471.59,47.6,1,7.8,2,1,6,"Nothing special, but the service is usable.",Neutral,0
4863,24,Female,Pune,Standard,64,945.4,61477.15,44.2,0,13.5,9,0,7,The service is fine and meets most of my needs.,Neutral,0
4864,21,Other,Chennai,Premium,41,1516.2,63623.17,50.8,1,5.4,3,0,6,The service is okay but there is room for improvement.,Neutral,0
4865,24,Female,Hyderabad,Basic,5,449.25,2006.96,13.6,3,23.4,7,0,6,The service is fine and meets most of my needs.,Neutral,0
4866,33,Other,Delhi,Standard,5,854.89,4352.11,40.1,1,14.3,6,1,6,It is a normal experience with occasional issues.,Neutral,0
4867,18,Female,Kolkata,Premium,35,1525.05,55343.62,53.8,3,26.8,5,0,8,It is a normal experience with occasional issues.,Neutral,0
4868,31,Male,Mumbai,Basic,18,527.07,8273.58,11.2,4,26,9,1,6,Very disappointed with the service and slow support.,Negative,1
4869,33,Female,Mumbai,Premium,2,1421.9,2533.29,46.6,0,7.3,0,0,5,Bad experience with billing and customer support.,Negative,1
4870,36,Male,Kochi,Basic,27,538.6,14266.98,2.7,2,11.5,3,0,7,Not satisfied. The app is difficult to use and often fails.,Negative,0
4871,34,Female,Kochi,Premium,19,1464.67,25122.73,31.6,0,1,0,0,3,I am unhappy with the price and frequent service problems.,Negative,0
4872,43,Female,Kochi,Standard,27,1001.88,26233.98,40.7,2,12.8,4,1,8,The service is okay but there is room for improvement.,Neutral,0
4873,30,Female,Mumbai,Basic,5,558.41,2774.16,21.7,1,9.4,7,1,6,Average experience. Some things work well and some do not.,Neutral,0
4874,40,Female,Bengaluru,Standard,17,900.52,15313.93,29,5,24.8,15,0,4,The service is unreliable and I keep facing problems.,Negative,0
4875,41,Other,Kolkata,Basic,30,534.6,13973.69,3,0,5.6,3,0,4,The service is unreliable and I keep facing problems.,Negative,0
4876,30,Male,Mumbai,Standard,17,827.91,14251.79,34.5,1,16,0,0,3,Poor experience. Support did not solve my issue.,Negative,0
4877,31,Male,Mumbai,Standard,17,945.3,14711.18,48.2,4,8.2,0,0,6,Not satisfied. The app is difficult to use and often fails.,Negative,0
4878,36,Male,Bengaluru,Standard,24,815.13,17460.73,21,1,8.2,0,1,7,I love the service. Everything has been reliable so far.,Positive,0
4879,32,Other,Mumbai,Standard,28,827.06,20623.48,25.1,1,10.8,3,1,9,Really satisfied with the service and performance.,Positive,0
4880,18,Other,Ahmedabad,Standard,8,1005.92,7062.62,42.7,2,4,1,1,5,I am unhappy with the price and frequent service problems.,Negative,0
4881,21,Male,Jaipur,Standard,29,935.9,25554.17,31.3,3,22.8,0,0,4,Bad experience with billing and customer support.,Negative,1
4882,45,Male,Bengaluru,Standard,26,848.27,19456.13,36.9,3,28.9,3,1,4,Very disappointed with the service and slow support.,Negative,0
4883,32,Male,Ahmedabad,Basic,10,464.86,4191.54,14.5,2,13.3,0,1,6,"Service is acceptable for now, but support could be faster.",Neutral,0
4884,43,Other,Delhi,Basic,16,636.31,10476.34,22.4,1,6.8,1,1,6,"Nothing special, but the service is usable.",Neutral,0
4885,30,Other,Chennai,Basic,9,454.14,3869.9,19,3,16.6,8,1,7,"Nothing special, but the service is usable.",Neutral,0
4886,31,Other,Jaipur,Basic,16,500.29,6864.03,21.4,1,5.3,0,1,6,"Service is acceptable for now, but support could be faster.",Neutral,0
4887,27,Male,Kochi,Basic,6,424.17,2521.92,21.6,7,28.6,9,0,3,The service is unreliable and I keep facing problems.,Negative,1
4888,40,Other,Kochi,Standard,14,857.99,11113.15,45.6,2,20,4,1,7,"Nothing special, but the service is usable.",Neutral,0
4889,43,Female,Kochi,Basic,31,571.35,16203.3,2.1,0,9.7,4,1,8,Really satisfied with the service and performance.,Positive,0
4890,43,Female,Kolkata,Basic,38,423.18,16074.14,21.5,1,10.2,0,0,7,Really satisfied with the service and performance.,Positive,0
4891,28,Male,Hyderabad,Standard,7,869.06,6036.32,42.9,0,3.4,7,1,5,Very disappointed with the service and slow support.,Negative,0
4892,20,Female,Kolkata,Standard,29,778.15,19866,36.1,0,12.9,0,0,7,Support solved my issue quickly. Very good experience.,Positive,0
4893,31,Male,Kolkata,Premium,19,1503.27,28382.52,41.3,3,17.3,9,1,6,Bad experience with billing and customer support.,Negative,0
4894,18,Male,Ahmedabad,Basic,26,447.62,10389.29,13,2,12,7,1,6,"Nothing special, but the service is usable.",Neutral,0
4895,34,Male,Kolkata,Premium,18,1563.88,24788.69,37.3,1,19.1,0,1,9,Very happy with the service and fast support.,Positive,0
4896,45,Male,Mumbai,Standard,25,922.73,22904.81,37.5,1,16.8,5,0,7,Really satisfied with the service and performance.,Positive,0
4897,39,Other,Delhi,Basic,35,507.4,15166.98,38,2,8.5,6,1,5,I am unhappy with the price and frequent service problems.,Negative,0
4898,29,Other,Bengaluru,Basic,27,619.3,16674.43,1,2,4.1,10,0,6,"Nothing special, but the service is usable.",Neutral,0
4899,38,Other,Hyderabad,Standard,19,908.73,15030.77,35.4,2,9.5,0,0,5,"Service is acceptable for now, but support could be faster.",Neutral,0
4900,38,Female,Bengaluru,Basic,13,410.21,5106.62,28.8,1,13.7,6,1,7,The service is fine and meets most of my needs.,Neutral,0
4901,32,Male,Delhi,Basic,4,386.04,1462.01,25.1,1,20.5,5,1,8,"Excellent experience, no major issues and easy to use.",Positive,0
4902,26,Male,Mumbai,Basic,10,375.21,3440.93,19.9,1,8.3,3,1,7,"Excellent experience, no major issues and easy to use.",Positive,0
4903,33,Female,Jaipur,Basic,9,456.9,4166.32,30.8,6,22.4,15,1,4,Too many issues and the response from support is slow.,Negative,1
4904,37,Other,Delhi,Basic,26,526.17,13681.38,13.8,4,14.4,9,1,8,"Nothing special, but the service is usable.",Neutral,0
4905,46,Female,Jaipur,Basic,17,603.51,10713.59,31.2,2,14.5,0,1,5,The service is unreliable and I keep facing problems.,Negative,1
4906,40,Other,Hyderabad,Standard,5,815.78,4122.76,42.5,3,12.9,9,1,8,Support solved my issue quickly. Very good experience.,Positive,0
4907,37,Other,Pune,Premium,2,1464.07,2851.74,53.4,2,20.2,1,1,7,Good value for money and quick customer support.,Positive,0
4908,44,Female,Delhi,Standard,31,851.59,26959.25,25.4,3,18.2,8,0,5,I am unhappy with the price and frequent service problems.,Negative,0
4909,32,Male,Delhi,Standard,18,892.45,15123.03,42.5,2,8.5,13,1,8,"Excellent experience, no major issues and easy to use.",Positive,0
4910,33,Other,Kochi,Standard,11,875.1,9677.66,25.3,1,10,0,0,7,Really satisfied with the service and performance.,Positive,0
4911,49,Other,Ahmedabad,Basic,28,374.21,10839.35,20.3,3,16.1,10,0,1,I am unhappy with the price and frequent service problems.,Negative,1
4912,19,Other,Ahmedabad,Premium,31,1534.37,40597.72,38.5,1,10.3,0,0,5,Too many issues and the response from support is slow.,Negative,0
4913,38,Male,Bengaluru,Premium,60,1417.54,85674.26,34.1,1,3.6,5,0,7,The service is fine and meets most of my needs.,Neutral,0
4914,33,Male,Chennai,Basic,16,458.62,7177.85,16.5,1,5.2,5,1,6,It is a normal experience with occasional issues.,Neutral,0
4915,39,Female,Mumbai,Basic,21,389.59,8378.19,12.2,2,15,10,0,6,"Nothing special, but the service is usable.",Neutral,0
4916,47,Other,Jaipur,Standard,19,876.92,14875,37.7,1,13.8,0,0,9,I love the service. Everything has been reliable so far.,Positive,0
4917,33,Male,Jaipur,Premium,15,1576.69,23952.47,56.2,2,8.5,3,1,7,"Service is acceptable for now, but support could be faster.",Neutral,0
4918,40,Female,Bengaluru,Basic,5,508.04,2388.72,6.2,4,18.4,10,0,3,Not satisfied. The app is difficult to use and often fails.,Negative,1
4919,31,Male,Chennai,Premium,12,1372.94,15689.61,49.4,0,8.9,2,1,9,Support solved my issue quickly. Very good experience.,Positive,0
4920,45,Other,Jaipur,Standard,15,894.78,11982.7,23.3,3,23.2,8,1,6,Poor experience. Support did not solve my issue.,Negative,0
4921,38,Female,Ahmedabad,Premium,15,1531.07,22719.59,37.6,2,8.7,3,0,5,I am unhappy with the price and frequent service problems.,Negative,0
4922,47,Other,Kochi,Premium,19,1467.26,24602.55,42.5,2,14.2,1,0,6,The service is okay but there is room for improvement.,Neutral,0
4923,44,Male,Mumbai,Standard,24,866.8,21791.03,49,1,9.7,0,0,7,"Great experience, the app works smoothly and the team is helpful.",Positive,0
4924,21,Female,Bengaluru,Basic,19,409.07,7551.77,22.7,0,4.5,0,0,10,Good value for money and quick customer support.,Positive,0
4925,23,Male,Kochi,Basic,28,314.75,8463.24,28.4,3,14.3,11,0,2,I am unhappy with the price and frequent service problems.,Negative,1
4926,48,Female,Ahmedabad,Standard,8,940.09,7323.14,44.5,1,7.8,0,0,9,Very happy with the service and fast support.,Positive,0
4927,32,Other,Ahmedabad,Basic,17,389.33,6808.23,26.1,2,10.8,4,1,8,The service is okay but there is room for improvement.,Neutral,0
4928,25,Female,Pune,Standard,27,992.39,26679.21,32.1,1,8.6,0,0,7,Support solved my issue quickly. Very good experience.,Positive,0
4929,33,Male,Ahmedabad,Basic,47,576.06,23664.35,15.3,3,8.9,9,0,4,I am unhappy with the price and frequent service problems.,Negative,0
4930,48,Other,Mumbai,Basic,51,578.27,30769.72,22.6,3,17.9,7,0,6,Bad experience with billing and customer support.,Negative,0
4931,28,Female,Mumbai,Basic,20,425.42,8464.85,35.5,3,22.9,0,0,3,Poor experience. Support did not solve my issue.,Negative,1
4932,18,Female,Chennai,Premium,22,1426.24,27649.73,35.2,1,18,0,1,6,Reliable service and simple to use. I would recommend it.,Positive,0
4933,35,Female,Ahmedabad,Basic,15,468.23,6177.56,24.7,1,13.2,0,0,2,Bad experience with billing and customer support.,Negative,1
4934,48,Other,Kochi,Standard,43,901.87,38953.82,45.2,1,17.4,0,0,8,Support solved my issue quickly. Very good experience.,Positive,0
4935,42,Female,Pune,Standard,43,921.58,34884.64,17.5,1,11.8,5,0,8,Reliable service and simple to use. I would recommend it.,Positive,0
4936,30,Male,Mumbai,Standard,10,834.5,7975.01,33.4,0,14.5,8,0,7,Average experience. Some things work well and some do not.,Neutral,0
4937,22,Female,Bengaluru,Basic,26,467.89,12073.28,31.7,3,21.7,5,1,4,Poor experience. Support did not solve my issue.,Negative,0
4938,27,Other,Kochi,Standard,15,938.56,12645.61,21.8,2,22.8,3,0,8,"Excellent experience, no major issues and easy to use.",Positive,1
4939,26,Male,Bengaluru,Standard,7,939.64,5923.48,27,1,13.3,0,1,5,Very disappointed with the service and slow support.,Negative,0
4940,31,Male,Ahmedabad,Basic,50,536.75,28045.27,21.1,1,18.2,4,1,10,Reliable service and simple to use. I would recommend it.,Positive,0
4941,34,Female,Kochi,Basic,40,529.53,21885.78,11.8,4,19.1,9,1,5,Bad experience with billing and customer support.,Negative,1
4942,32,Male,Delhi,Standard,43,787.66,31720.63,27,1,12.9,12,0,7,It is a normal experience with occasional issues.,Neutral,0
4943,24,Male,Bengaluru,Premium,26,1364.88,36628.45,61.3,3,17.5,6,0,6,Bad experience with billing and customer support.,Negative,1
4944,46,Male,Kochi,Standard,27,926.64,22381.86,16.1,1,10.5,7,1,6,"Nothing special, but the service is usable.",Neutral,0
4945,37,Female,Pune,Premium,22,1596.63,32976.28,46.8,1,23.9,6,0,8,"Excellent experience, no major issues and easy to use.",Positive,0
4946,34,Other,Ahmedabad,Basic,16,501.9,7604.51,40.4,0,5.3,5,1,8,Good value for money and quick customer support.,Positive,0
4947,41,Male,Kochi,Premium,4,1505.87,5260.47,41,0,8.4,8,1,8,"Excellent experience, no major issues and easy to use.",Positive,0
4948,46,Other,Hyderabad,Basic,16,417.65,6439.37,13.7,0,4.3,0,1,9,Very happy with the service and fast support.,Positive,0
4949,26,Other,Jaipur,Premium,7,1547.31,9721.98,49.4,4,18,12,1,6,Very disappointed with the service and slow support.,Negative,0
4950,30,Female,Jaipur,Standard,15,992.87,15320.46,31.9,2,21.3,13,0,6,Average experience. Some things work well and some do not.,Neutral,1
4951,30,Female,Kolkata,Basic,28,570.83,14440.29,19.8,3,25.3,9,0,5,Poor experience. Support did not solve my issue.,Negative,0
4952,29,Other,Mumbai,Premium,10,1556.36,14300.68,57,2,14.7,2,1,5,Bad experience with billing and customer support.,Negative,0
4953,41,Male,Chennai,Basic,39,479.29,17882.65,13.6,4,10.4,9,0,5,The service is unreliable and I keep facing problems.,Negative,1
4954,29,Female,Jaipur,Basic,33,443.92,12864.4,16.8,0,5,5,1,9,Good value for money and quick customer support.,Positive,0
4955,32,Female,Bengaluru,Basic,11,478.93,5444.48,11.7,0,6.9,3,0,8,I love the service. Everything has been reliable so far.,Positive,0
4956,31,Other,Ahmedabad,Standard,40,1036.77,35938.32,37.4,6,25.2,12,0,3,Poor experience. Support did not solve my issue.,Negative,1
4957,42,Male,Jaipur,Premium,9,1432.58,12476.03,45.7,0,8,11,1,6,It is a normal experience with occasional issues.,Neutral,0
4958,32,Female,Chennai,Premium,11,1477.56,15200.92,53.1,2,24.9,3,0,8,Really satisfied with the service and performance.,Positive,0
4959,29,Female,Ahmedabad,Standard,15,990.74,15228.27,44.5,2,13.3,7,1,6,The service is unreliable and I keep facing problems.,Negative,1
4960,25,Other,Kochi,Standard,31,1057.24,28761.32,34.4,1,6.9,7,0,7,Good value for money and quick customer support.,Positive,0
4961,31,Female,Kochi,Standard,4,781.53,2759.51,43,0,11.2,2,1,8,Very happy with the service and fast support.,Positive,0
4962,47,Female,Kochi,Premium,40,1563.72,54931.63,55.1,1,15.2,0,1,5,The service is okay but there is room for improvement.,Neutral,0
4963,23,Female,Kochi,Basic,13,592.72,7062.85,3.8,4,11.4,1,0,4,I am unhappy with the price and frequent service problems.,Negative,1
4964,33,Other,Pune,Standard,21,1021.22,22415.84,31,1,13.9,6,1,9,Support solved my issue quickly. Very good experience.,Positive,0
4965,45,Female,Ahmedabad,Standard,11,882.27,9450.45,25.2,3,12.2,3,1,9,Support solved my issue quickly. Very good experience.,Positive,0
4966,26,Male,Delhi,Standard,18,872.17,14826.15,30,0,7.3,0,1,7,"Excellent experience, no major issues and easy to use.",Positive,0
4967,29,Other,Kolkata,Basic,32,397.27,10926.23,1.4,0,14.3,7,0,7,The service is okay but there is room for improvement.,Neutral,0
4968,29,Other,Ahmedabad,Basic,35,467.57,15680.8,18,1,14.1,0,1,6,The service is okay but there is room for improvement.,Neutral,0
4969,32,Male,Kochi,Basic,10,491.51,4386.04,26.9,0,0.5,1,0,5,Bad experience with billing and customer support.,Negative,0
4970,48,Male,Kolkata,Standard,19,840.74,14629.23,32.2,0,18.9,0,0,8,"Great experience, the app works smoothly and the team is helpful.",Positive,0
4971,32,Female,Delhi,Standard,15,898.76,12087.46,33.2,1,4.5,0,1,9,Reliable service and simple to use. I would recommend it.,Positive,0
4972,45,Other,Kochi,Standard,16,948.22,13841.59,42.2,1,13.8,8,1,8,Really satisfied with the service and performance.,Positive,0
4973,18,Female,Kochi,Premium,25,1549.61,38863.86,55.9,2,15.6,0,1,6,"Service is acceptable for now, but support could be faster.",Neutral,0
4974,44,Female,Ahmedabad,Standard,11,936.92,10771.23,27.2,3,17.4,10,0,5,Too many issues and the response from support is slow.,Negative,1
4975,21,Female,Kolkata,Basic,12,496.7,5755.57,12.3,1,14.8,4,0,6,Very disappointed with the service and slow support.,Negative,0
4976,33,Female,Kochi,Standard,29,869.46,24242.5,30,3,11.5,10,1,5,Poor experience. Support did not solve my issue.,Negative,0
4977,38,Female,Bengaluru,Standard,13,814.91,10011.73,39.5,0,14.9,8,1,7,Support solved my issue quickly. Very good experience.,Positive,0
4978,43,Female,Pune,Basic,4,400.78,1500.11,18.5,1,5.4,6,0,5,Average experience. Some things work well and some do not.,Neutral,0
4979,27,Female,Pune,Basic,6,378.22,2213.34,3.5,1,12.4,2,1,7,"Excellent experience, no major issues and easy to use.",Positive,0
4980,24,Male,Chennai,Premium,7,1526.49,9086.04,26.5,3,16.8,14,0,2,I am unhappy with the price and frequent service problems.,Negative,1
4981,28,Other,Kolkata,Premium,15,1696.18,22259.08,58.4,1,15.8,7,1,9,Very happy with the service and fast support.,Positive,0
4982,25,Other,Mumbai,Premium,9,1553.61,13646.74,30.8,1,8.3,0,1,5,Very disappointed with the service and slow support.,Negative,0
4983,43,Other,Hyderabad,Standard,8,911.57,6327.24,33.7,1,12.2,0,0,6,It is a normal experience with occasional issues.,Neutral,0
4984,39,Male,Bengaluru,Premium,9,1481.88,11357.89,58,3,10.1,6,1,6,Too many issues and the response from support is slow.,Negative,0
4985,37,Male,Mumbai,Standard,18,1004.95,17609.17,37.6,1,12.7,11,1,5,Very disappointed with the service and slow support.,Negative,0
4986,32,Male,Bengaluru,Standard,5,938.64,4029.34,46.5,0,17.1,3,1,7,Very happy with the service and fast support.,Positive,0
4987,34,Other,Jaipur,Standard,10,889.76,8996.1,18.6,0,6.1,0,0,6,The service is okay but there is room for improvement.,Neutral,0
4988,30,Other,Pune,Standard,21,861.7,18035.19,35.2,1,12.9,0,0,6,Too many issues and the response from support is slow.,Negative,0
4989,39,Other,Jaipur,Basic,12,367.06,4189.16,8.1,2,13.5,11,1,5,The service is unreliable and I keep facing problems.,Negative,1
4990,18,Other,Ahmedabad,Standard,8,1062.68,8460.18,31.7,0,6.4,0,1,9,I love the service. Everything has been reliable so far.,Positive,0
4991,33,Female,Delhi,Premium,10,1570.08,14624.66,41.9,2,8.1,3,1,7,The service is okay but there is room for improvement.,Neutral,0
4992,30,Male,Delhi,Standard,43,911.36,34683.56,36.3,1,12.7,5,1,7,The service is fine and meets most of my needs.,Neutral,0
4993,47,Male,Pune,Basic,14,637.23,7773.34,21.1,3,20.6,12,0,5,I may leave because the service quality has become poor.,Negative,1
4994,54,Male,Delhi,Standard,14,897.37,12339.02,33.3,3,21.9,11,1,4,I may leave because the service quality has become poor.,Negative,1
4995,25,Female,Kochi,Premium,42,1463.32,56516.45,58.7,0,12.3,5,0,6,Not satisfied. The app is difficult to use and often fails.,Negative,0
4996,18,Female,Mumbai,Standard,32,845.89,24376.82,32.9,5,13.9,10,0,6,Not satisfied. The app is difficult to use and often fails.,Negative,1
4997,27,Other,Kochi,Basic,16,470.37,6842.67,12.7,2,16.5,1,1,7,The service is okay but there is room for improvement.,Neutral,0
4998,26,Male,Jaipur,Basic,30,423.81,12310.03,4.2,1,10.7,3,0,8,Very happy with the service and fast support.,Positive,0
4999,34,Male,Hyderabad,Standard,27,1001.36,25918.6,58.5,4,16.7,2,0,8,Not satisfied. The app is difficult to use and often fails.,Negative,0
5000,31,Other,Pune,Standard,24,868.46,17884.77,32,2,18.7,11,0,8,It is a normal experience with occasional issues.,Neutral,0
5001,40,Male,Pune,Basic,23,441.32,10381.4,19.9,5,21.3,12,0,6,The service is unreliable and I keep facing problems.,Negative,1
5002,32,Other,Ahmedabad,Standard,27,961.99,25845.24,32.9,4,18.9,5,1,7,Too many issues and the response from support is slow.,Negative,0
5003,21,Other,Kolkata,Standard,9,838.54,6884.22,42,1,18,2,1,8,"Great experience, the app works smoothly and the team is helpful.",Positive,0
5004,39,Other,Pune,Basic,38,543.18,18373.91,3.3,2,15.4,6,1,7,"Excellent experience, no major issues and easy to use.",Positive,0
5005,43,Other,Kochi,Standard,19,922.5,18373.76,14.3,2,9.2,5,0,7,Very disappointed with the service and slow support.,Negative,0
5006,40,Other,Kochi,Standard,14,1007.91,12830.46,19.7,3,12.9,6,0,3,Not satisfied. The app is difficult to use and often fails.,Negative,1
5007,34,Other,Kochi,Premium,23,1481.71,34312.94,45.7,1,3.9,6,1,10,"Great experience, the app works smoothly and the team is helpful.",Positive,0
5008,32,Other,Kolkata,Basic,15,493.66,6799.9,25,3,20,0,0,4,Poor experience. Support did not solve my issue.,Negative,1
5009,32,Female,Bengaluru,Standard,13,960.02,12973.03,27.8,0,9,0,1,6,"Nothing special, but the service is usable.",Neutral,0
5010,30,Other,Kolkata,Standard,26,868.07,21161.47,46.8,2,19.3,3,1,7,Poor experience. Support did not solve my issue.,Negative,0
5011,41,Female,Kolkata,Premium,47,1525.45,61623.01,44.3,2,14.7,4,1,6,I am unhappy with the price and frequent service problems.,Negative,0
5012,39,Male,Ahmedabad,Basic,22,427.33,8866.23,29.8,2,9.2,0,0,4,Bad experience with billing and customer support.,Negative,1
5013,41,Female,Chennai,Premium,18,1535.21,27265.2,61.5,1,10.5,8,0,6,"Nothing special, but the service is usable.",Neutral,0
5014,47,Other,Hyderabad,Standard,4,739.9,2756.32,33.9,0,9.8,0,0,8,Reliable service and simple to use. I would recommend it.,Positive,0
5015,45,Other,Kochi,Basic,26,536.02,13177.11,21,4,17.5,6,0,6,Bad experience with billing and customer support.,Negative,1
5016,34,Female,Delhi,Standard,42,921.11,36805.34,39.9,0,9.6,7,1,6,The service is fine and meets most of my needs.,Neutral,0
5017,20,Other,Jaipur,Premium,40,1492.11,52590.51,35.4,3,16.3,5,1,8,I love the service. Everything has been reliable so far.,Positive,0
5018,27,Male,Chennai,Standard,10,898.05,9064.6,30.1,0,8.1,6,0,8,Good value for money and quick customer support.,Positive,0
5019,54,Other,Ahmedabad,Basic,29,673.44,19244.51,35.6,2,15.9,0,0,4,Poor experience. Support did not solve my issue.,Negative,0
5020,24,Male,Mumbai,Standard,11,1020.55,11682.68,37.9,2,6.5,3,0,5,Very disappointed with the service and slow support.,Negative,0
5021,28,Other,Kolkata,Basic,22,519.17,10105.45,31.2,0,5.1,12,1,8,Reliable service and simple to use. I would recommend it.,Positive,0
5022,42,Male,Kochi,Basic,22,611.81,12886.66,18.7,3,15.7,12,1,7,It is a normal experience with occasional issues.,Neutral,0
5023,33,Other,Delhi,Standard,18,966.39,17533.21,17.8,0,10.1,4,0,6,"Nothing special, but the service is usable.",Neutral,0
5024,24,Female,Kolkata,Standard,17,907.54,14911.24,24.1,2,14.5,2,1,6,I am unhappy with the price and frequent service problems.,Negative,0
5025,50,Other,Kochi,Basic,22,512.17,10808.51,41.8,0,4.9,6,0,6,It is a normal experience with occasional issues.,Neutral,0
5026,23,Other,Mumbai,Standard,10,974.39,8884.31,38.6,1,6.8,1,0,8,Really satisfied with the service and performance.,Positive,0
5027,32,Other,Hyderabad,Basic,14,591.24,8462.49,23.9,2,10.7,10,0,5,Too many issues and the response from support is slow.,Negative,0
5028,46,Female,Kochi,Premium,25,1467.42,32333.02,62.9,0,5.1,5,1,6,I love the service. Everything has been reliable so far.,Positive,0
5029,27,Female,Kochi,Basic,6,461.69,2547.82,4.5,1,14.7,0,1,6,The service is fine and meets most of my needs.,Neutral,0
5030,43,Other,Ahmedabad,Standard,14,1019.38,12736.97,51.5,0,3.7,0,0,7,I love the service. Everything has been reliable so far.,Positive,0
5031,18,Male,Ahmedabad,Standard,20,866.61,17333.43,39.4,0,2,4,0,7,Average experience. Some things work well and some do not.,Neutral,0
5032,35,Other,Kolkata,Standard,3,893.44,2506.79,25.7,1,1.9,0,0,6,"Great experience, the app works smoothly and the team is helpful.",Positive,0
5033,39,Other,Jaipur,Basic,16,490.35,8125.98,18.8,0,6,2,1,6,"Nothing special, but the service is usable.",Neutral,0
5034,35,Male,Kochi,Premium,8,1508.18,10498.67,58.7,1,18.9,0,0,6,Poor experience. Support did not solve my issue.,Negative,0
5035,44,Other,Kochi,Standard,18,863.11,13796.11,21,2,14.3,5,1,6,"Nothing special, but the service is usable.",Neutral,1
5036,35,Male,Kochi,Standard,19,854.91,14181.64,44.6,3,20.4,9,0,6,I may leave because the service quality has become poor.,Negative,0
5037,32,Male,Kolkata,Standard,34,902.1,27194.91,25.1,2,21,13,0,7,The service is okay but there is room for improvement.,Neutral,0
5038,35,Male,Ahmedabad,Standard,25,853.64,21529.52,27.8,2,17.5,3,0,5,I may leave because the service quality has become poor.,Negative,1
5039,31,Male,Jaipur,Standard,21,828.67,16522.57,33.5,1,10.8,0,1,7,Good value for money and quick customer support.,Positive,0
5040,34,Male,Pune,Premium,19,1439.93,25679.17,42.7,1,7.7,1,1,10,"Excellent experience, no major issues and easy to use.",Positive,0
5041,18,Other,Ahmedabad,Premium,17,1625.13,27799.8,56.2,2,12.5,3,0,7,"Nothing special, but the service is usable.",Neutral,0
5042,53,Female,Bengaluru,Standard,7,878.53,6324.79,24.2,4,22.9,6,1,6,I may leave because the service quality has become poor.,Negative,0
5043,47,Other,Jaipur,Standard,4,848.15,3109.75,44.3,1,18,6,0,3,I am unhappy with the price and frequent service problems.,Negative,0
5044,42,Female,Delhi,Standard,5,863.24,4035.35,30,4,10.9,11,0,5,I may leave because the service quality has become poor.,Negative,0
5045,47,Female,Mumbai,Standard,26,889.07,22856.27,32.7,3,22,5,0,7,"Nothing special, but the service is usable.",Neutral,0
5046,35,Male,Hyderabad,Basic,16,325.81,4443.52,12.3,4,19.6,6,1,4,Very disappointed with the service and slow support.,Negative,1
5047,30,Other,Delhi,Standard,12,958.81,10262.43,24.6,3,14,4,0,6,Not satisfied. The app is difficult to use and often fails.,Negative,0
5048,41,Male,Hyderabad,Standard,44,774.85,29473.25,22.5,2,7.9,6,0,4,Too many issues and the response from support is slow.,Negative,0
5049,23,Other,Pune,Basic,20,357.33,7454.86,11.7,2,20.7,5,1,7,Not satisfied. The app is difficult to use and often fails.,Negative,0
5050,47,Other,Kochi,Basic,25,525.61,12332.32,11.6,1,8.1,2,0,6,"Service is acceptable for now, but support could be faster.",Neutral,0
5051,38,Male,Pune,Premium,21,1573.9,34450,34.5,2,12.9,0,0,6,The service is unreliable and I keep facing problems.,Negative,0
5052,24,Male,Mumbai,Premium,22,1606.45,35551.4,50.7,0,18.6,2,1,8,Very happy with the service and fast support.,Positive,0
5053,38,Male,Kolkata,Standard,46,896.48,39352.63,29,4,17.3,12,1,4,The service is unreliable and I keep facing problems.,Negative,1
5054,23,Female,Kolkata,Premium,57,1480.55,87178.24,46.6,1,12,6,0,6,"Nothing special, but the service is usable.",Neutral,0
5055,41,Male,Jaipur,Standard,18,922.94,16800,36,2,16.8,0,1,5,I may leave because the service quality has become poor.,Negative,0
5056,25,Other,Bengaluru,Premium,8,1542.11,12122.12,48,0,1.9,4,0,8,Good value for money and quick customer support.,Positive,0
5057,29,Other,Pune,Premium,12,1632.52,20293.32,37.4,3,8.7,4,1,5,Not satisfied. The app is difficult to use and often fails.,Negative,0
5058,41,Female,Kochi,Basic,17,568.71,9955.79,29.3,2,5.9,2,1,6,I may leave because the service quality has become poor.,Negative,0
5059,37,Other,Pune,Basic,40,495.84,18086.75,17.4,5,22.9,3,0,5,Bad experience with billing and customer support.,Negative,1
5060,42,Other,Kolkata,Premium,18,1486.94,25245.77,39.4,0,18.7,2,0,7,"Great experience, the app works smoothly and the team is helpful.",Positive,0
5061,18,Female,Mumbai,Premium,30,1539.51,47010.66,41.9,1,8.8,3,1,8,Reliable service and simple to use. I would recommend it.,Positive,0
5062,37,Male,Ahmedabad,Standard,24,1000.73,21646.61,22.7,0,14.7,0,0,7,The service is okay but there is room for improvement.,Neutral,0
5063,23,Female,Jaipur,Premium,16,1513.28,21089.56,60,5,17.3,5,1,6,I may leave because the service quality has become poor.,Negative,1
5064,32,Other,Chennai,Standard,36,825.96,26933.25,59.3,2,21.5,2,0,5,I may leave because the service quality has become poor.,Negative,0
5065,47,Male,Hyderabad,Standard,15,1059.08,15537.41,26.7,1,14.9,0,0,8,Very happy with the service and fast support.,Positive,1
5066,29,Male,Jaipur,Premium,23,1526.97,31341.94,59.7,1,10.5,2,1,8,Really satisfied with the service and performance.,Positive,0
5067,26,Other,Pune,Standard,13,957.38,12680.23,37.4,2,16.6,6,0,9,Good value for money and quick customer support.,Positive,0
5068,35,Male,Pune,Basic,12,469.66,5044.89,25.2,2,12.2,5,1,7,The service is okay but there is room for improvement.,Neutral,0
5069,36,Other,Delhi,Standard,27,867.35,21814.14,33.5,3,19.8,12,1,6,I am unhappy with the price and frequent service problems.,Negative,1
5070,39,Other,Kolkata,Standard,12,877.77,10512.65,28.1,5,23.7,8,0,4,I may leave because the service quality has become poor.,Negative,1
5071,37,Male,Pune,Basic,16,563.06,8144.43,15.8,4,23,5,1,7,I may leave because the service quality has become poor.,Negative,0
5072,46,Other,Pune,Standard,20,708.87,14694.95,34.6,1,16.5,0,0,10,Really satisfied with the service and performance.,Positive,0
5073,31,Other,Jaipur,Standard,33,894.28,28337.63,26.4,0,11.5,0,1,8,"Great experience, the app works smoothly and the team is helpful.",Positive,0
5074,46,Other,Ahmedabad,Basic,7,462.26,3097.07,1,0,9.8,2,0,4,Bad experience with billing and customer support.,Negative,0
5075,25,Male,Ahmedabad,Basic,29,520.92,14232.5,31.2,2,8.3,4,0,7,Average experience. Some things work well and some do not.,Neutral,0
5076,36,Male,Hyderabad,Standard,23,908.15,20292.36,35.3,1,23.8,6,0,8,Support solved my issue quickly. Very good experience.,Positive,0
5077,42,Other,Kochi,Basic,12,512.87,5919.94,30.7,0,4.2,0,1,8,"Great experience, the app works smoothly and the team is helpful.",Positive,0
5078,29,Male,Pune,Premium,17,1509.13,22245,46.4,4,23,9,1,7,Bad experience with billing and customer support.,Negative,1
5079,30,Other,Bengaluru,Standard,14,918.72,11092.58,27.7,4,12.5,12,1,8,The service is fine and meets most of my needs.,Neutral,0
5080,32,Male,Ahmedabad,Premium,15,1498.54,23114.75,49.3,0,7.3,0,1,8,Very happy with the service and fast support.,Positive,0
5081,31,Other,Chennai,Standard,19,746.95,14821.96,36,1,4.6,8,0,6,The service is fine and meets most of my needs.,Neutral,0
5082,32,Female,Pune,Standard,36,943.33,34649.11,13,3,8.6,6,0,3,I am unhappy with the price and frequent service problems.,Negative,1
5083,31,Male,Chennai,Standard,33,966.11,28326.59,39.1,0,10.7,0,1,8,Very happy with the service and fast support.,Positive,0
5084,32,Other,Jaipur,Standard,35,833.71,27690.85,22.2,2,16.8,4,0,6,The service is unreliable and I keep facing problems.,Negative,0
5085,25,Other,Mumbai,Standard,11,973.39,10040.32,17.4,5,24.9,5,1,5,I may leave because the service quality has become poor.,Negative,1
5086,34,Male,Jaipur,Standard,14,950.22,12352.06,32.3,1,9.2,4,1,6,It is a normal experience with occasional issues.,Neutral,0
5087,35,Female,Hyderabad,Basic,12,511.48,6123.45,10.7,4,19.5,4,1,4,Bad experience with billing and customer support.,Negative,1
5088,39,Male,Pune,Basic,27,457.5,12565.28,12.8,1,8,1,0,8,I love the service. Everything has been reliable so far.,Positive,0
5089,36,Male,Chennai,Standard,35,868.59,26039.52,31.1,2,7.1,7,0,5,Too many issues and the response from support is slow.,Negative,0
5090,27,Other,Jaipur,Standard,22,1035.1,23125.49,40.1,0,13,0,0,6,Average experience. Some things work well and some do not.,Neutral,0
5091,35,Other,Ahmedabad,Premium,15,1554.48,23990.89,55.9,2,16.1,7,0,8,Support solved my issue quickly. Very good experience.,Positive,0
5092,27,Female,Delhi,Standard,23,976.94,22758.1,30.9,1,16.3,7,0,4,The service is unreliable and I keep facing problems.,Negative,1
5093,34,Female,Ahmedabad,Standard,2,800.93,1675.13,25.4,1,16.6,1,1,9,I love the service. Everything has been reliable so far.,Positive,0
5094,30,Other,Pune,Basic,23,596.64,12651.17,15.3,5,22.4,18,1,8,The service is okay but there is room for improvement.,Neutral,0
5095,28,Female,Pune,Basic,16,658.88,10506.42,25.4,1,22,0,0,5,I am unhappy with the price and frequent service problems.,Negative,1
5096,35,Male,Delhi,Basic,35,426.68,15088.89,20.7,3,6.2,10,1,6,Bad experience with billing and customer support.,Negative,0
5097,31,Female,Kolkata,Premium,19,1572.29,30099.2,54.3,1,9.2,0,0,6,It is a normal experience with occasional issues.,Neutral,0
5098,27,Male,Hyderabad,Standard,11,909.06,9731.7,32,2,15.6,0,0,5,I may leave because the service quality has become poor.,Negative,1
5099,39,Male,Kolkata,Basic,5,350.39,1722.28,10.4,1,9.5,3,1,9,Support solved my issue quickly. Very good experience.,Positive,0
5100,39,Other,Delhi,Standard,17,856.78,13628.59,33.6,2,13.7,2,0,5,Poor experience. Support did not solve my issue.,Negative,0
5101,40,Female,Ahmedabad,Standard,25,809.72,19028.12,32.9,2,21.8,2,1,6,The service is unreliable and I keep facing problems.,Negative,1
5102,19,Female,Jaipur,Basic,25,502.71,11503.24,32.2,0,11.6,1,0,7,Really satisfied with the service and performance.,Positive,0
5103,33,Male,Chennai,Standard,18,841.71,13885.28,24.2,3,14.4,9,1,7,"Service is acceptable for now, but support could be faster.",Neutral,0
5104,31,Male,Mumbai,Premium,8,1474.36,10604.18,54.7,0,8.9,4,1,7,"Service is acceptable for now, but support could be faster.",Neutral,0
5105,32,Other,Pune,Premium,12,1525.68,19154.27,61.2,2,16,1,1,6,It is a normal experience with occasional issues.,Neutral,0
5106,18,Male,Chennai,Standard,19,1032.97,20498.14,22.5,1,16,1,0,6,The service is fine and meets most of my needs.,Neutral,0
5107,21,Male,Pune,Standard,18,864.07,14683.3,45.3,1,5.6,2,0,9,Good value for money and quick customer support.,Positive,0
5108,39,Male,Pune,Premium,21,1571.95,30735.18,38.6,2,11.2,12,1,6,Bad experience with billing and customer support.,Negative,0
5109,28,Other,Hyderabad,Standard,9,912.7,7273.52,34.4,5,12,15,1,5,Too many issues and the response from support is slow.,Negative,0
5110,59,Other,Mumbai,Basic,11,578.41,6099.35,28.8,3,14.9,5,0,5,The service is unreliable and I keep facing problems.,Negative,0
5111,32,Female,Jaipur,Standard,9,953.71,8346.74,38.5,0,12.9,3,1,7,Really satisfied with the service and performance.,Positive,0
5112,31,Male,Hyderabad,Basic,8,448.89,3755.38,25.3,3,17.9,11,0,8,"Excellent experience, no major issues and easy to use.",Positive,0
5113,42,Male,Jaipur,Basic,27,494.05,13231.32,15.6,3,9.3,9,0,6,I may leave because the service quality has become poor.,Negative,1
5114,26,Female,Kolkata,Standard,7,983.5,6564.12,30.2,3,8.3,7,0,5,Very disappointed with the service and slow support.,Negative,1
5115,40,Other,Kochi,Premium,12,1566.5,19038.06,65.8,3,19.6,0,0,5,Very disappointed with the service and slow support.,Negative,0
5116,31,Male,Kochi,Standard,5,869.92,3753.8,24,4,10.9,2,0,5,The service is unreliable and I keep facing problems.,Negative,1
5117,31,Female,Mumbai,Standard,37,935.19,33477.56,38.2,3,11.8,4,1,8,The service is okay but there is room for improvement.,Neutral,0
5118,37,Male,Pune,Basic,29,508.97,15269.55,26.6,3,16.8,11,1,5,Bad experience with billing and customer support.,Negative,0
5119,39,Male,Hyderabad,Premium,18,1548.43,25771.84,65.1,2,11.4,9,0,5,I may leave because the service quality has become poor.,Negative,0
5120,30,Other,Hyderabad,Standard,72,883.29,57498.41,5.3,3,16.1,12,0,6,Very disappointed with the service and slow support.,Negative,0
5121,29,Other,Kolkata,Standard,23,886.13,20140.57,31.4,4,17.1,4,1,2,Bad experience with billing and customer support.,Negative,1
5122,38,Female,Chennai,Basic,9,441.39,3525.5,26.2,0,8.7,3,1,6,Very disappointed with the service and slow support.,Negative,0
5123,31,Female,Kochi,Standard,23,876.17,20778.76,29.7,0,14.1,0,0,8,I love the service. Everything has been reliable so far.,Positive,0
5124,24,Female,Jaipur,Standard,31,905.77,24700.26,32.5,3,5.3,5,0,5,The service is unreliable and I keep facing problems.,Negative,1
5125,20,Female,Pune,Basic,15,523.66,6840,23.9,1,16.5,0,0,4,Very disappointed with the service and slow support.,Negative,1
5126,38,Female,Bengaluru,Basic,13,464.55,6011.23,16.2,1,14.3,1,0,6,The service is okay but there is room for improvement.,Neutral,0
5127,49,Male,Kochi,Standard,40,908.95,32207.01,41.4,2,15.6,6,1,6,Not satisfied. The app is difficult to use and often fails.,Negative,0
5128,40,Other,Bengaluru,Standard,15,941.02,14171.52,33.2,1,10.2,1,0,7,Average experience. Some things work well and some do not.,Neutral,0
5129,25,Female,Hyderabad,Basic,19,522.66,9096.76,15.9,5,17.1,12,0,6,Very disappointed with the service and slow support.,Negative,0
5130,30,Female,Kolkata,Standard,35,944.33,29732.59,10.4,4,30.3,2,0,8,"Service is acceptable for now, but support could be faster.",Neutral,0
5131,25,Male,Pune,Basic,17,393.08,6075.33,10.4,3,19.6,2,0,7,Very disappointed with the service and slow support.,Negative,0
5132,40,Male,Kolkata,Standard,4,899.4,3234.32,38,4,19.9,11,0,4,I am unhappy with the price and frequent service problems.,Negative,1
5133,33,Other,Kochi,Basic,5,525.32,2242.2,3,1,4.4,0,0,9,I love the service. Everything has been reliable so far.,Positive,0
5134,42,Female,Bengaluru,Basic,12,317.82,3352.9,21.1,4,27.8,8,1,7,I am unhappy with the price and frequent service problems.,Negative,1
5135,38,Other,Chennai,Basic,12,484.82,5574.19,24.5,2,6.1,0,0,8,The service is okay but there is room for improvement.,Neutral,0
5136,23,Female,Kolkata,Basic,16,530.73,7700.56,17.5,5,23.2,8,0,4,The service is unreliable and I keep facing problems.,Negative,1
5137,53,Other,Jaipur,Standard,33,782.21,26780.75,32.3,3,15.4,11,0,8,The service is okay but there is room for improvement.,Neutral,0
5138,28,Male,Pune,Standard,23,971.63,22736.9,42.1,3,17.3,14,0,4,I am unhappy with the price and frequent service problems.,Negative,1
5139,27,Other,Hyderabad,Basic,50,452.88,23185.9,9.9,1,10.9,6,0,8,Really satisfied with the service and performance.,Positive,0
5140,28,Male,Kochi,Standard,31,846.48,22770.71,31.5,3,18.6,3,0,5,I am unhappy with the price and frequent service problems.,Negative,0
5141,53,Male,Mumbai,Standard,5,925.63,4609.95,25.7,0,10.5,2,1,9,Really satisfied with the service and performance.,Positive,0
5142,39,Female,Pune,Basic,39,527.25,18553.84,21.1,2,9.4,7,0,5,Too many issues and the response from support is slow.,Negative,0
5143,36,Male,Kochi,Standard,16,934.15,13473.6,29.9,1,19,2,1,7,Reliable service and simple to use. I would recommend it.,Positive,0
5144,23,Female,Bengaluru,Basic,7,406.91,2915.07,20.4,3,24.2,12,1,7,Bad experience with billing and customer support.,Negative,0
5145,20,Male,Pune,Basic,26,481.66,11223.26,25.2,3,8.4,7,0,5,Not satisfied. The app is difficult to use and often fails.,Negative,0
5146,28,Male,Kolkata,Standard,38,900.12,35594.05,33.3,1,15,1,1,7,"Nothing special, but the service is usable.",Neutral,0
5147,29,Male,Pune,Standard,37,950.49,34040.55,39.7,2,18.3,1,1,6,Poor experience. Support did not solve my issue.,Negative,0
5148,40,Other,Ahmedabad,Premium,45,1513.22,58444.57,50.5,0,14.6,6,1,7,Support solved my issue quickly. Very good experience.,Positive,0
5149,41,Male,Delhi,Standard,4,963.69,3569.45,19.4,2,20.5,5,1,7,It is a normal experience with occasional issues.,Neutral,0
5150,30,Female,Delhi,Standard,25,1014.25,26484.82,50.2,1,11.3,8,0,5,Too many issues and the response from support is slow.,Negative,1
5151,51,Female,Kolkata,Premium,6,1406.71,7876.08,45,0,5.6,0,1,8,Good value for money and quick customer support.,Positive,0
5152,23,Other,Kochi,Basic,17,568.32,9493.36,32.3,3,15.6,14,1,7,Bad experience with billing and customer support.,Negative,0
5153,22,Female,Hyderabad,Basic,28,561.61,15320.48,27.7,1,14.7,0,1,7,Average experience. Some things work well and some do not.,Neutral,0
5154,46,Male,Kolkata,Premium,14,1447.14,19431.8,58.8,1,8.3,1,1,7,I love the service. Everything has been reliable so far.,Positive,0
5155,36,Female,Ahmedabad,Standard,9,895.99,6931.7,39.8,0,4.8,0,1,9,Support solved my issue quickly. Very good experience.,Positive,0
5156,41,Female,Delhi,Standard,16,867.9,13313.62,22.6,2,19.7,11,1,8,Average experience. Some things work well and some do not.,Neutral,0
5157,35,Other,Jaipur,Standard,45,894.43,41108.94,29,1,8.7,0,1,5,Average experience. Some things work well and some do not.,Neutral,0
5158,32,Other,Jaipur,Standard,38,820.17,29595.64,26.1,0,7.4,1,1,9,Good value for money and quick customer support.,Positive,0
5159,31,Male,Pune,Basic,24,497.95,12384.52,23.4,3,12.6,9,1,8,It is a normal experience with occasional issues.,Neutral,0
5160,26,Other,Chennai,Basic,18,510.98,9511.7,1,2,7.6,3,1,6,I may leave because the service quality has become poor.,Negative,0
5161,34,Male,Chennai,Standard,30,853.48,26354.9,38.1,0,8.1,4,1,4,I am unhappy with the price and frequent service problems.,Negative,0
5162,43,Other,Kochi,Premium,17,1457.7,21796.49,42.1,1,16.7,0,1,6,"Service is acceptable for now, but support could be faster.",Neutral,0
5163,21,Male,Pune,Standard,50,955.56,45726.31,38.3,1,11.1,4,1,7,Support solved my issue quickly. Very good experience.,Positive,0
5164,28,Male,Jaipur,Basic,6,586.18,3570.59,22.8,3,18.6,1,0,4,Bad experience with billing and customer support.,Negative,0
5165,26,Other,Kochi,Basic,33,496.13,14793.79,1,3,18.9,9,1,6,I am unhappy with the price and frequent service problems.,Negative,0
5166,31,Other,Jaipur,Standard,29,816.92,22535.58,40.2,1,9.3,6,0,9,Support solved my issue quickly. Very good experience.,Positive,0
5167,42,Male,Delhi,Premium,31,1620.95,45273.82,45.7,0,3.4,4,0,6,The service is okay but there is room for improvement.,Neutral,0
5168,19,Female,Kochi,Standard,33,928.42,30664.41,39.8,2,15.6,9,1,8,"Great experience, the app works smoothly and the team is helpful.",Positive,0
5169,39,Male,Mumbai,Basic,3,501.03,1388.8,16.1,2,11.5,5,0,7,It is a normal experience with occasional issues.,Neutral,0
5170,49,Male,Kolkata,Basic,13,470.23,5379.74,27.4,5,11.9,10,0,6,Very disappointed with the service and slow support.,Negative,1
5171,26,Male,Pune,Standard,24,863.7,21571.56,29.9,2,12.1,3,1,6,It is a normal experience with occasional issues.,Neutral,0
5172,32,Other,Bengaluru,Standard,36,824.58,25729.22,32.5,2,14.8,9,0,4,Bad experience with billing and customer support.,Negative,0
5173,20,Other,Pune,Standard,39,899.27,35125.15,16.9,3,14.9,8,0,5,Poor experience. Support did not solve my issue.,Negative,1
5174,42,Male,Pune,Standard,7,794.29,5723.58,18.2,3,16.6,0,0,5,Too many issues and the response from support is slow.,Negative,1
5175,22,Female,Kolkata,Basic,23,578.19,13450.34,24.3,1,9.2,0,1,6,Average experience. Some things work well and some do not.,Neutral,0
5176,19,Other,Jaipur,Premium,9,1435.48,12288.7,41.9,0,4.3,3,0,8,Support solved my issue quickly. Very good experience.,Positive,0
5177,28,Other,Pune,Basic,71,662.89,45266.79,43,2,10.6,7,1,4,I am unhappy with the price and frequent service problems.,Negative,0
5178,25,Male,Jaipur,Basic,24,487.66,12078.02,20,3,13.5,8,0,7,"Nothing special, but the service is usable.",Neutral,0
5179,32,Other,Jaipur,Standard,22,890.95,19065.16,37.2,1,7.3,3,1,8,Very happy with the service and fast support.,Positive,0
5180,32,Male,Kolkata,Premium,22,1491.15,32501.01,56.3,0,6.3,2,1,5,The service is fine and meets most of my needs.,Neutral,0
5181,30,Other,Hyderabad,Premium,23,1454.22,32439.98,58.4,2,11.4,11,0,5,Poor experience. Support did not solve my issue.,Negative,1
5182,21,Other,Kolkata,Standard,20,1029,20163.3,38.9,2,17,10,1,10,"Excellent experience, no major issues and easy to use.",Positive,0
5183,38,Other,Ahmedabad,Basic,14,617.26,8380.72,12.5,1,14,6,1,5,It is a normal experience with occasional issues.,Neutral,0
5184,33,Other,Bengaluru,Standard,3,914.31,2521.87,16,2,18.2,6,0,5,I am unhappy with the price and frequent service problems.,Negative,1
5185,37,Female,Mumbai,Standard,3,950.36,2548.41,40.1,0,13.6,1,0,8,"Great experience, the app works smoothly and the team is helpful.",Positive,1
5186,31,Female,Hyderabad,Basic,28,460.2,11149.35,18.4,1,11,0,0,7,"Great experience, the app works smoothly and the team is helpful.",Positive,0
5187,36,Female,Mumbai,Standard,15,908.7,12516.36,26.2,2,5.1,3,1,8,"Nothing special, but the service is usable.",Neutral,0
5188,34,Other,Bengaluru,Standard,2,849.27,1485.98,24.3,0,13.3,10,0,6,Average experience. Some things work well and some do not.,Neutral,0
5189,37,Male,Mumbai,Basic,18,304.29,5280.63,25.3,3,19.7,11,1,6,I am unhappy with the price and frequent service problems.,Negative,1
5190,31,Female,Kolkata,Premium,25,1533.71,39211.49,45.6,1,15.9,0,0,6,Too many issues and the response from support is slow.,Negative,0
5191,36,Other,Hyderabad,Basic,22,459.44,10294.04,21.3,1,19.2,3,1,8,"Great experience, the app works smoothly and the team is helpful.",Positive,0
5192,45,Other,Bengaluru,Premium,44,1531.25,65169.64,56.9,2,8.8,0,1,4,I may leave because the service quality has become poor.,Negative,0
5193,38,Other,Mumbai,Basic,16,467.99,7568.38,17.6,2,12.9,11,1,4,The service is unreliable and I keep facing problems.,Negative,1
5194,46,Male,Kolkata,Basic,21,519.76,10923.55,20.7,2,18.5,2,1,4,The service is unreliable and I keep facing problems.,Negative,0
5195,40,Male,Bengaluru,Premium,7,1569.35,10939.56,53.3,0,6.1,5,0,5,The service is okay but there is room for improvement.,Neutral,0
5196,27,Male,Kochi,Standard,19,923.62,15524.85,25.5,1,8.5,1,1,5,It is a normal experience with occasional issues.,Neutral,0
5197,50,Male,Kolkata,Premium,17,1527.94,25534.71,43.7,2,16,1,0,7,"Nothing special, but the service is usable.",Neutral,0
5198,29,Male,Jaipur,Standard,22,853.5,16744.06,43.9,3,21,7,0,3,Too many issues and the response from support is slow.,Negative,1
5199,37,Male,Hyderabad,Premium,9,1591.37,12519.63,42.9,3,14.5,10,0,4,Too many issues and the response from support is slow.,Negative,0
5200,30,Other,Delhi,Basic,9,434.23,3657.61,4.7,6,21,8,1,7,Poor experience. Support did not solve my issue.,Negative,1
5201,37,Male,Mumbai,Basic,20,528.05,10264.69,20.1,3,11,2,0,5,Bad experience with billing and customer support.,Negative,1
5202,27,Male,Ahmedabad,Standard,59,919.73,55676.93,27.7,0,15.6,4,0,6,It is a normal experience with occasional issues.,Neutral,0
5203,26,Other,Hyderabad,Basic,26,513.85,12335.85,23,0,14.3,1,1,8,Very happy with the service and fast support.,Positive,0
5204,20,Male,Delhi,Standard,44,898.07,37601.2,22.2,2,7.1,0,0,5,The service is unreliable and I keep facing problems.,Negative,0
5205,23,Female,Hyderabad,Basic,45,421.72,16277.27,34.7,0,4.4,0,0,6,"Great experience, the app works smoothly and the team is helpful.",Positive,0
5206,18,Other,Pune,Premium,24,1668.59,36483.08,58.5,0,4.5,8,0,9,I love the service. Everything has been reliable so far.,Positive,0
5207,35,Female,Ahmedabad,Standard,21,971.07,18006.58,15.4,2,20.5,6,0,6,Poor experience. Support did not solve my issue.,Negative,0
5208,29,Other,Kochi,Premium,34,1551.07,46485.23,20,1,10.5,2,0,7,"Service is acceptable for now, but support could be faster.",Neutral,0
5209,18,Male,Hyderabad,Basic,22,412.18,9069.31,14.1,4,27.9,6,1,7,Too many issues and the response from support is slow.,Negative,0
5210,29,Female,Chennai,Premium,23,1627.07,32692.47,49.4,1,8.9,3,0,6,The service is fine and meets most of my needs.,Neutral,0
5211,29,Male,Kolkata,Standard,52,849.96,43309.63,32.5,3,16.7,5,1,5,I may leave because the service quality has become poor.,Negative,1
5212,26,Female,Pune,Premium,28,1579.86,44253.32,55.1,2,14.6,3,0,5,The service is fine and meets most of my needs.,Neutral,1
5213,41,Male,Mumbai,Standard,24,832.6,20886.13,18.8,2,6,10,0,4,Very disappointed with the service and slow support.,Negative,1
5214,36,Other,Ahmedabad,Basic,4,602.29,2104.32,8.1,4,20.2,9,0,4,Bad experience with billing and customer support.,Negative,1
5215,23,Male,Jaipur,Premium,15,1499.04,21181.05,42.5,2,12.8,2,0,5,I am unhappy with the price and frequent service problems.,Negative,0
5216,36,Other,Chennai,Basic,6,491.63,2844.12,19,1,13.2,1,1,4,Very disappointed with the service and slow support.,Negative,0
5217,36,Male,Mumbai,Basic,17,466.64,8279.28,9.3,3,16.8,6,1,5,I am unhappy with the price and frequent service problems.,Negative,0
5218,42,Female,Bengaluru,Standard,4,1002.08,3656.19,36.2,1,11.7,0,1,6,"Nothing special, but the service is usable.",Neutral,0
5219,45,Male,Kolkata,Basic,26,602.63,16288.49,19.6,1,19.8,8,1,4,Not satisfied. The app is difficult to use and often fails.,Negative,1
5220,28,Female,Chennai,Premium,19,1534.97,29915.62,36.7,3,13.1,8,0,4,I may leave because the service quality has become poor.,Negative,1
5221,18,Other,Pune,Premium,10,1500.64,14828.02,62.3,0,10.6,3,0,6,Average experience. Some things work well and some do not.,Neutral,0
5222,33,Other,Delhi,Basic,54,521.63,24427.11,7.3,1,6.7,4,0,6,"Nothing special, but the service is usable.",Neutral,0
5223,24,Female,Jaipur,Standard,62,947.95,51241.17,29.8,1,12,2,1,10,Really satisfied with the service and performance.,Positive,0
5224,36,Female,Kolkata,Standard,32,911.07,27696.76,22.3,2,21,7,0,6,Very disappointed with the service and slow support.,Negative,1
5225,31,Male,Delhi,Basic,4,472.05,1698.91,1,2,19.2,8,1,7,It is a normal experience with occasional issues.,Neutral,0
5226,44,Female,Delhi,Premium,18,1544.55,23843.99,63.5,1,13.5,0,1,8,Good value for money and quick customer support.,Positive,0
5227,34,Female,Delhi,Standard,6,918.19,5713.22,41.5,2,11.6,0,1,4,Poor experience. Support did not solve my issue.,Negative,0
5228,42,Male,Ahmedabad,Standard,38,968.7,32204.97,43.4,3,16.5,0,0,5,I may leave because the service quality has become poor.,Negative,0
5229,41,Male,Kolkata,Standard,28,746.86,19682.43,40.2,2,17.5,7,1,8,Support solved my issue quickly. Very good experience.,Positive,0
5230,42,Female,Bengaluru,Basic,21,619.28,11924.66,18.2,2,18.9,4,0,5,I may leave because the service quality has become poor.,Negative,1
5231,46,Male,Bengaluru,Basic,5,502.82,2518.17,1,1,15.4,7,1,7,The service is okay but there is room for improvement.,Neutral,0
5232,27,Male,Bengaluru,Premium,10,1479.08,14390.97,56.6,1,11.6,7,1,5,Bad experience with billing and customer support.,Negative,0
5233,39,Male,Pune,Basic,15,520.48,7068,24,3,11.5,10,1,7,The service is okay but there is room for improvement.,Neutral,0
5234,19,Male,Bengaluru,Premium,22,1454.58,28923.04,44.4,0,6.6,0,1,7,It is a normal experience with occasional issues.,Neutral,0
5235,31,Other,Jaipur,Basic,32,422.75,12118.88,1,0,12.8,2,1,8,"Great experience, the app works smoothly and the team is helpful.",Positive,0
5236,29,Female,Chennai,Standard,16,874.44,13399.2,34.1,2,14.3,0,0,7,I may leave because the service quality has become poor.,Negative,0
5237,48,Female,Chennai,Basic,21,469.37,9675.62,21.3,3,21.1,7,0,6,The service is unreliable and I keep facing problems.,Negative,0
5238,39,Female,Chennai,Basic,13,547.26,6941.43,19.3,1,13,7,0,5,Poor experience. Support did not solve my issue.,Negative,0
5239,34,Male,Chennai,Standard,36,1000.76,35712.34,32,2,12.1,3,1,10,Very happy with the service and fast support.,Positive,0
5240,19,Other,Pune,Standard,21,832.72,16201.15,31.3,0,5.8,0,0,7,Good value for money and quick customer support.,Positive,0
5241,23,Female,Jaipur,Standard,19,784.12,15410.87,30.1,4,26.8,15,1,4,Very disappointed with the service and slow support.,Negative,1
5242,44,Male,Pune,Basic,28,624.68,16197.39,14.3,0,13.6,5,1,5,I may leave because the service quality has become poor.,Negative,1
5243,40,Other,Hyderabad,Basic,21,509.23,10618.84,18.2,3,21.7,0,0,7,The service is unreliable and I keep facing problems.,Negative,0
5244,50,Male,Delhi,Standard,14,964.48,13151.83,37.9,1,10.7,5,1,8,Good value for money and quick customer support.,Positive,0
5245,42,Female,Ahmedabad,Premium,18,1526.55,24684.3,52.7,1,1.5,3,0,6,"Nothing special, but the service is usable.",Neutral,0
5246,23,Other,Jaipur,Basic,23,557.3,12032.74,33.9,2,21.9,3,0,7,It is a normal experience with occasional issues.,Neutral,0
5247,33,Female,Hyderabad,Standard,12,938.48,10742.21,16.8,1,14.7,4,1,6,It is a normal experience with occasional issues.,Neutral,0
5248,38,Other,Bengaluru,Standard,29,932.61,25099.93,15.8,2,7,4,1,7,Good value for money and quick customer support.,Positive,0
5249,34,Male,Chennai,Premium,31,1417.61,40611.19,37,2,24.1,2,0,7,The service is okay but there is room for improvement.,Neutral,0
5250,33,Male,Pune,Basic,15,575.18,7738.37,28.5,1,6.9,0,1,9,Really satisfied with the service and performance.,Positive,0
5251,49,Male,Pune,Basic,8,614.07,4222.63,21.6,5,13,12,1,6,Poor experience. Support did not solve my issue.,Negative,0
5252,36,Other,Hyderabad,Premium,34,1511.88,51916.04,44.6,0,13.8,2,1,9,"Excellent experience, no major issues and easy to use.",Positive,0
5253,40,Female,Kochi,Standard,14,847.72,10860.66,29.7,2,11.7,8,1,8,"Excellent experience, no major issues and easy to use.",Positive,0
5254,35,Other,Chennai,Standard,8,875.63,6060.16,36.7,5,22.3,9,0,5,The service is unreliable and I keep facing problems.,Negative,1
5255,38,Other,Kochi,Standard,28,960.17,23764.32,29.7,3,16.8,3,0,4,Very disappointed with the service and slow support.,Negative,0
5256,22,Female,Mumbai,Standard,4,800.54,2840.12,32.5,1,13.7,1,1,6,The service is fine and meets most of my needs.,Neutral,0
5257,36,Other,Bengaluru,Standard,31,885.1,23971.15,30.3,2,10.9,1,0,4,I may leave because the service quality has become poor.,Negative,1
5258,37,Other,Jaipur,Standard,31,874.49,28371.28,49.1,1,14,2,0,4,The service is unreliable and I keep facing problems.,Negative,0
5259,18,Male,Jaipur,Standard,10,766.92,7707.51,29.6,3,6.9,5,1,7,"Service is acceptable for now, but support could be faster.",Neutral,0
5260,22,Male,Kolkata,Standard,41,939.85,33944.49,60.9,0,8.7,2,0,7,"Service is acceptable for now, but support could be faster.",Neutral,0
5261,23,Female,Kochi,Basic,36,493.17,17362.63,24.9,2,15.9,5,1,5,I may leave because the service quality has become poor.,Negative,1
5262,31,Female,Jaipur,Standard,55,886.2,46851.46,29.4,0,9.4,4,0,8,"Excellent experience, no major issues and easy to use.",Positive,0
5263,35,Male,Jaipur,Premium,11,1485.89,14292.86,49.6,0,11.5,0,0,9,Support solved my issue quickly. Very good experience.,Positive,0
5264,35,Other,Kolkata,Standard,50,913.14,46340.08,22.8,3,13.6,4,0,6,"Nothing special, but the service is usable.",Neutral,0
5265,43,Female,Delhi,Premium,4,1496.11,6242.47,43.3,1,13.8,0,1,6,Very disappointed with the service and slow support.,Negative,0
5266,38,Female,Hyderabad,Standard,20,968.88,17953.43,22.5,0,6.3,6,1,5,Not satisfied. The app is difficult to use and often fails.,Negative,0
5267,28,Female,Ahmedabad,Basic,35,520.33,17656.43,20.9,3,14.6,5,1,7,"Service is acceptable for now, but support could be faster.",Neutral,0
5268,41,Female,Ahmedabad,Premium,43,1578.77,68712.94,49.7,1,23.1,0,0,7,It is a normal experience with occasional issues.,Neutral,0
5269,28,Female,Chennai,Standard,18,948.35,15189.55,20.2,0,14.8,7,0,7,Average experience. Some things work well and some do not.,Neutral,0
5270,40,Female,Kochi,Basic,22,435.99,9677.73,10.7,5,23.1,5,0,3,Poor experience. Support did not solve my issue.,Negative,0
5271,50,Female,Mumbai,Standard,19,998.82,16631.36,12.2,2,12.5,3,1,8,Good value for money and quick customer support.,Positive,0
5272,28,Female,Kolkata,Standard,20,899.35,16714.03,22.3,1,15.5,3,0,9,Support solved my issue quickly. Very good experience.,Positive,0
5273,27,Female,Pune,Basic,18,507.5,7906.99,12.2,3,10.2,4,1,7,Average experience. Some things work well and some do not.,Neutral,0
5274,45,Female,Bengaluru,Standard,38,914.55,32488.39,37.7,3,19.6,5,0,5,I am unhappy with the price and frequent service problems.,Negative,1
5275,37,Other,Chennai,Premium,23,1516.55,35811.83,59.8,3,18.3,3,0,5,I am unhappy with the price and frequent service problems.,Negative,1
5276,27,Female,Kochi,Basic,13,487.74,6451.37,10.5,4,22.8,9,0,3,Too many issues and the response from support is slow.,Negative,1
5277,21,Male,Ahmedabad,Standard,33,848.27,26840.35,37,2,15.4,6,1,8,The service is okay but there is room for improvement.,Neutral,0
5278,29,Other,Delhi,Basic,8,388.12,3146.45,38.2,1,15.1,0,1,8,The service is fine and meets most of my needs.,Neutral,0
5279,36,Male,Delhi,Standard,22,825.82,17636.21,33,5,17.8,10,1,6,I may leave because the service quality has become poor.,Negative,0
5280,18,Female,Jaipur,Premium,33,1528.09,52318.63,37.8,1,7.7,0,1,9,I love the service. Everything has been reliable so far.,Positive,0
5281,46,Female,Jaipur,Premium,16,1506.51,22893.14,45.1,4,16.3,9,0,6,Poor experience. Support did not solve my issue.,Negative,1
5282,26,Female,Chennai,Standard,38,980.62,37197.85,28.4,3,20,2,0,4,I am unhappy with the price and frequent service problems.,Negative,1
5283,23,Male,Mumbai,Standard,38,852.67,33640.33,26.7,3,9.8,6,1,5,Too many issues and the response from support is slow.,Negative,1
5284,35,Female,Chennai,Premium,23,1462.71,32840.43,46.1,4,14.2,12,0,7,"Service is acceptable for now, but support could be faster.",Neutral,0
5285,29,Other,Kochi,Premium,3,1396.59,3711.92,43.1,1,15.9,0,0,9,Support solved my issue quickly. Very good experience.,Positive,0
5286,36,Male,Bengaluru,Basic,16,402.29,6002.74,12.2,1,14.8,7,0,6,The service is fine and meets most of my needs.,Neutral,0
5287,37,Female,Kolkata,Basic,1,526.19,454.58,19.9,5,15,10,0,3,I may leave because the service quality has become poor.,Negative,1
5288,18,Male,Hyderabad,Standard,27,976.23,22519.06,32.3,0,11.7,3,0,8,I love the service. Everything has been reliable so far.,Positive,0
5289,47,Male,Bengaluru,Basic,39,381.05,12903.15,5.5,1,15.6,3,1,8,Reliable service and simple to use. I would recommend it.,Positive,0
5290,49,Other,Chennai,Premium,6,1456.38,8379.72,49.6,0,9,0,1,7,"Nothing special, but the service is usable.",Neutral,0
5291,36,Male,Jaipur,Basic,32,529.72,15316.73,29.6,3,16.5,1,1,5,Bad experience with billing and customer support.,Negative,0
5292,29,Other,Mumbai,Standard,45,871.7,36305.64,37.8,1,14.1,2,0,8,It is a normal experience with occasional issues.,Neutral,0
5293,18,Male,Chennai,Premium,11,1583.45,17706.58,38.7,0,2.4,0,0,3,I am unhappy with the price and frequent service problems.,Negative,0
5294,31,Male,Mumbai,Standard,28,883.84,23893.56,28.6,2,16.3,0,0,4,Too many issues and the response from support is slow.,Negative,0
5295,41,Other,Delhi,Basic,29,554.51,16861.01,5.9,2,9.3,9,0,8,The service is okay but there is room for improvement.,Neutral,0
5296,34,Female,Hyderabad,Standard,12,880.89,10021.55,10.7,1,6.9,3,0,9,"Great experience, the app works smoothly and the team is helpful.",Positive,0
5297,42,Other,Mumbai,Standard,46,836.14,39832.86,35.5,0,10,4,0,6,"Service is acceptable for now, but support could be faster.",Neutral,0
5298,47,Other,Mumbai,Standard,17,781.68,12752.99,41.3,1,11.5,6,1,5,The service is unreliable and I keep facing problems.,Negative,0
5299,41,Other,Bengaluru,Basic,9,580.79,4839.38,33.2,2,7.4,0,0,8,I love the service. Everything has been reliable so far.,Positive,0
5300,33,Other,Jaipur,Standard,9,885.65,8365.18,42.6,2,17,6,1,4,The service is unreliable and I keep facing problems.,Negative,1
5301,30,Female,Chennai,Basic,11,413.87,4519.86,22.2,1,7.5,2,1,5,It is a normal experience with occasional issues.,Neutral,0
5302,20,Other,Pune,Standard,30,950.13,29821.09,8.1,2,13.1,0,0,5,Not satisfied. The app is difficult to use and often fails.,Negative,0
5303,34,Female,Jaipur,Basic,15,588.35,9111.58,11.9,6,24,19,1,6,Poor experience. Support did not solve my issue.,Negative,1
5304,32,Male,Bengaluru,Basic,19,556.47,9641.58,24.5,2,16.8,5,1,6,"Nothing special, but the service is usable.",Neutral,1
5305,34,Male,Chennai,Standard,7,987.92,6372.84,40,2,19.2,12,0,3,Bad experience with billing and customer support.,Negative,1
5306,36,Other,Ahmedabad,Standard,43,931.85,39688.49,19.6,1,20.7,2,0,8,"Excellent experience, no major issues and easy to use.",Positive,0
5307,35,Female,Kolkata,Basic,23,523.48,12390.81,1,2,13.3,1,1,5,I am unhappy with the price and frequent service problems.,Negative,0
5308,34,Female,Bengaluru,Standard,11,1012.41,11011.18,16.7,1,12,5,0,3,Too many issues and the response from support is slow.,Negative,0
5309,51,Female,Mumbai,Standard,62,915.1,52727.7,34,2,18.4,12,0,6,The service is unreliable and I keep facing problems.,Negative,0
5310,39,Other,Ahmedabad,Premium,10,1492.99,15673.39,51,3,18.6,13,1,6,It is a normal experience with occasional issues.,Neutral,1
5311,26,Other,Kolkata,Basic,6,575.35,3093.36,10,3,5.8,7,1,7,Average experience. Some things work well and some do not.,Neutral,0
5312,28,Other,Ahmedabad,Standard,25,1011.19,23395.7,27.9,2,19.8,7,1,5,The service is unreliable and I keep facing problems.,Negative,0
5313,20,Male,Bengaluru,Standard,17,831.26,12674.84,42.6,1,20.5,0,0,8,"Great experience, the app works smoothly and the team is helpful.",Positive,0
5314,41,Other,Delhi,Standard,9,860.03,8050.01,37.8,0,5.8,0,0,5,Bad experience with billing and customer support.,Negative,0
5315,22,Other,Hyderabad,Standard,43,870.23,33599.39,20.2,6,26.2,14,0,8,Average experience. Some things work well and some do not.,Neutral,0
5316,28,Male,Mumbai,Basic,6,494.54,2696.02,12.5,1,11.8,4,0,6,Bad experience with billing and customer support.,Negative,1
5317,34,Female,Kochi,Standard,16,743.58,11617.31,27.7,1,11.8,3,1,7,The service is okay but there is room for improvement.,Neutral,0
5318,32,Female,Ahmedabad,Standard,10,1009.97,10501.82,34.2,1,3.2,5,0,7,"Service is acceptable for now, but support could be faster.",Neutral,0
5319,34,Male,Chennai,Basic,9,524.9,4677.64,23.3,0,18.2,15,1,7,The service is okay but there is room for improvement.,Neutral,0
5320,32,Other,Delhi,Standard,13,805.94,10082.4,39,0,0.5,0,0,6,Average experience. Some things work well and some do not.,Neutral,0
5321,31,Female,Kochi,Standard,22,876.15,18324.27,31.2,3,22,10,1,7,Bad experience with billing and customer support.,Negative,0
5322,31,Male,Ahmedabad,Basic,12,473.29,5716.86,26,1,17.8,2,1,5,Poor experience. Support did not solve my issue.,Negative,0
5323,22,Other,Pune,Basic,30,546.92,14179.74,22.3,4,9.7,4,0,5,Very disappointed with the service and slow support.,Negative,0
5324,44,Other,Mumbai,Standard,10,914.44,8663.08,22.4,1,19.4,3,1,8,Good value for money and quick customer support.,Positive,0
5325,39,Other,Kochi,Standard,8,993.58,8108.15,50.6,2,16.3,4,0,6,Average experience. Some things work well and some do not.,Neutral,0
5326,33,Other,Hyderabad,Basic,18,414.08,7706.33,14.7,3,23.1,5,1,7,Bad experience with billing and customer support.,Negative,1
5327,36,Female,Jaipur,Standard,18,954.61,14724.73,42.3,2,17.6,10,1,9,Support solved my issue quickly. Very good experience.,Positive,1
5328,38,Other,Mumbai,Basic,27,587.9,16381,24.4,4,17.1,8,1,7,The service is fine and meets most of my needs.,Neutral,0
5329,30,Other,Pune,Basic,13,565.54,6786.22,17.5,2,18,8,0,6,"Nothing special, but the service is usable.",Neutral,0
5330,46,Female,Kolkata,Basic,35,506.38,16608.85,28.2,0,13.6,3,0,6,"Service is acceptable for now, but support could be faster.",Neutral,0
5331,21,Male,Kochi,Basic,14,435.65,5797.5,8.8,2,15.8,3,0,7,The service is okay but there is room for improvement.,Neutral,0
5332,25,Female,Bengaluru,Premium,24,1554.4,37848.31,40.9,1,16.8,2,1,6,Poor experience. Support did not solve my issue.,Negative,0
5333,50,Other,Kolkata,Standard,2,877.05,1575.13,15.6,1,6.5,0,0,7,Support solved my issue quickly. Very good experience.,Positive,0
5334,30,Female,Mumbai,Premium,20,1390.41,27004.1,48.6,2,12.4,3,1,7,"Great experience, the app works smoothly and the team is helpful.",Positive,0
5335,37,Male,Ahmedabad,Basic,16,517.93,7877.6,24.7,1,15.7,4,1,8,Really satisfied with the service and performance.,Positive,0
5336,18,Female,Mumbai,Premium,18,1486.56,25148.83,63.2,2,9.3,8,0,6,It is a normal experience with occasional issues.,Neutral,0
5337,28,Female,Kolkata,Basic,23,456.49,10061.26,34.6,0,9.2,4,1,7,Reliable service and simple to use. I would recommend it.,Positive,0
5338,34,Female,Pune,Standard,30,1002.18,31495.95,36.2,2,13.7,3,1,6,Bad experience with billing and customer support.,Negative,0
5339,23,Male,Chennai,Basic,7,410.17,2601.17,21.4,3,11.3,3,1,7,Really satisfied with the service and performance.,Positive,0
5340,51,Male,Bengaluru,Basic,5,511.62,2269.98,6.8,0,14.9,7,0,6,Really satisfied with the service and performance.,Positive,0
5341,33,Male,Kolkata,Standard,15,967.86,15237.76,14.7,1,9.3,3,1,7,Really satisfied with the service and performance.,Positive,0
5342,41,Female,Kochi,Premium,28,1542.9,39251.93,42.3,0,16.5,5,0,9,I love the service. Everything has been reliable so far.,Positive,0
5343,33,Other,Bengaluru,Premium,27,1391.66,37077.1,59.6,1,18.3,5,0,8,Reliable service and simple to use. I would recommend it.,Positive,0
5344,39,Female,Ahmedabad,Basic,16,533.09,7977.63,21,1,14.4,2,0,3,Not satisfied. The app is difficult to use and often fails.,Negative,1
5345,43,Other,Bengaluru,Standard,13,899.67,11133.03,34.6,4,20.5,3,0,6,Too many issues and the response from support is slow.,Negative,1
5346,46,Other,Pune,Premium,5,1409.99,6082.74,54.6,0,4.1,0,0,6,I love the service. Everything has been reliable so far.,Positive,0
5347,38,Other,Hyderabad,Basic,5,468.22,2216.38,11.5,2,10,6,1,7,The service is okay but there is room for improvement.,Neutral,0
5348,33,Male,Chennai,Standard,5,884.24,4562.26,45,1,11.7,0,1,5,I may leave because the service quality has become poor.,Negative,0
5349,43,Female,Kochi,Premium,18,1523.87,27064.29,44.7,0,1.6,2,0,8,"Excellent experience, no major issues and easy to use.",Positive,0
5350,36,Female,Ahmedabad,Standard,19,1010.99,19119.22,43.2,2,18.8,9,1,8,Average experience. Some things work well and some do not.,Neutral,0
5351,39,Female,Hyderabad,Premium,42,1476.81,61085.85,47.9,0,9.8,4,1,8,Very happy with the service and fast support.,Positive,0
5352,29,Female,Bengaluru,Basic,22,440.39,8838.51,26.7,2,10.8,0,0,5,The service is okay but there is room for improvement.,Neutral,0
5353,35,Female,Ahmedabad,Standard,9,1031.75,8709.22,35,2,19.8,2,0,4,I am unhappy with the price and frequent service problems.,Negative,0
5354,44,Male,Ahmedabad,Standard,34,819.9,28232.2,35.8,4,15.5,3,0,5,Very disappointed with the service and slow support.,Negative,1
5355,44,Other,Pune,Basic,27,553.1,13460.23,27.2,3,10.6,6,1,3,I may leave because the service quality has become poor.,Negative,0
5356,41,Female,Ahmedabad,Basic,14,518.85,6971.69,17.5,1,14,2,0,5,Bad experience with billing and customer support.,Negative,0
5357,43,Other,Mumbai,Standard,3,913.35,2825.46,42.2,0,14.1,2,1,5,Average experience. Some things work well and some do not.,Neutral,0
5358,44,Male,Hyderabad,Basic,20,407.53,7264.66,16.4,7,18.3,10,0,5,Poor experience. Support did not solve my issue.,Negative,1
5359,26,Male,Bengaluru,Premium,11,1353.29,12748.31,53.9,3,24.8,9,1,7,Too many issues and the response from support is slow.,Negative,0
5360,36,Male,Kolkata,Premium,7,1474.63,10742.33,50.7,1,21,1,0,7,Average experience. Some things work well and some do not.,Neutral,0
5361,36,Male,Kolkata,Premium,27,1515.66,42029.53,38.1,2,12.1,7,1,5,Very disappointed with the service and slow support.,Negative,1
5362,27,Other,Chennai,Premium,23,1613.28,32386.37,44.4,1,5.1,3,1,7,It is a normal experience with occasional issues.,Neutral,0
5363,28,Other,Hyderabad,Standard,12,895.07,10438.13,32.1,4,16.3,17,1,5,Very disappointed with the service and slow support.,Negative,0
5364,29,Female,Pune,Standard,15,846.24,12030.25,28.8,2,11.6,9,1,6,Bad experience with billing and customer support.,Negative,1
5365,53,Other,Chennai,Basic,14,532.33,6466.83,8,2,12.8,4,1,5,Bad experience with billing and customer support.,Negative,0
5366,20,Female,Jaipur,Standard,11,877.33,8382.96,20.7,1,22.5,2,0,7,The service is okay but there is room for improvement.,Neutral,0
5367,31,Male,Chennai,Basic,13,466.98,6147.71,12.3,1,11.7,2,1,7,"Great experience, the app works smoothly and the team is helpful.",Positive,0
5368,34,Other,Mumbai,Standard,16,993.2,14396.38,57.8,3,22.1,12,0,7,The service is unreliable and I keep facing problems.,Negative,1
5369,34,Male,Delhi,Basic,11,533.73,5154.83,23.2,1,16,0,0,4,I may leave because the service quality has become poor.,Negative,1
5370,37,Female,Kochi,Standard,18,919.08,17023.77,46,2,6.4,7,0,6,The service is fine and meets most of my needs.,Neutral,0
5371,18,Male,Mumbai,Premium,18,1541.95,26787.35,47.3,0,13.1,5,0,5,"Service is acceptable for now, but support could be faster.",Neutral,0
5372,34,Female,Hyderabad,Basic,17,489.17,8236.79,34.8,2,12.7,9,0,4,Too many issues and the response from support is slow.,Negative,1
5373,22,Male,Hyderabad,Basic,35,480.13,14970.9,33.4,1,19.5,3,1,7,Really satisfied with the service and performance.,Positive,0
5374,35,Male,Mumbai,Premium,19,1556.6,30702.87,38,0,10.1,2,0,6,The service is fine and meets most of my needs.,Neutral,0
5375,26,Other,Hyderabad,Basic,5,499.06,2361.23,24.6,3,12.6,15,0,5,I may leave because the service quality has become poor.,Negative,0
5376,37,Female,Ahmedabad,Basic,20,530.25,9213.58,18.6,2,16.9,5,0,8,Good value for money and quick customer support.,Positive,0
5377,29,Male,Jaipur,Standard,12,939.02,9612.29,14.4,0,13,6,0,8,Support solved my issue quickly. Very good experience.,Positive,0
5378,23,Other,Delhi,Standard,15,819.23,11646.24,29.9,0,16.5,0,1,6,The service is okay but there is room for improvement.,Neutral,0
5379,18,Female,Ahmedabad,Standard,19,913.45,17030.93,33.6,2,7.9,7,0,7,"Great experience, the app works smoothly and the team is helpful.",Positive,0
5380,22,Other,Bengaluru,Basic,23,457.29,9805.32,31.3,2,17.3,7,1,7,"Nothing special, but the service is usable.",Neutral,0
5381,30,Male,Kolkata,Premium,16,1483.33,23617.02,34.1,0,14.6,0,0,5,It is a normal experience with occasional issues.,Neutral,0
5382,38,Other,Hyderabad,Standard,11,942.63,8993.07,33.5,0,6.6,2,0,7,Really satisfied with the service and performance.,Positive,0
5383,37,Other,Kolkata,Standard,18,849.52,14513.35,36.1,5,15.7,15,1,6,The service is unreliable and I keep facing problems.,Negative,1
5384,21,Male,Jaipur,Standard,48,975.08,44365.09,33.2,1,11.1,3,1,7,It is a normal experience with occasional issues.,Neutral,0
5385,47,Female,Jaipur,Standard,15,876.96,12467.14,25.8,1,20.9,4,0,6,"Nothing special, but the service is usable.",Neutral,0
5386,36,Male,Chennai,Standard,29,925.97,25820.49,34,3,21.7,10,1,6,Very disappointed with the service and slow support.,Negative,1
5387,30,Other,Delhi,Premium,32,1518.11,47862.37,63.3,2,16.4,9,1,7,The service is fine and meets most of my needs.,Neutral,0
5388,30,Male,Delhi,Basic,33,588.06,19905.75,9.1,2,22,10,1,6,The service is unreliable and I keep facing problems.,Negative,0
5389,40,Other,Delhi,Standard,17,878.77,14268.6,28.9,0,21,0,1,8,I love the service. Everything has been reliable so far.,Positive,0
5390,38,Other,Delhi,Basic,3,657.08,2062.24,7.5,3,12.3,4,0,5,I am unhappy with the price and frequent service problems.,Negative,1
5391,36,Other,Jaipur,Standard,18,930.28,15503.81,27.3,1,9.7,3,0,8,"Excellent experience, no major issues and easy to use.",Positive,0
5392,41,Male,Kolkata,Standard,38,817.65,28554.37,25.7,4,23.5,5,0,5,The service is unreliable and I keep facing problems.,Negative,0
5393,42,Female,Ahmedabad,Basic,8,416.84,3443,9.8,4,20.5,12,0,4,The service is unreliable and I keep facing problems.,Negative,1
5394,48,Other,Delhi,Standard,16,933.55,15585.15,18.2,6,16.2,8,1,5,Bad experience with billing and customer support.,Negative,0
5395,27,Female,Kochi,Standard,10,870.36,9006.13,46.8,1,17.6,6,0,8,The service is okay but there is room for improvement.,Neutral,0
5396,42,Male,Bengaluru,Basic,26,463.04,10908.81,14.5,3,4.7,4,1,4,I am unhappy with the price and frequent service problems.,Negative,0
5397,29,Male,Ahmedabad,Basic,6,490.49,3030.83,5.4,2,14.3,5,1,6,It is a normal experience with occasional issues.,Neutral,0
5398,33,Other,Kochi,Premium,6,1494.77,7937.05,53.9,0,5.3,0,0,6,"Service is acceptable for now, but support could be faster.",Neutral,0
5399,33,Female,Hyderabad,Standard,8,944.46,7287.42,34.7,1,7.6,4,0,6,Average experience. Some things work well and some do not.,Neutral,0
5400,21,Female,Chennai,Premium,8,1568.86,11532.27,42.9,1,5.7,8,1,9,"Excellent experience, no major issues and easy to use.",Positive,0
5401,20,Female,Hyderabad,Premium,10,1328.89,12128.44,54.5,3,14.6,8,0,5,I may leave because the service quality has become poor.,Negative,1
5402,39,Male,Bengaluru,Standard,16,988.76,15867.67,27.6,2,15,7,1,4,Poor experience. Support did not solve my issue.,Negative,1
5403,27,Other,Bengaluru,Standard,17,736.66,11904.84,37.1,4,13.8,8,0,5,Poor experience. Support did not solve my issue.,Negative,0
5404,41,Female,Ahmedabad,Standard,14,922.64,11720.68,34.8,0,14.9,1,0,6,The service is okay but there is room for improvement.,Neutral,0
5405,36,Other,Pune,Basic,7,462.73,3000.47,29.5,4,15.9,6,0,4,I may leave because the service quality has become poor.,Negative,0
5406,38,Other,Kochi,Premium,17,1589.73,24898.19,37.5,0,15.2,0,0,5,The service is okay but there is room for improvement.,Neutral,0
5407,27,Other,Bengaluru,Basic,24,487.21,11186.15,11,1,17.7,0,0,7,Average experience. Some things work well and some do not.,Neutral,0
5408,39,Male,Bengaluru,Premium,5,1578.5,6949.95,49.2,0,10.8,12,1,5,Poor experience. Support did not solve my issue.,Negative,0
5409,53,Male,Pune,Standard,8,885.62,6060.56,29.1,2,12.2,6,1,8,Average experience. Some things work well and some do not.,Neutral,0
5410,41,Other,Bengaluru,Basic,19,448.22,7954.02,18.4,2,15.1,12,1,5,I may leave because the service quality has become poor.,Negative,0
5411,50,Female,Hyderabad,Standard,17,950.82,15074.12,38.9,0,13.3,1,1,6,The service is okay but there is room for improvement.,Neutral,0
5412,41,Other,Jaipur,Standard,12,848.79,10613.88,44,1,17.8,0,1,6,The service is okay but there is room for improvement.,Neutral,0
5413,41,Female,Delhi,Standard,22,803.73,17700.58,27.9,1,20.9,0,1,6,"Service is acceptable for now, but support could be faster.",Neutral,0
5414,21,Female,Kolkata,Standard,35,842.64,28059.81,41.2,3,17.8,14,1,4,Too many issues and the response from support is slow.,Negative,1
5415,43,Male,Jaipur,Standard,15,970.85,12561.89,34.7,4,15.1,8,1,8,The service is fine and meets most of my needs.,Neutral,0
5416,33,Male,Mumbai,Basic,17,524.63,9099.58,10.1,1,8.1,4,1,8,Very happy with the service and fast support.,Positive,0
5417,43,Male,Jaipur,Standard,8,880.06,6052.81,36.6,1,11.9,1,0,5,Average experience. Some things work well and some do not.,Neutral,0
5418,29,Female,Chennai,Premium,7,1448.99,9967.94,61.7,1,13.2,7,1,9,Really satisfied with the service and performance.,Positive,0
5419,28,Male,Ahmedabad,Standard,23,894.79,18985.8,34,4,13.6,4,0,5,Poor experience. Support did not solve my issue.,Negative,1
5420,29,Male,Jaipur,Basic,16,543.61,8864.49,14.7,4,18.7,17,1,7,I am unhappy with the price and frequent service problems.,Negative,1
5421,39,Other,Bengaluru,Standard,25,895.57,21699.22,22.8,1,7.2,6,1,7,"Nothing special, but the service is usable.",Neutral,0
5422,43,Female,Ahmedabad,Standard,14,934.88,12788.33,38.1,2,10,6,1,8,The service is okay but there is room for improvement.,Neutral,0
5423,40,Male,Delhi,Standard,8,922.89,7135.24,36.8,0,12.1,3,0,7,"Great experience, the app works smoothly and the team is helpful.",Positive,0
5424,30,Female,Bengaluru,Standard,11,900.01,9639.17,30.3,0,10.2,1,0,9,Very happy with the service and fast support.,Positive,0
5425,20,Male,Kolkata,Standard,17,928.49,15395.51,39.9,0,13.2,0,0,8,Support solved my issue quickly. Very good experience.,Positive,0
5426,29,Male,Bengaluru,Standard,33,857.82,29008.86,26.4,3,31.1,8,0,7,It is a normal experience with occasional issues.,Neutral,1
5427,22,Female,Kochi,Standard,26,929.93,23603.29,27.3,4,16.4,0,0,5,Too many issues and the response from support is slow.,Negative,0
5428,31,Female,Delhi,Standard,30,951.94,28881.42,40.4,1,9,0,0,6,Average experience. Some things work well and some do not.,Neutral,0
5429,29,Female,Pune,Standard,4,927.65,3401.89,13.8,0,0.5,3,0,6,"Service is acceptable for now, but support could be faster.",Neutral,0
5430,41,Female,Hyderabad,Standard,15,954.23,13416.12,25.3,1,15.9,5,0,5,Too many issues and the response from support is slow.,Negative,0
5431,43,Other,Kolkata,Standard,25,962.48,23046.83,35.1,2,11.4,5,0,7,"Service is acceptable for now, but support could be faster.",Neutral,0
5432,23,Female,Mumbai,Premium,13,1546.9,20240.88,30.7,2,10.5,5,1,8,Support solved my issue quickly. Very good experience.,Positive,0
5433,42,Female,Mumbai,Premium,27,1526.52,37575.95,43.3,2,19.4,2,0,5,I am unhappy with the price and frequent service problems.,Negative,0
5434,27,Male,Ahmedabad,Standard,4,843.88,3099.35,24,1,9.2,0,1,9,Support solved my issue quickly. Very good experience.,Positive,0
5435,25,Female,Chennai,Standard,22,979.2,18653.88,12.2,3,15.8,0,0,8,"Excellent experience, no major issues and easy to use.",Positive,0
5436,34,Female,Kochi,Basic,11,467.96,4471.63,21,3,18.5,7,0,7,I may leave because the service quality has become poor.,Negative,1
5437,31,Other,Chennai,Basic,67,448.82,28547.55,27.4,2,11.3,4,0,6,Very disappointed with the service and slow support.,Negative,0
5438,30,Other,Chennai,Basic,21,519.68,9615.24,2.4,7,28.9,15,1,5,Very disappointed with the service and slow support.,Negative,1
5439,39,Male,Pune,Standard,16,968.78,13446.79,46.1,1,3.2,0,1,8,Very happy with the service and fast support.,Positive,0
5440,37,Female,Hyderabad,Standard,28,952.05,27645.35,32.9,3,6.7,9,1,3,Too many issues and the response from support is slow.,Negative,0
5441,35,Male,Chennai,Standard,12,1105.63,13811.47,44.7,1,7.6,0,0,5,Bad experience with billing and customer support.,Negative,0
5442,36,Other,Mumbai,Standard,39,994.61,38161.19,23.9,3,10.5,7,0,6,Average experience. Some things work well and some do not.,Neutral,0
5443,35,Female,Kolkata,Premium,11,1526.69,15502.54,54.2,0,12.9,6,0,6,It is a normal experience with occasional issues.,Neutral,0
5444,27,Other,Mumbai,Premium,21,1574.08,32513.7,56.9,3,19,6,0,4,Very disappointed with the service and slow support.,Negative,1
5445,37,Male,Bengaluru,Standard,14,902.7,12457.16,30.1,0,2.9,0,0,6,"Great experience, the app works smoothly and the team is helpful.",Positive,0
5446,23,Other,Ahmedabad,Standard,9,816.35,7116.06,33.9,1,5.5,0,0,5,"Service is acceptable for now, but support could be faster.",Neutral,0
5447,35,Other,Bengaluru,Basic,27,400.53,10705.24,28.8,0,15.7,1,0,7,Really satisfied with the service and performance.,Positive,0
5448,20,Other,Pune,Basic,12,486.32,5519.73,19.6,4,14.6,8,0,4,Very disappointed with the service and slow support.,Negative,1
5449,39,Other,Mumbai,Basic,22,442.19,9586.17,17,1,9.8,1,1,9,Good value for money and quick customer support.,Positive,0
5450,34,Other,Ahmedabad,Standard,24,814.29,19621.16,12.5,0,4.1,5,0,5,Average experience. Some things work well and some do not.,Neutral,0
5451,44,Female,Kolkata,Basic,12,447.49,4941.13,28.4,3,19.9,13,0,6,The service is unreliable and I keep facing problems.,Negative,0
5452,18,Male,Chennai,Standard,10,974.5,8769.43,48.4,3,17.5,0,1,4,The service is unreliable and I keep facing problems.,Negative,1
5453,33,Female,Jaipur,Basic,22,444.5,10020.4,23.1,2,13.3,0,1,7,"Nothing special, but the service is usable.",Neutral,0
5454,55,Female,Ahmedabad,Premium,21,1444.83,31064.94,61.1,1,0.6,3,1,8,Good value for money and quick customer support.,Positive,0
5455,39,Male,Hyderabad,Basic,13,572.19,7626.07,30,5,16.5,11,1,5,I am unhappy with the price and frequent service problems.,Negative,1
5456,18,Other,Mumbai,Basic,11,499.38,4937.98,15,4,13.3,15,1,5,I may leave because the service quality has become poor.,Negative,0
5457,22,Male,Jaipur,Standard,11,906.93,8814.17,36.2,1,0.7,3,1,8,I love the service. Everything has been reliable so far.,Positive,0
5458,37,Male,Kochi,Standard,32,852.05,23385.72,26.4,2,11.4,4,0,6,Too many issues and the response from support is slow.,Negative,1
5459,32,Male,Kolkata,Standard,8,915.28,6601.67,24.2,1,12.6,3,1,6,It is a normal experience with occasional issues.,Neutral,0
5460,34,Other,Delhi,Standard,17,895.18,15371.08,31,2,13.9,1,0,6,Bad experience with billing and customer support.,Negative,0
5461,35,Female,Kolkata,Standard,21,892.69,18273.24,32.6,1,16.8,2,0,6,I may leave because the service quality has become poor.,Negative,1
5462,43,Female,Kolkata,Premium,10,1487.92,14712.19,55.2,0,13.3,0,0,5,I am unhappy with the price and frequent service problems.,Negative,0
5463,35,Female,Mumbai,Standard,35,798.44,24461.28,23.7,2,9,7,1,7,The service is okay but there is room for improvement.,Neutral,0
5464,26,Male,Kolkata,Premium,17,1550.6,24133.77,59.9,2,20.2,0,0,7,It is a normal experience with occasional issues.,Neutral,0
5465,30,Female,Chennai,Standard,10,779.33,8150.31,28.8,1,14.1,5,0,5,Bad experience with billing and customer support.,Negative,0
5466,49,Female,Kolkata,Standard,21,810.21,17418.56,27.1,1,10.6,7,0,5,The service is fine and meets most of my needs.,Neutral,0
5467,25,Other,Mumbai,Standard,38,780.48,27124.03,55.1,2,12,0,1,5,The service is unreliable and I keep facing problems.,Negative,0
5468,41,Female,Delhi,Basic,20,586.8,10784.85,11.4,5,31.3,2,0,3,I may leave because the service quality has become poor.,Negative,1
5469,42,Female,Jaipur,Standard,5,892.68,4475.48,49.5,0,8.7,3,1,9,"Great experience, the app works smoothly and the team is helpful.",Positive,0
5470,35,Male,Delhi,Basic,40,403.02,14571.67,20,5,18.8,7,1,5,I may leave because the service quality has become poor.,Negative,0
5471,45,Female,Chennai,Standard,24,791.97,19086.92,46.7,1,17.2,0,1,9,Support solved my issue quickly. Very good experience.,Positive,0
5472,40,Female,Bengaluru,Standard,1,841.28,774.34,42.4,4,16.8,7,0,3,Not satisfied. The app is difficult to use and often fails.,Negative,0
5473,28,Other,Kochi,Basic,34,402.24,14099.46,2.6,3,24.3,7,0,5,The service is unreliable and I keep facing problems.,Negative,1
5474,32,Other,Pune,Basic,16,520.69,8726.22,27.6,2,13.8,3,1,6,The service is okay but there is room for improvement.,Neutral,0
5475,28,Female,Delhi,Standard,23,995.95,19885.12,44.1,0,19,0,0,6,The service is fine and meets most of my needs.,Neutral,0
5476,55,Male,Chennai,Standard,15,875.93,12939.11,31.2,2,10.2,1,1,5,Bad experience with billing and customer support.,Negative,0
5477,47,Female,Hyderabad,Standard,11,983.61,10839.16,20.6,3,24.1,1,1,6,The service is unreliable and I keep facing problems.,Negative,1
5478,42,Other,Hyderabad,Premium,29,1409.89,40353.68,47.5,1,12,0,1,8,Support solved my issue quickly. Very good experience.,Positive,0
5479,38,Male,Bengaluru,Premium,30,1509.58,45852.77,45.4,2,16,0,1,6,Very disappointed with the service and slow support.,Negative,0
5480,29,Male,Jaipur,Basic,13,609.52,7038.58,37.9,0,9.9,0,1,8,I love the service. Everything has been reliable so far.,Positive,0
5481,41,Other,Ahmedabad,Standard,4,943.58,3398.03,31,1,12,0,1,9,Really satisfied with the service and performance.,Positive,0
5482,42,Other,Ahmedabad,Premium,15,1500.65,20174.88,48.2,0,8.4,0,0,6,Very happy with the service and fast support.,Positive,0
5483,42,Male,Jaipur,Basic,24,566.95,12123.34,14.6,4,16.1,6,0,6,The service is unreliable and I keep facing problems.,Negative,0
5484,46,Other,Chennai,Basic,21,506.74,9602.19,1.8,2,17.7,10,0,9,"Great experience, the app works smoothly and the team is helpful.",Positive,0
5485,19,Other,Kochi,Standard,9,833.99,7448.58,22.8,0,13.4,2,0,7,Reliable service and simple to use. I would recommend it.,Positive,0
5486,26,Female,Chennai,Standard,4,829.8,2988.43,42.9,2,15.8,6,0,6,Bad experience with billing and customer support.,Negative,1
5487,53,Other,Jaipur,Basic,47,482.83,22439.25,21.6,3,20.1,7,0,8,Average experience. Some things work well and some do not.,Neutral,0
5488,27,Male,Mumbai,Standard,19,956.71,15602.03,25.6,1,16.6,4,0,8,The service is okay but there is room for improvement.,Neutral,0
5489,38,Other,Kochi,Basic,7,384.91,2511.78,21.2,3,16.3,0,0,4,Very disappointed with the service and slow support.,Negative,1
5490,25,Male,Ahmedabad,Standard,22,856.9,16455.98,26.3,0,14.5,0,0,9,I love the service. Everything has been reliable so far.,Positive,0
5491,43,Female,Chennai,Premium,15,1365.05,19552.34,47.1,3,20.6,3,1,9,Average experience. Some things work well and some do not.,Neutral,0
5492,29,Female,Jaipur,Standard,4,857.73,3299.58,42.3,1,3.8,0,0,7,Reliable service and simple to use. I would recommend it.,Positive,0
5493,18,Other,Pune,Premium,43,1531.77,64010.56,45.8,1,13.3,0,1,7,It is a normal experience with occasional issues.,Neutral,0
5494,27,Other,Hyderabad,Premium,21,1485.27,26692.36,43,3,12.1,14,1,6,Too many issues and the response from support is slow.,Negative,0
5495,20,Female,Jaipur,Standard,51,886.91,45925.88,33.3,3,21.6,7,1,4,I may leave because the service quality has become poor.,Negative,1
5496,38,Female,Bengaluru,Standard,10,881.03,8215.61,38.4,1,15,2,1,7,Good value for money and quick customer support.,Positive,0
5497,37,Female,Pune,Basic,45,519.29,21179.13,19.9,2,11,0,1,7,Good value for money and quick customer support.,Positive,0
5498,33,Female,Delhi,Standard,17,1049.2,16114.02,31.6,2,10.1,5,1,6,Bad experience with billing and customer support.,Negative,0
5499,38,Other,Kolkata,Premium,54,1397.48,67463.39,56.8,0,4,4,1,9,Really satisfied with the service and performance.,Positive,0
5500,32,Other,Mumbai,Standard,10,785.9,6952.92,39.5,1,9.7,3,1,7,Good value for money and quick customer support.,Positive,0
5501,43,Female,Kochi,Standard,14,1018.52,13229.83,26.3,1,18,0,0,6,"Nothing special, but the service is usable.",Neutral,0
5502,37,Female,Kochi,Premium,7,1637.75,10777.69,59.7,0,10.6,7,0,7,Support solved my issue quickly. Very good experience.,Positive,0
5503,18,Female,Mumbai,Standard,40,934.07,33605.58,41.2,4,19.3,7,1,8,"Service is acceptable for now, but support could be faster.",Neutral,0
5504,25,Other,Delhi,Basic,12,500.91,5379.48,8.8,6,23.1,13,0,6,I may leave because the service quality has become poor.,Negative,1
5505,40,Female,Delhi,Standard,12,808.92,8575.45,25.1,3,14.6,6,0,4,Too many issues and the response from support is slow.,Negative,0
5506,40,Male,Chennai,Standard,13,854.71,10277.85,27,7,21.6,4,1,4,I am unhappy with the price and frequent service problems.,Negative,1
5507,27,Other,Pune,Basic,16,626.5,10052.77,20.5,3,18.9,0,1,7,Not satisfied. The app is difficult to use and often fails.,Negative,0
5508,42,Other,Bengaluru,Standard,9,908.9,7047.72,20.8,3,14.3,8,1,8,"Service is acceptable for now, but support could be faster.",Neutral,0
5509,44,Male,Delhi,Premium,24,1476.14,31726.79,62.2,3,17.6,3,0,7,Poor experience. Support did not solve my issue.,Negative,0
5510,24,Other,Pune,Standard,17,943.44,16614.16,38.6,1,20.3,3,0,7,"Nothing special, but the service is usable.",Neutral,0
5511,18,Male,Bengaluru,Standard,24,961.13,19827.37,45.8,2,9.7,5,1,6,Poor experience. Support did not solve my issue.,Negative,0
5512,58,Other,Mumbai,Standard,40,895.59,31891.11,38.6,1,16.8,0,1,6,It is a normal experience with occasional issues.,Neutral,0
5513,25,Male,Ahmedabad,Premium,27,1489.61,38767.22,39.7,3,15.4,3,1,7,"Service is acceptable for now, but support could be faster.",Neutral,0
5514,22,Other,Delhi,Standard,18,906.94,14513.72,29.8,0,16.5,0,0,6,Average experience. Some things work well and some do not.,Neutral,0
5515,35,Other,Bengaluru,Basic,8,409.67,2976.53,18.3,2,8.7,0,0,9,Really satisfied with the service and performance.,Positive,0
5516,32,Other,Delhi,Basic,11,522.36,5898.13,20.7,1,6.7,0,0,5,"Nothing special, but the service is usable.",Neutral,0
5517,18,Male,Bengaluru,Basic,24,615.58,12835.84,19.5,1,17.6,10,1,7,The service is okay but there is room for improvement.,Neutral,0
5518,32,Other,Chennai,Premium,4,1469.74,5246.94,38.5,1,21.2,0,0,5,Too many issues and the response from support is slow.,Negative,1
5519,26,Male,Delhi,Basic,11,368.97,3793.18,21,2,15.6,7,0,8,I love the service. Everything has been reliable so far.,Positive,0
5520,39,Female,Jaipur,Basic,25,546.08,11797.48,23.8,2,15.4,2,0,4,I am unhappy with the price and frequent service problems.,Negative,1
5521,22,Female,Jaipur,Premium,16,1537.78,24008.27,52.3,3,22.1,9,1,8,Average experience. Some things work well and some do not.,Neutral,0
5522,41,Male,Hyderabad,Basic,45,479.19,20760.94,31,1,7.5,0,0,6,"Nothing special, but the service is usable.",Neutral,0
5523,38,Female,Jaipur,Basic,22,570.56,13049.12,29.4,0,12.5,0,0,5,It is a normal experience with occasional issues.,Neutral,0
5524,44,Female,Chennai,Premium,18,1518.78,25393.62,24.9,0,9.5,5,1,7,I love the service. Everything has been reliable so far.,Positive,0
5525,29,Other,Kolkata,Premium,18,1486.8,25020.12,59.2,0,16.7,5,1,5,Average experience. Some things work well and some do not.,Neutral,0
5526,18,Other,Delhi,Basic,29,484.34,14445.61,13.8,2,11.9,11,0,5,Not satisfied. The app is difficult to use and often fails.,Negative,1
5527,21,Female,Mumbai,Standard,24,850.05,18061.34,10.7,2,15.2,13,1,6,Not satisfied. The app is difficult to use and often fails.,Negative,0
5528,48,Female,Delhi,Premium,2,1493.1,2598.07,34,0,9.9,3,1,7,Support solved my issue quickly. Very good experience.,Positive,0
5529,49,Male,Jaipur,Premium,12,1539.35,15774.31,50.8,2,23.7,2,0,6,I am unhappy with the price and frequent service problems.,Negative,0
5530,35,Female,Hyderabad,Basic,10,540.33,5382.81,17.7,4,12.2,5,1,8,"Service is acceptable for now, but support could be faster.",Neutral,1
5531,36,Female,Delhi,Standard,16,838.87,11870.46,48.5,2,17.1,11,0,7,"Nothing special, but the service is usable.",Neutral,0
5532,52,Female,Bengaluru,Premium,27,1444.36,40906.92,52.3,0,1.4,0,1,8,I love the service. Everything has been reliable so far.,Positive,0
5533,33,Female,Chennai,Standard,37,955.62,34915.13,32.1,1,12.4,9,0,6,Bad experience with billing and customer support.,Negative,0
5534,28,Female,Mumbai,Basic,19,611.42,12029.81,12,2,8.9,5,1,10,Support solved my issue quickly. Very good experience.,Positive,0
5535,42,Male,Chennai,Premium,50,1539.83,73165.44,40.3,3,14.6,3,1,4,I may leave because the service quality has become poor.,Negative,0
5536,24,Female,Kolkata,Standard,37,982.59,34864.23,29.2,0,11.4,7,0,5,It is a normal experience with occasional issues.,Neutral,0
5537,26,Female,Hyderabad,Basic,15,306.78,4067.14,19.9,4,20.4,6,1,5,Very disappointed with the service and slow support.,Negative,0
5538,44,Other,Pune,Standard,20,955.01,18856.15,37.2,2,17.8,5,1,6,Bad experience with billing and customer support.,Negative,1
5539,33,Male,Bengaluru,Standard,27,901.18,21198.37,27.5,1,26.2,3,0,5,Bad experience with billing and customer support.,Negative,0
5540,43,Other,Mumbai,Basic,28,509.18,13947.34,53.4,0,12.1,0,1,9,Good value for money and quick customer support.,Positive,0
5541,26,Male,Mumbai,Premium,20,1397.33,25115.12,39.6,1,9.5,5,1,7,The service is okay but there is room for improvement.,Neutral,0
5542,44,Female,Ahmedabad,Premium,14,1455.5,18122.83,47.6,1,8.9,9,1,10,Really satisfied with the service and performance.,Positive,0
5543,45,Male,Delhi,Standard,22,843.38,18745.31,32.5,2,9.4,6,0,7,I love the service. Everything has been reliable so far.,Positive,0
5544,18,Other,Kolkata,Standard,9,856.87,7178.57,39.4,1,12.1,3,0,8,I love the service. Everything has been reliable so far.,Positive,0
5545,27,Male,Pune,Standard,33,870.94,29506.34,28.7,1,10.3,7,0,7,"Service is acceptable for now, but support could be faster.",Neutral,0
5546,36,Other,Delhi,Premium,9,1525.6,13350.15,43.8,2,17.3,2,0,5,Too many issues and the response from support is slow.,Negative,0
5547,34,Other,Chennai,Basic,14,512.08,6508.86,19.5,0,9.7,4,1,9,Good value for money and quick customer support.,Positive,0
5548,27,Female,Pune,Standard,15,904.83,12251.5,19,2,12.3,2,0,4,Poor experience. Support did not solve my issue.,Negative,1
5549,27,Other,Mumbai,Basic,35,671.48,21348.75,19.6,3,10.8,7,1,6,Poor experience. Support did not solve my issue.,Negative,0
5550,37,Female,Delhi,Standard,10,857.28,8150.51,49.7,3,11.5,7,1,7,Bad experience with billing and customer support.,Negative,0
5551,22,Female,Chennai,Standard,15,847.35,11754.77,31.9,1,10.5,2,0,6,The service is okay but there is room for improvement.,Neutral,0
5552,33,Other,Delhi,Basic,31,527.66,16959.63,14.8,1,8,5,0,8,"Excellent experience, no major issues and easy to use.",Positive,0
5553,35,Other,Pune,Basic,21,537.35,9744.41,16.3,2,19.5,0,0,5,I am unhappy with the price and frequent service problems.,Negative,0
5554,42,Other,Pune,Basic,46,440.59,20656.56,6.3,0,14.4,0,1,7,Good value for money and quick customer support.,Positive,0
5555,31,Male,Bengaluru,Standard,5,915.54,4775.92,18.8,4,18.3,8,0,7,I may leave because the service quality has become poor.,Negative,0
5556,33,Female,Hyderabad,Standard,43,1002.22,40300.36,35.1,0,5.9,0,0,7,Really satisfied with the service and performance.,Positive,0
5557,49,Male,Kolkata,Basic,22,519.61,11562.21,21.4,2,16.5,6,0,6,I may leave because the service quality has become poor.,Negative,0
5558,36,Other,Chennai,Standard,43,915.35,37393.52,45.3,2,5.6,7,1,8,"Great experience, the app works smoothly and the team is helpful.",Positive,1
5559,23,Female,Mumbai,Premium,15,1539.22,21438.28,18.9,1,11.6,0,0,4,Bad experience with billing and customer support.,Negative,0
5560,55,Male,Jaipur,Basic,32,451.87,13681.24,17.7,2,10.9,10,0,5,I may leave because the service quality has become poor.,Negative,0
5561,41,Male,Jaipur,Basic,20,520.25,9749.56,4.1,0,7,1,0,7,Good value for money and quick customer support.,Positive,0
5562,25,Female,Jaipur,Premium,20,1514.54,26467.8,60.2,1,14.5,7,1,9,Reliable service and simple to use. I would recommend it.,Positive,0
5563,28,Male,Ahmedabad,Standard,17,910.97,13652.12,31.8,1,11.6,0,1,7,The service is okay but there is room for improvement.,Neutral,0
5564,35,Male,Delhi,Basic,16,622.97,9797.54,22.7,3,8.1,4,1,6,I may leave because the service quality has become poor.,Negative,0
5565,31,Male,Ahmedabad,Standard,25,868.23,19096.11,25.7,1,10.2,0,1,8,"Great experience, the app works smoothly and the team is helpful.",Positive,0
5566,43,Female,Mumbai,Basic,19,524.16,8878.75,32.2,1,15.6,0,1,7,"Service is acceptable for now, but support could be faster.",Neutral,0
5567,27,Male,Bengaluru,Premium,7,1561.14,11181.78,31.3,0,7,0,0,8,Very happy with the service and fast support.,Positive,0
5568,52,Male,Kolkata,Standard,19,975.17,16399.85,35.3,2,16.2,0,0,5,I may leave because the service quality has become poor.,Negative,0
5569,33,Other,Jaipur,Basic,14,533.14,6791.59,21.7,3,8.5,13,0,6,Too many issues and the response from support is slow.,Negative,1
5570,30,Other,Delhi,Premium,6,1450.71,9054.3,26.5,1,20.5,0,0,8,Really satisfied with the service and performance.,Positive,0
5571,32,Other,Kolkata,Standard,10,886.02,8215.78,23.6,3,20.6,9,1,7,Very disappointed with the service and slow support.,Negative,0
5572,18,Male,Bengaluru,Basic,19,512.32,9336,16.7,2,17.5,4,0,6,"Service is acceptable for now, but support could be faster.",Neutral,0
5573,35,Female,Ahmedabad,Standard,17,723.51,10660.48,24.2,3,10.5,3,1,6,"Nothing special, but the service is usable.",Neutral,0
5574,42,Male,Kochi,Standard,10,819.23,7942.7,40.3,0,13.1,5,0,7,Average experience. Some things work well and some do not.,Neutral,0
5575,38,Female,Kochi,Standard,30,910.44,23613.73,18.9,0,7.2,0,0,8,"Great experience, the app works smoothly and the team is helpful.",Positive,0
5576,40,Male,Kochi,Standard,30,861.53,24006.5,31.9,1,13,3,1,6,Average experience. Some things work well and some do not.,Neutral,0
5577,32,Male,Bengaluru,Premium,11,1591.01,16186.32,28.6,1,13.4,0,1,7,The service is okay but there is room for improvement.,Neutral,0
5578,18,Male,Mumbai,Basic,50,516.85,26909.82,17.6,5,17,3,0,6,The service is unreliable and I keep facing problems.,Negative,0
5579,18,Other,Pune,Basic,12,400.65,4510.77,13.3,0,9.3,0,0,6,"Great experience, the app works smoothly and the team is helpful.",Positive,0
5580,46,Male,Kochi,Standard,10,942.23,9289.2,30.7,2,10.5,4,0,5,Not satisfied. The app is difficult to use and often fails.,Negative,0
5581,53,Male,Chennai,Basic,25,560.48,14160.7,30.7,2,20.4,9,0,3,The service is unreliable and I keep facing problems.,Negative,0
5582,33,Other,Kolkata,Standard,11,845.45,8676.52,14.2,0,19.2,0,1,5,I am unhappy with the price and frequent service problems.,Negative,0
5583,33,Female,Bengaluru,Basic,28,501.62,12653.56,21.1,3,22.2,2,0,7,"Nothing special, but the service is usable.",Neutral,0
5584,26,Other,Ahmedabad,Premium,5,1469.65,7566.48,36.5,0,3.5,0,1,8,Very happy with the service and fast support.,Positive,0
5585,31,Female,Kochi,Standard,12,889.54,10031.58,33.7,0,13.4,5,1,7,"Nothing special, but the service is usable.",Neutral,0
5586,36,Female,Kolkata,Standard,14,970.73,12040.77,30.9,1,11.9,7,0,10,Very happy with the service and fast support.,Positive,0
5587,27,Male,Delhi,Basic,9,557.99,4617,27.1,0,13.8,6,1,8,"Great experience, the app works smoothly and the team is helpful.",Positive,0
5588,18,Male,Ahmedabad,Premium,37,1587.29,58418.24,27.1,1,5.7,2,1,6,The service is okay but there is room for improvement.,Neutral,0
5589,40,Female,Mumbai,Basic,21,466.94,8405.01,22.7,0,13,4,1,6,The service is okay but there is room for improvement.,Neutral,0
5590,34,Other,Kochi,Premium,17,1470.52,21676.82,44.2,0,5.1,1,1,8,"Great experience, the app works smoothly and the team is helpful.",Positive,0
5591,18,Male,Mumbai,Standard,29,1052.1,28813.98,46.7,1,7.6,7,1,8,The service is okay but there is room for improvement.,Neutral,0
5592,46,Male,Jaipur,Standard,14,858.32,11729.69,42,0,13.2,5,1,9,"Excellent experience, no major issues and easy to use.",Positive,0
5593,55,Female,Pune,Premium,19,1601.36,30866.11,49.5,0,10.6,0,1,8,Reliable service and simple to use. I would recommend it.,Positive,0
5594,38,Male,Jaipur,Standard,29,820.13,23103.71,19.1,0,14.2,4,1,5,It is a normal experience with occasional issues.,Neutral,0
5595,21,Male,Jaipur,Basic,8,467.99,3459.98,37.3,4,13.4,7,1,3,I may leave because the service quality has become poor.,Negative,1
5596,25,Male,Mumbai,Standard,26,955.27,24334.33,45.5,1,8,2,0,7,Support solved my issue quickly. Very good experience.,Positive,0
5597,48,Male,Kolkata,Basic,24,553.52,13539.09,50.7,4,21,12,1,4,Bad experience with billing and customer support.,Negative,1
5598,40,Male,Chennai,Standard,15,893.79,13503.42,43.1,1,16.8,0,1,7,Reliable service and simple to use. I would recommend it.,Positive,0
5599,23,Other,Mumbai,Premium,20,1558.27,30176.37,23.7,2,17.8,1,1,6,Not satisfied. The app is difficult to use and often fails.,Negative,0
5600,22,Female,Mumbai,Standard,29,913.44,27535.19,28.5,3,9.1,6,0,5,I may leave because the service quality has become poor.,Negative,0
5601,32,Other,Pune,Premium,5,1459.63,7345.79,42.2,0,8.2,2,0,8,I love the service. Everything has been reliable so far.,Positive,0
5602,39,Other,Chennai,Basic,13,531.04,6998.11,16.1,1,11.1,0,1,6,"Nothing special, but the service is usable.",Neutral,0
5603,32,Female,Hyderabad,Basic,13,456.19,5798.5,28.9,1,3.4,2,1,9,Support solved my issue quickly. Very good experience.,Positive,0
5604,32,Male,Ahmedabad,Standard,21,800.32,16978,35.5,1,7.7,0,0,8,Very happy with the service and fast support.,Positive,0
5605,35,Female,Hyderabad,Basic,19,534.54,8983.66,19.2,3,24.1,3,1,6,Bad experience with billing and customer support.,Negative,0
5606,33,Male,Pune,Basic,31,424.7,11852.32,24.6,2,18.8,0,0,4,Not satisfied. The app is difficult to use and often fails.,Negative,0
5607,45,Male,Pune,Standard,9,790.09,7436.64,23.1,2,18.9,9,0,3,Bad experience with billing and customer support.,Negative,0
5608,29,Other,Kolkata,Basic,22,385.9,7821.39,25.9,1,7.1,5,1,7,"Service is acceptable for now, but support could be faster.",Neutral,0
5609,50,Female,Bengaluru,Premium,26,1489.26,37433.92,33.1,3,6.6,8,1,9,"Service is acceptable for now, but support could be faster.",Neutral,0
5610,43,Female,Kochi,Premium,12,1462.59,17384.82,60.1,2,16.8,12,1,7,The service is fine and meets most of my needs.,Neutral,0
5611,50,Other,Ahmedabad,Premium,2,1540.74,3183.87,32.9,2,15,0,0,6,Bad experience with billing and customer support.,Negative,0
5612,27,Other,Kochi,Standard,5,935.1,4686.4,37.3,2,18.1,1,0,7,Very disappointed with the service and slow support.,Negative,0
5613,28,Male,Pune,Standard,18,970.73,18062.96,30.8,3,18.4,5,1,5,I am unhappy with the price and frequent service problems.,Negative,1
5614,22,Female,Mumbai,Standard,32,876.45,24191.63,43.7,0,11.6,7,0,7,Really satisfied with the service and performance.,Positive,0
5615,25,Other,Chennai,Standard,30,1018.1,30518.91,27.6,1,5.5,3,0,8,"Great experience, the app works smoothly and the team is helpful.",Positive,0
5616,34,Other,Chennai,Standard,18,839.82,15050.55,42.8,0,12.1,2,0,9,Support solved my issue quickly. Very good experience.,Positive,0
5617,37,Female,Jaipur,Basic,12,497.73,5878.53,16.6,1,14.2,7,0,6,The service is okay but there is room for improvement.,Neutral,0
5618,46,Female,Bengaluru,Standard,9,911.79,8309,38.6,2,11.7,2,0,4,The service is unreliable and I keep facing problems.,Negative,1
5619,31,Male,Kochi,Standard,14,818.58,10575.47,19.4,4,23.3,8,0,4,Poor experience. Support did not solve my issue.,Negative,0
5620,29,Female,Ahmedabad,Basic,12,559.32,6117.46,18.5,4,19.5,10,0,7,Very disappointed with the service and slow support.,Negative,0
5621,37,Male,Kochi,Basic,6,546.74,2984.39,29.9,1,15,10,1,10,Very happy with the service and fast support.,Positive,0
5622,36,Female,Delhi,Standard,26,894.61,23275.51,23.5,0,5.1,0,1,8,Reliable service and simple to use. I would recommend it.,Positive,0
5623,33,Female,Jaipur,Standard,19,938.04,16528.89,64.7,1,22.5,4,0,6,"Service is acceptable for now, but support could be faster.",Neutral,0
5624,26,Male,Chennai,Basic,11,534.82,5199.32,20.3,3,22.4,13,0,4,The service is unreliable and I keep facing problems.,Negative,0
5625,18,Female,Kochi,Premium,23,1524.08,34422.42,50.3,1,10.1,0,1,4,Bad experience with billing and customer support.,Negative,0
5626,32,Female,Kochi,Standard,22,758.73,16034.34,36.3,0,9.3,3,0,8,Very happy with the service and fast support.,Positive,0
5627,29,Female,Hyderabad,Standard,37,848.92,28517.31,30.8,1,15.5,7,1,7,It is a normal experience with occasional issues.,Neutral,0
5628,27,Male,Hyderabad,Premium,3,1506.52,4665.33,76.8,1,12.7,1,0,7,The service is okay but there is room for improvement.,Neutral,0
5629,37,Male,Jaipur,Standard,19,851.02,15207.28,39.7,2,13.7,5,1,7,"Service is acceptable for now, but support could be faster.",Neutral,1
5630,21,Female,Chennai,Standard,12,970.39,10878.97,40.9,2,10.9,1,1,9,"Great experience, the app works smoothly and the team is helpful.",Positive,0
5631,31,Female,Jaipur,Basic,31,462.41,15015.75,7.9,1,11.1,6,1,8,Good value for money and quick customer support.,Positive,0
5632,35,Female,Kochi,Standard,14,900.76,11618.44,29.3,2,4.8,5,0,5,The service is fine and meets most of my needs.,Neutral,0
5633,29,Male,Kochi,Premium,20,1460.54,28970.59,68.4,1,11.5,4,0,5,Bad experience with billing and customer support.,Negative,0
5634,33,Other,Chennai,Standard,25,953.31,21211.12,52.7,2,20.5,4,0,6,Average experience. Some things work well and some do not.,Neutral,0
5635,24,Other,Bengaluru,Standard,11,868.72,8756.57,25.7,4,19.1,7,1,6,I may leave because the service quality has become poor.,Negative,0
5636,22,Female,Mumbai,Standard,9,965.27,8205.74,27.3,1,17.2,0,0,8,The service is okay but there is room for improvement.,Neutral,0
5637,33,Female,Mumbai,Premium,32,1505.05,44436.79,45.1,1,8.3,0,0,6,It is a normal experience with occasional issues.,Neutral,0
5638,30,Male,Mumbai,Basic,5,406.5,1975.77,23.3,1,7.8,7,1,9,"Excellent experience, no major issues and easy to use.",Positive,0
5639,38,Other,Bengaluru,Standard,6,821.1,4629.73,24.3,0,15.5,5,0,4,Too many issues and the response from support is slow.,Negative,0
5640,18,Other,Jaipur,Premium,45,1350.14,59148.43,44.1,1,20.1,5,0,9,Reliable service and simple to use. I would recommend it.,Positive,0
5641,34,Other,Chennai,Standard,24,866.07,21122.82,31.3,2,11.1,14,1,7,"Service is acceptable for now, but support could be faster.",Neutral,0
5642,31,Other,Delhi,Standard,3,930.66,2473.84,31.2,1,11.4,0,1,5,Bad experience with billing and customer support.,Negative,1
5643,48,Male,Jaipur,Premium,23,1433.55,29135.12,53.2,2,7.5,1,0,8,I love the service. Everything has been reliable so far.,Positive,0
5644,18,Female,Pune,Premium,8,1486.06,12479.93,37.8,1,11.9,2,0,6,The service is fine and meets most of my needs.,Neutral,0
5645,43,Other,Chennai,Basic,9,574.9,4804.76,1,2,24.1,6,1,9,Really satisfied with the service and performance.,Positive,0
5646,40,Male,Ahmedabad,Premium,17,1456.23,21362.84,27,2,4.9,0,0,5,Poor experience. Support did not solve my issue.,Negative,0
5647,26,Female,Kochi,Premium,62,1595.39,99827.51,44.1,0,10.5,0,0,7,"Excellent experience, no major issues and easy to use.",Positive,0
5648,35,Female,Kolkata,Premium,11,1577.13,17104.02,65.5,2,14.6,3,0,5,Poor experience. Support did not solve my issue.,Negative,0
5649,27,Other,Mumbai,Standard,42,882.62,31627.11,4.4,0,1.9,2,0,8,"Great experience, the app works smoothly and the team is helpful.",Positive,0
5650,34,Other,Kochi,Standard,12,872.37,9426.9,37.5,0,11.1,7,1,9,Really satisfied with the service and performance.,Positive,0
5651,20,Female,Hyderabad,Premium,28,1399.58,37042.45,45.8,0,13.6,4,1,6,"Service is acceptable for now, but support could be faster.",Neutral,0
5652,37,Male,Hyderabad,Basic,27,493.32,12312.66,19.9,3,8.2,8,0,5,Very disappointed with the service and slow support.,Negative,1
5653,50,Other,Mumbai,Basic,5,461.64,2069.97,22.4,1,13.8,0,1,7,The service is fine and meets most of my needs.,Neutral,0
5654,28,Female,Kochi,Standard,37,1014.44,35535.72,22,1,5.3,8,1,6,The service is fine and meets most of my needs.,Neutral,0
5655,18,Male,Jaipur,Standard,10,976.51,9129.4,43.5,2,14.3,9,1,7,"Service is acceptable for now, but support could be faster.",Neutral,0
5656,40,Other,Kochi,Standard,19,890.64,15474.55,15.1,2,2.8,8,1,5,Very disappointed with the service and slow support.,Negative,0
5657,31,Other,Jaipur,Standard,15,938.5,14257.96,39.7,1,19.6,0,0,3,The service is unreliable and I keep facing problems.,Negative,0
5658,23,Female,Ahmedabad,Standard,4,962.2,3505.76,43.1,1,3.3,5,0,6,"Service is acceptable for now, but support could be faster.",Neutral,0
5659,46,Other,Hyderabad,Standard,35,980.4,32748.65,33.9,0,11,0,0,5,The service is okay but there is room for improvement.,Neutral,0
5660,39,Male,Mumbai,Premium,42,1443.65,54809.97,31.6,3,9.3,9,1,5,I am unhappy with the price and frequent service problems.,Negative,0
5661,32,Female,Ahmedabad,Basic,8,433.47,3254.85,31.5,4,13.5,11,0,7,The service is okay but there is room for improvement.,Neutral,0
5662,25,Female,Mumbai,Standard,42,933,33470.47,51.4,0,1.9,0,0,7,I love the service. Everything has been reliable so far.,Positive,0
5663,37,Female,Chennai,Standard,12,895.31,10509.11,35.7,1,12.5,6,0,5,Too many issues and the response from support is slow.,Negative,0
5664,43,Male,Jaipur,Standard,15,885.02,13280.53,40.8,1,11.1,0,0,6,The service is okay but there is room for improvement.,Neutral,0
5665,41,Female,Mumbai,Basic,11,452.22,4879.67,16.1,4,19.4,14,0,5,Bad experience with billing and customer support.,Negative,1
5666,33,Female,Pune,Premium,36,1420.23,43968.57,46.6,3,14.4,6,0,5,The service is unreliable and I keep facing problems.,Negative,1
5667,27,Other,Pune,Basic,7,528.86,3720.21,16.3,1,16.8,1,0,6,"Service is acceptable for now, but support could be faster.",Neutral,0
5668,33,Other,Pune,Basic,24,572.22,14138.92,45.4,2,9.7,2,0,5,Poor experience. Support did not solve my issue.,Negative,0
5669,18,Other,Pune,Basic,51,541.56,26108.45,13.2,2,16,5,1,5,Very disappointed with the service and slow support.,Negative,0
5670,38,Other,Jaipur,Basic,21,444.6,9076.8,14.5,0,14,0,1,9,Really satisfied with the service and performance.,Positive,0
5671,34,Other,Hyderabad,Basic,18,572.1,10467,24,2,7.1,5,1,5,The service is unreliable and I keep facing problems.,Negative,0
5672,51,Female,Kolkata,Premium,18,1555.64,25569.62,34.3,0,11.4,3,0,9,"Excellent experience, no major issues and easy to use.",Positive,0
5673,46,Male,Pune,Standard,3,894.95,2368.52,43.9,2,16.6,6,0,7,The service is fine and meets most of my needs.,Neutral,0
5674,32,Other,Jaipur,Standard,13,731.52,8347.51,21.1,1,14.4,0,0,9,Reliable service and simple to use. I would recommend it.,Positive,0
5675,21,Male,Delhi,Basic,31,442.83,12593.18,23.6,4,12.4,3,0,6,Too many issues and the response from support is slow.,Negative,1
5676,26,Female,Hyderabad,Standard,60,1104.34,68768.39,32.1,1,14.3,0,0,7,I love the service. Everything has been reliable so far.,Positive,0
5677,39,Female,Hyderabad,Standard,19,893.64,16105.09,29.6,1,12,8,0,6,Very disappointed with the service and slow support.,Negative,0
5678,42,Other,Mumbai,Basic,17,502.79,7354.54,19.3,2,9.9,5,1,8,"Excellent experience, no major issues and easy to use.",Positive,0
5679,34,Male,Jaipur,Standard,22,978.22,22504.51,55.2,0,13.3,0,0,4,Very disappointed with the service and slow support.,Negative,0
5680,32,Other,Chennai,Basic,5,417.93,2090.48,25.9,2,18.3,12,1,5,Bad experience with billing and customer support.,Negative,1
5681,36,Female,Jaipur,Standard,12,844.01,8722.19,28.5,1,6,0,1,6,The service is fine and meets most of my needs.,Neutral,0
5682,29,Male,Chennai,Standard,37,852.91,28130.06,19,0,13.4,0,0,3,I am unhappy with the price and frequent service problems.,Negative,0
5683,52,Other,Kolkata,Basic,8,415.88,3436.5,12.3,3,19.1,8,1,5,The service is unreliable and I keep facing problems.,Negative,1
5684,30,Male,Kochi,Standard,6,913.96,5578.65,28.7,0,6.9,10,0,6,The service is fine and meets most of my needs.,Neutral,0
5685,29,Other,Bengaluru,Premium,69,1497.59,99490.13,47,0,13.6,0,0,8,"Excellent experience, no major issues and easy to use.",Positive,0
5686,35,Male,Pune,Standard,7,971.67,6953.8,31,1,16.6,4,0,6,"Service is acceptable for now, but support could be faster.",Neutral,0
5687,29,Male,Kolkata,Standard,4,805.76,2984.37,20.7,1,11.1,0,0,7,Good value for money and quick customer support.,Positive,0
5688,34,Female,Kolkata,Basic,38,448.79,17005.05,12.5,0,9,0,1,8,Good value for money and quick customer support.,Positive,0
5689,37,Male,Pune,Basic,9,402.17,3672.56,26.3,2,11.9,8,1,7,The service is okay but there is room for improvement.,Neutral,0
5690,38,Other,Kochi,Standard,35,894.99,27892.1,37.1,2,12.2,9,1,8,"Nothing special, but the service is usable.",Neutral,0
5691,27,Male,Kochi,Standard,17,834.68,14222.73,46.7,0,11.7,0,1,6,"Service is acceptable for now, but support could be faster.",Neutral,0
5692,25,Male,Pune,Basic,23,482.95,11245.99,28.8,2,8.7,3,0,6,It is a normal experience with occasional issues.,Neutral,0
5693,42,Other,Chennai,Standard,6,952.69,5585.97,32,2,6.7,5,1,6,The service is okay but there is room for improvement.,Neutral,0
5694,40,Female,Pune,Basic,4,461.73,1689.09,14.1,3,13.9,7,0,8,The service is fine and meets most of my needs.,Neutral,0
5695,25,Female,Chennai,Premium,38,1640.65,58585.53,58.6,1,14.6,1,1,9,"Excellent experience, no major issues and easy to use.",Positive,0
5696,47,Female,Bengaluru,Basic,9,413.76,3263.62,13.8,0,17.6,3,1,4,Bad experience with billing and customer support.,Negative,0
5697,29,Female,Delhi,Basic,43,478.71,19288.16,21,4,25,4,0,4,I may leave because the service quality has become poor.,Negative,1
5698,33,Female,Delhi,Basic,19,478.33,8286.41,1,1,7.4,1,1,8,"Great experience, the app works smoothly and the team is helpful.",Positive,0
5699,25,Other,Kochi,Basic,16,475.17,7294.78,27.7,3,17.3,5,0,6,Not satisfied. The app is difficult to use and often fails.,Negative,1
5700,43,Female,Chennai,Standard,37,779.29,27414.79,32.3,2,17.5,2,1,10,Good value for money and quick customer support.,Positive,0
5701,22,Female,Pune,Standard,9,967.74,8653.79,23,2,14.3,0,1,6,"Nothing special, but the service is usable.",Neutral,0
5702,36,Female,Kochi,Premium,6,1453.27,7711.39,52.9,2,15.6,2,1,4,I may leave because the service quality has become poor.,Negative,0
5703,20,Other,Kochi,Standard,14,760.63,9762.49,40.2,2,12.6,0,1,6,It is a normal experience with occasional issues.,Neutral,0
5704,60,Male,Kolkata,Standard,28,811.93,22701.22,21.7,2,17.7,3,1,7,"Nothing special, but the service is usable.",Neutral,0
5705,26,Other,Bengaluru,Premium,25,1465.71,33555.68,36.8,0,13.5,7,1,7,Very happy with the service and fast support.,Positive,0
5706,45,Male,Pune,Standard,24,914.91,20214.82,25.3,0,15,0,0,7,"Great experience, the app works smoothly and the team is helpful.",Positive,0
5707,35,Male,Mumbai,Standard,20,1081.44,22147.36,34.8,4,12.4,4,1,5,I may leave because the service quality has become poor.,Negative,0
5708,23,Male,Delhi,Standard,25,631.81,13769.13,27.4,1,15.7,0,1,7,It is a normal experience with occasional issues.,Neutral,0
5709,29,Female,Delhi,Basic,16,344.32,5457.64,7,1,19.6,4,1,7,The service is okay but there is room for improvement.,Neutral,0
5710,41,Other,Kochi,Standard,18,886.24,15779.58,21.1,3,16.6,4,0,4,The service is unreliable and I keep facing problems.,Negative,0
5711,42,Female,Ahmedabad,Standard,1,961.44,830.09,29.7,1,7.9,0,1,8,I love the service. Everything has been reliable so far.,Positive,0
5712,46,Male,Pune,Standard,23,892.21,20482.55,8.3,0,5.9,1,1,8,Support solved my issue quickly. Very good experience.,Positive,0
5713,50,Other,Kochi,Basic,19,485.61,9302.93,1,0,7.6,8,1,7,"Service is acceptable for now, but support could be faster.",Neutral,0
5714,29,Male,Delhi,Standard,26,861.8,23260.97,28.6,0,4.9,1,1,6,Good value for money and quick customer support.,Positive,0
5715,27,Female,Delhi,Basic,17,487.92,8228.42,17.9,4,16.9,0,0,6,Too many issues and the response from support is slow.,Negative,0
5716,37,Male,Kochi,Standard,8,1005.51,7901.94,41.1,0,7.4,3,1,10,I love the service. Everything has been reliable so far.,Positive,0
5717,34,Female,Ahmedabad,Basic,22,536.51,10380.46,15,1,10.5,6,0,9,I love the service. Everything has been reliable so far.,Positive,0
5718,22,Female,Bengaluru,Premium,20,1501.76,30105.75,61.6,3,18.8,4,0,4,Not satisfied. The app is difficult to use and often fails.,Negative,0
5719,39,Other,Ahmedabad,Standard,20,858.25,14590.58,39.8,2,5.4,0,0,4,Bad experience with billing and customer support.,Negative,1
5720,27,Female,Kochi,Premium,27,1439.92,33953.9,47.8,0,10.5,0,0,7,"Nothing special, but the service is usable.",Neutral,0
5721,57,Female,Mumbai,Standard,34,894.39,26588.37,13.1,1,9.7,6,1,8,Good value for money and quick customer support.,Positive,0
5722,31,Other,Kolkata,Premium,34,1417,41404.11,48.2,1,10.9,4,0,5,Bad experience with billing and customer support.,Negative,0
5723,41,Male,Delhi,Standard,32,891.7,26261.19,43.8,2,8.4,9,0,5,Very disappointed with the service and slow support.,Negative,1
5724,33,Other,Hyderabad,Basic,22,490.9,10338.87,22.8,0,10.3,3,0,9,I love the service. Everything has been reliable so far.,Positive,0
5725,23,Female,Kochi,Standard,7,797.81,5719.13,39.2,3,15.5,5,1,6,The service is unreliable and I keep facing problems.,Negative,1
5726,39,Other,Mumbai,Basic,26,421.18,9835.23,24.3,3,11.7,5,1,8,"Nothing special, but the service is usable.",Neutral,0
5727,20,Other,Delhi,Basic,27,538.93,14823.94,10.6,2,12.8,7,1,6,I may leave because the service quality has become poor.,Negative,0
5728,26,Female,Kochi,Standard,14,850.49,11663.79,30.8,1,9.2,1,1,7,The service is okay but there is room for improvement.,Neutral,0
5729,30,Male,Kolkata,Basic,24,559.9,11562.44,14.6,1,9.4,1,0,7,The service is okay but there is room for improvement.,Neutral,0
5730,23,Male,Kolkata,Basic,4,461.18,1593.91,10.3,3,11,8,1,8,"Nothing special, but the service is usable.",Neutral,0
5731,25,Female,Mumbai,Standard,31,894.01,27887.01,54.3,2,11.6,6,1,7,Support solved my issue quickly. Very good experience.,Positive,0
5732,44,Other,Jaipur,Standard,21,896.45,17002.12,48,6,28,19,0,6,I am unhappy with the price and frequent service problems.,Negative,1
5733,33,Male,Kochi,Basic,26,479.92,12074.36,14.4,4,21.5,11,0,6,I am unhappy with the price and frequent service problems.,Negative,0
5734,37,Male,Delhi,Standard,5,924.51,4646.32,34.9,3,20.3,12,1,5,The service is unreliable and I keep facing problems.,Negative,0
5735,33,Female,Bengaluru,Standard,11,1083.42,11467.32,31.5,4,22.8,10,0,6,The service is unreliable and I keep facing problems.,Negative,1
5736,38,Female,Pune,Basic,30,480.75,14745.5,10.2,3,13.8,2,1,8,Reliable service and simple to use. I would recommend it.,Positive,0
5737,36,Female,Kolkata,Basic,19,349.21,6646.4,16.3,1,8.3,2,1,8,I love the service. Everything has been reliable so far.,Positive,0
5738,46,Female,Mumbai,Premium,17,1484.3,25119.59,50,1,16.1,5,1,7,Really satisfied with the service and performance.,Positive,0
5739,37,Other,Bengaluru,Standard,37,988,31545.5,35.5,1,14.2,7,1,8,Reliable service and simple to use. I would recommend it.,Positive,0
5740,40,Female,Ahmedabad,Premium,31,1433.31,42827.94,39.7,1,12.9,0,1,8,"Excellent experience, no major issues and easy to use.",Positive,0
5741,18,Other,Pune,Standard,36,898.06,32138.23,29.1,1,17.7,4,1,5,Not satisfied. The app is difficult to use and often fails.,Negative,0
5742,44,Male,Jaipur,Standard,24,829.49,18396.25,34.1,3,19.7,6,0,9,Reliable service and simple to use. I would recommend it.,Positive,0
5743,36,Other,Ahmedabad,Standard,19,843.6,13662.1,21.1,3,11.8,10,0,8,Average experience. Some things work well and some do not.,Neutral,0
5744,37,Female,Kolkata,Standard,14,909.02,12366.99,36.8,0,12.2,3,1,5,Too many issues and the response from support is slow.,Negative,1
5745,44,Male,Pune,Premium,35,1705.17,54418.91,55.6,1,9.6,6,0,8,Reliable service and simple to use. I would recommend it.,Positive,0
5746,23,Female,Ahmedabad,Standard,13,848.41,11451.11,29,2,8.8,7,1,8,The service is fine and meets most of my needs.,Neutral,0
5747,18,Female,Delhi,Basic,10,566.51,4917.16,42.8,2,26,2,0,5,The service is unreliable and I keep facing problems.,Negative,0
5748,34,Female,Ahmedabad,Standard,26,853.87,21854.68,30.8,2,20.3,1,0,5,Very disappointed with the service and slow support.,Negative,1
5749,32,Other,Jaipur,Basic,24,382.49,9481.39,18.8,2,10.2,3,0,6,"Nothing special, but the service is usable.",Neutral,1
5750,50,Other,Bengaluru,Standard,20,887.67,17732.21,34.3,1,5.1,4,1,6,Very happy with the service and fast support.,Positive,0
5751,37,Female,Delhi,Standard,30,993.79,30255.95,43,1,17.9,0,0,4,I am unhappy with the price and frequent service problems.,Negative,0
5752,30,Other,Pune,Standard,20,860.4,17584.78,50.9,2,14.9,5,1,7,Average experience. Some things work well and some do not.,Neutral,0
5753,35,Other,Delhi,Standard,14,872.99,10876.45,23.1,2,13.8,11,1,4,Not satisfied. The app is difficult to use and often fails.,Negative,1
5754,36,Male,Delhi,Premium,3,1443.8,4057.7,52.4,0,1.3,2,0,6,I love the service. Everything has been reliable so far.,Positive,0
5755,26,Female,Kolkata,Premium,13,1478.85,16861.31,36.5,2,16.4,0,0,7,The service is okay but there is room for improvement.,Neutral,0
5756,44,Female,Ahmedabad,Basic,13,550.03,6300.26,19.9,4,18.3,10,0,5,The service is unreliable and I keep facing problems.,Negative,0
5757,27,Male,Mumbai,Premium,12,1474.14,18191.47,73.8,2,15.9,6,1,5,Bad experience with billing and customer support.,Negative,0
5758,32,Male,Hyderabad,Standard,18,908.51,14404.61,7.8,0,10.1,3,1,9,Really satisfied with the service and performance.,Positive,0
5759,40,Male,Hyderabad,Standard,22,903.12,17441.16,12.2,1,11.4,2,1,6,The service is fine and meets most of my needs.,Neutral,0
5760,56,Male,Ahmedabad,Standard,19,890,14646.89,19.9,4,23,10,1,5,Bad experience with billing and customer support.,Negative,0
5761,44,Female,Hyderabad,Basic,18,532.16,9534.12,13.5,2,11.2,3,1,5,I may leave because the service quality has become poor.,Negative,0
5762,41,Female,Kolkata,Premium,18,1592.11,28382.56,41.1,3,26.7,7,1,6,I may leave because the service quality has become poor.,Negative,0
5763,48,Other,Bengaluru,Basic,27,544.22,14838.36,3.3,4,15.5,4,1,7,"Nothing special, but the service is usable.",Neutral,0
5764,33,Other,Kolkata,Standard,11,1017.22,10086.81,25.6,0,13.5,7,1,5,Poor experience. Support did not solve my issue.,Negative,0
5765,43,Other,Jaipur,Basic,12,426.16,4819.39,15.8,1,11.3,3,1,8,I love the service. Everything has been reliable so far.,Positive,0
5766,18,Female,Kolkata,Basic,14,543.04,6826.67,23.6,1,13.5,4,1,7,The service is okay but there is room for improvement.,Neutral,0
5767,31,Other,Jaipur,Basic,10,502.59,4375.32,18.3,5,18,5,0,3,I am unhappy with the price and frequent service problems.,Negative,1
5768,21,Other,Mumbai,Basic,7,548.91,3770.09,21.2,3,13.5,3,0,7,The service is fine and meets most of my needs.,Neutral,0
5769,32,Other,Chennai,Standard,32,948.69,26432.53,23.7,0,12.9,0,1,10,Very happy with the service and fast support.,Positive,0
5770,36,Female,Pune,Premium,7,1574.55,9811.38,38,1,9.9,6,0,7,The service is fine and meets most of my needs.,Neutral,0
5771,25,Other,Kolkata,Basic,26,573.2,15486.51,19.5,2,3.9,4,0,8,"Great experience, the app works smoothly and the team is helpful.",Positive,0
5772,29,Female,Bengaluru,Standard,33,878.44,29197.33,31.3,1,16.3,5,0,7,"Great experience, the app works smoothly and the team is helpful.",Positive,0
5773,33,Other,Kolkata,Standard,30,959.19,28329.51,37.3,1,15.3,10,1,7,Reliable service and simple to use. I would recommend it.,Positive,0
5774,32,Female,Ahmedabad,Premium,26,1400.27,33975.01,54.7,1,8.8,1,0,5,The service is fine and meets most of my needs.,Neutral,0
5775,32,Other,Hyderabad,Basic,19,560.88,10285.67,14.4,1,9.7,9,1,7,Average experience. Some things work well and some do not.,Neutral,0
5776,25,Female,Ahmedabad,Basic,5,496.51,2168.6,15.4,2,10.2,3,1,7,Average experience. Some things work well and some do not.,Neutral,0
5777,36,Male,Mumbai,Basic,15,595.41,8699.95,12.1,1,13.1,0,1,9,"Excellent experience, no major issues and easy to use.",Positive,0
5778,50,Male,Bengaluru,Premium,4,1452.46,5501.23,53.3,0,12.5,5,0,6,"Nothing special, but the service is usable.",Neutral,0
5779,30,Male,Kochi,Standard,40,944.03,36336.21,26.9,3,17.9,0,0,6,Not satisfied. The app is difficult to use and often fails.,Negative,0
5780,40,Male,Kochi,Premium,9,1583.6,12405.09,49.2,2,12.7,12,1,5,Bad experience with billing and customer support.,Negative,0
5781,24,Female,Ahmedabad,Standard,23,871.75,19341.32,24.3,0,5.6,0,0,6,Good value for money and quick customer support.,Positive,0
5782,23,Male,Mumbai,Premium,20,1572.35,26956.92,48.5,0,18.6,5,0,6,Good value for money and quick customer support.,Positive,0
5783,25,Male,Chennai,Standard,8,899.12,6565.75,31.6,1,17.4,7,1,8,Average experience. Some things work well and some do not.,Neutral,0
5784,18,Female,Kolkata,Standard,35,886.31,31702.72,34.9,2,19.8,6,0,5,Not satisfied. The app is difficult to use and often fails.,Negative,1
5785,40,Male,Jaipur,Premium,72,1449.23,90690.27,63.3,1,8.8,10,1,5,Poor experience. Support did not solve my issue.,Negative,0
5786,31,Other,Hyderabad,Standard,32,946.16,27405.9,34.2,3,15.4,6,1,7,"Service is acceptable for now, but support could be faster.",Neutral,0
5787,49,Other,Jaipur,Basic,21,477.49,9216.89,11.2,3,22,6,1,5,The service is unreliable and I keep facing problems.,Negative,0
5788,26,Male,Kochi,Premium,13,1452.72,19517.29,48.2,3,19.9,3,1,9,Really satisfied with the service and performance.,Positive,0
5789,43,Other,Hyderabad,Standard,27,893.19,23903.69,35.6,1,6,3,1,6,The service is fine and meets most of my needs.,Neutral,0
5790,34,Male,Mumbai,Standard,38,987.28,38132.19,21,0,12.1,4,0,7,Good value for money and quick customer support.,Positive,0
5791,27,Female,Kochi,Standard,23,1072,24182.58,40.9,2,24.1,9,0,7,Very disappointed with the service and slow support.,Negative,0
5792,29,Other,Bengaluru,Premium,5,1539.98,6596.33,61.3,0,14.4,2,0,8,"Excellent experience, no major issues and easy to use.",Positive,0
5793,38,Female,Mumbai,Basic,26,598.77,14423.71,16.6,1,5.9,0,0,9,"Excellent experience, no major issues and easy to use.",Positive,0
5794,49,Male,Hyderabad,Standard,16,981.85,14863.48,47.1,3,16.7,6,1,6,I may leave because the service quality has become poor.,Negative,0
5795,37,Other,Mumbai,Premium,25,1510.07,36912.37,57.4,1,19.7,6,0,5,The service is unreliable and I keep facing problems.,Negative,1
5796,32,Male,Hyderabad,Standard,14,866.4,11609.66,33.2,5,27.5,5,0,4,I may leave because the service quality has become poor.,Negative,1
5797,32,Male,Pune,Basic,32,442.44,14536.46,20.4,3,6.4,9,0,7,"Service is acceptable for now, but support could be faster.",Neutral,0
5798,38,Other,Kolkata,Basic,7,412.11,2881.41,31.2,0,8.7,0,0,7,"Great experience, the app works smoothly and the team is helpful.",Positive,0
5799,32,Female,Delhi,Standard,52,844.62,42378.8,30.8,4,23.6,11,0,6,The service is unreliable and I keep facing problems.,Negative,0
5800,39,Female,Mumbai,Basic,20,465.89,8267.2,17.2,1,14.3,9,0,5,Too many issues and the response from support is slow.,Negative,1
5801,28,Female,Bengaluru,Standard,5,790.35,3445.61,34.9,1,2.1,3,0,8,"Great experience, the app works smoothly and the team is helpful.",Positive,0
5802,28,Male,Jaipur,Premium,15,1580.98,22763.84,33.9,1,9.9,4,1,6,"Service is acceptable for now, but support could be faster.",Neutral,0
5803,35,Other,Kochi,Basic,25,535.56,12852.28,11,1,18.9,4,1,5,"Service is acceptable for now, but support could be faster.",Neutral,0
5804,32,Female,Kolkata,Standard,29,917.54,26985.93,28.5,2,14.2,8,1,5,I am unhappy with the price and frequent service problems.,Negative,0
5805,44,Other,Pune,Basic,5,418.54,2142.61,44.5,2,25.7,7,1,5,The service is unreliable and I keep facing problems.,Negative,0
5806,52,Other,Chennai,Standard,53,857.2,42481.94,24.2,3,24,12,0,4,Poor experience. Support did not solve my issue.,Negative,0
5807,34,Female,Jaipur,Premium,8,1424.83,10504.42,21.2,0,11,1,1,6,"Service is acceptable for now, but support could be faster.",Neutral,0
5808,18,Male,Bengaluru,Standard,40,874,32955.77,28.9,2,11.3,14,0,7,The service is fine and meets most of my needs.,Neutral,0
5809,43,Other,Hyderabad,Basic,29,511.26,15266.64,16,2,20.2,12,0,5,Bad experience with billing and customer support.,Negative,1
5810,23,Other,Kolkata,Standard,34,904.29,29317.17,32.2,0,4.1,2,0,3,Very disappointed with the service and slow support.,Negative,0
5811,38,Male,Kochi,Standard,9,877,8286.68,37.8,1,4.9,0,0,5,Too many issues and the response from support is slow.,Negative,0
5812,36,Male,Hyderabad,Standard,8,815.71,5850,17.3,2,15.4,3,0,5,Bad experience with billing and customer support.,Negative,1
5813,50,Other,Chennai,Basic,11,482.55,5079.68,13,4,15.1,1,0,2,I may leave because the service quality has become poor.,Negative,1
5814,21,Female,Kolkata,Basic,31,631.64,20117.07,33.1,2,14.5,4,1,5,Bad experience with billing and customer support.,Negative,1
5815,42,Male,Bengaluru,Standard,9,936.48,8436.36,39.2,1,10.3,2,1,9,Reliable service and simple to use. I would recommend it.,Positive,0
5816,30,Other,Hyderabad,Standard,25,813.86,20076.41,30.4,4,13.6,16,0,3,Not satisfied. The app is difficult to use and often fails.,Negative,0
5817,28,Other,Mumbai,Basic,25,587.27,12656.18,24.1,4,23.5,3,1,6,I may leave because the service quality has become poor.,Negative,0
5818,22,Male,Chennai,Standard,46,898.68,38060.67,36.2,4,27,0,1,5,Very disappointed with the service and slow support.,Negative,0
5819,25,Other,Mumbai,Basic,24,567.58,11879.03,5.4,5,26.6,10,0,4,Very disappointed with the service and slow support.,Negative,0
5820,35,Other,Ahmedabad,Premium,20,1521.02,31384.54,42.2,1,14.8,4,1,9,Really satisfied with the service and performance.,Positive,0
5821,33,Other,Ahmedabad,Standard,11,972.79,11115.34,36,4,13.7,5,1,8,Average experience. Some things work well and some do not.,Neutral,0
5822,28,Other,Ahmedabad,Premium,22,1428.29,27215.24,45,2,12.5,10,0,6,Not satisfied. The app is difficult to use and often fails.,Negative,0
5823,28,Male,Pune,Basic,40,438.99,17380.29,9.9,2,13.5,5,0,5,"Service is acceptable for now, but support could be faster.",Neutral,0
5824,38,Other,Kochi,Premium,7,1540.72,10111.44,40.2,1,6.2,11,0,7,"Nothing special, but the service is usable.",Neutral,0
5825,21,Male,Kochi,Standard,12,923.38,10030.27,39.5,0,1.6,3,1,8,Very happy with the service and fast support.,Positive,0
5826,43,Female,Kochi,Basic,55,419.13,22680.2,23,0,17.8,0,0,9,"Excellent experience, no major issues and easy to use.",Positive,0
5827,38,Male,Kolkata,Standard,8,899.31,6382.62,51.2,2,18.3,4,1,6,It is a normal experience with occasional issues.,Neutral,0
5828,33,Female,Ahmedabad,Premium,25,1600.15,41384.28,50.1,2,7.5,5,1,7,Not satisfied. The app is difficult to use and often fails.,Negative,0
5829,37,Male,Jaipur,Basic,10,433.41,3840.35,13.2,1,13.2,0,0,6,"Nothing special, but the service is usable.",Neutral,0
5830,38,Other,Jaipur,Standard,14,912.18,11769.93,15,1,9.8,0,1,7,Support solved my issue quickly. Very good experience.,Positive,0
5831,26,Other,Pune,Basic,19,595.67,11351.98,16.3,3,15,3,0,6,Bad experience with billing and customer support.,Negative,0
5832,22,Female,Delhi,Standard,42,928.44,38310.33,31,0,13.2,1,0,5,Average experience. Some things work well and some do not.,Neutral,0
5833,31,Other,Kochi,Standard,14,879.21,11015.93,26.4,0,12.7,5,1,6,"Nothing special, but the service is usable.",Neutral,0
5834,35,Female,Delhi,Standard,43,908.37,40310.54,52.4,1,8.2,5,0,6,The service is unreliable and I keep facing problems.,Negative,0
5835,50,Male,Kolkata,Standard,27,979.81,23961.31,30,1,15.7,1,0,6,It is a normal experience with occasional issues.,Neutral,0
5836,45,Other,Chennai,Premium,20,1595.75,31243.11,43.5,0,11.6,3,0,7,Very happy with the service and fast support.,Positive,0
5837,45,Male,Hyderabad,Standard,24,870.51,19266.21,26.1,4,16.5,14,0,4,Bad experience with billing and customer support.,Negative,1
5838,42,Male,Pune,Standard,26,883.54,23911.09,29.7,0,9.4,9,1,8,Reliable service and simple to use. I would recommend it.,Positive,0
5839,42,Male,Jaipur,Standard,15,940.5,13272.64,41.1,1,8,5,0,10,Very happy with the service and fast support.,Positive,0
5840,32,Male,Delhi,Basic,66,535.68,35824.53,31.5,2,12.9,7,1,7,The service is fine and meets most of my needs.,Neutral,0
5841,28,Other,Delhi,Standard,36,791.14,26589.91,46.9,0,8.1,6,0,6,"Nothing special, but the service is usable.",Neutral,0
5842,47,Other,Pune,Basic,25,502.48,12527.95,27.8,0,13.8,2,0,4,Too many issues and the response from support is slow.,Negative,0
5843,28,Female,Jaipur,Standard,32,884.45,28039.83,26.7,2,10,5,1,10,Good value for money and quick customer support.,Positive,0
5844,26,Female,Ahmedabad,Basic,8,493.8,3648.47,7.2,2,15.3,2,0,4,Not satisfied. The app is difficult to use and often fails.,Negative,1
5845,40,Male,Kolkata,Standard,3,913.93,2420.33,30.7,2,17.2,5,0,8,Really satisfied with the service and performance.,Positive,0
5846,28,Other,Mumbai,Basic,25,356.79,8287.61,11.8,4,15.8,4,1,5,I may leave because the service quality has become poor.,Negative,1
5847,34,Male,Kochi,Basic,8,535.27,4206.42,10.9,0,3.2,9,1,4,Bad experience with billing and customer support.,Negative,0
5848,27,Female,Kolkata,Standard,16,954.12,14031.17,38.4,2,15.9,3,0,6,The service is fine and meets most of my needs.,Neutral,0
5849,51,Male,Delhi,Standard,16,1069.2,17367.33,31.4,3,17.9,7,0,2,Poor experience. Support did not solve my issue.,Negative,1
5850,35,Other,Chennai,Standard,39,894.29,35190.45,37.6,1,5.8,1,0,5,The service is okay but there is room for improvement.,Neutral,0
5851,47,Other,Mumbai,Basic,14,473.29,5845.02,25.8,3,26,9,1,6,I am unhappy with the price and frequent service problems.,Negative,1
5852,29,Male,Kolkata,Premium,18,1454.65,23721.75,65,3,21.9,4,1,6,Bad experience with billing and customer support.,Negative,0
5853,40,Other,Pune,Standard,28,969.34,23681.94,32.1,4,12.3,7,1,6,I may leave because the service quality has become poor.,Negative,0
5854,42,Female,Ahmedabad,Standard,15,945.33,12751.02,41.2,1,10.5,6,1,5,Too many issues and the response from support is slow.,Negative,0
5855,35,Female,Kochi,Basic,20,473.35,8728.42,7.9,2,0.5,1,1,6,"Nothing special, but the service is usable.",Neutral,0
5856,26,Female,Jaipur,Basic,15,501.07,6995.66,8.4,3,10.1,7,1,7,"Service is acceptable for now, but support could be faster.",Neutral,0
5857,25,Male,Hyderabad,Basic,9,473.9,3758.78,36.6,1,6.9,0,0,6,The service is okay but there is room for improvement.,Neutral,0
5858,41,Female,Delhi,Premium,62,1522.34,88574.52,42.4,2,11.7,7,1,7,The service is fine and meets most of my needs.,Neutral,0
5859,36,Other,Chennai,Premium,18,1477.77,26735.43,43.6,1,10.7,9,1,8,"Excellent experience, no major issues and easy to use.",Positive,0
5860,29,Other,Ahmedabad,Premium,9,1535.99,13451.39,49,1,13.6,0,0,8,"Great experience, the app works smoothly and the team is helpful.",Positive,0
5861,22,Other,Pune,Premium,16,1537.77,23508.18,40.5,2,7.4,0,1,6,"Nothing special, but the service is usable.",Neutral,1
5862,32,Male,Kolkata,Standard,20,926.83,17208.71,48.6,5,22.3,9,0,7,The service is unreliable and I keep facing problems.,Negative,1
5863,25,Other,Jaipur,Standard,14,777.95,11073.01,27.9,1,23.5,8,1,5,Not satisfied. The app is difficult to use and often fails.,Negative,1
5864,41,Male,Pune,Standard,39,914.03,34258.66,23.9,1,13.3,0,1,6,"Service is acceptable for now, but support could be faster.",Neutral,0
5865,36,Male,Delhi,Standard,35,799.17,28404.31,25.2,1,6.8,2,1,8,"Excellent experience, no major issues and easy to use.",Positive,0
5866,27,Male,Jaipur,Standard,9,892.41,7853.74,33,4,16.3,5,1,5,I am unhappy with the price and frequent service problems.,Negative,0
5867,37,Other,Bengaluru,Premium,13,1484,18164.17,46.3,0,16.3,3,0,6,The service is fine and meets most of my needs.,Neutral,0
5868,32,Male,Delhi,Standard,6,853.21,5115.14,35.4,3,17,6,0,3,Very disappointed with the service and slow support.,Negative,0
5869,30,Male,Kolkata,Standard,21,813.34,17704.93,26.1,1,12.5,2,0,5,The service is unreliable and I keep facing problems.,Negative,0
5870,20,Other,Delhi,Standard,13,875.58,11119.93,19.3,1,7.8,1,0,5,Poor experience. Support did not solve my issue.,Negative,1
5871,27,Female,Chennai,Basic,24,416.24,9296.65,2.6,1,11.5,7,1,7,The service is fine and meets most of my needs.,Neutral,0
5872,25,Other,Mumbai,Basic,12,666.95,6808.02,37.2,3,24.2,8,0,4,I may leave because the service quality has become poor.,Negative,1
5873,48,Female,Kolkata,Standard,8,807.88,5824.4,33.3,0,8,8,1,5,Bad experience with billing and customer support.,Negative,0
5874,26,Other,Bengaluru,Premium,34,1546.27,48527.42,57.8,2,11.9,0,0,6,"Service is acceptable for now, but support could be faster.",Neutral,0
5875,31,Male,Mumbai,Basic,22,439.39,9840.9,1,2,4.9,3,1,6,Very disappointed with the service and slow support.,Negative,0
5876,49,Male,Delhi,Premium,13,1412.53,18877.52,36.9,1,10.2,1,1,7,"Nothing special, but the service is usable.",Neutral,0
5877,27,Male,Delhi,Standard,20,936.15,18434.22,29.1,2,18.1,2,1,6,It is a normal experience with occasional issues.,Neutral,0
5878,40,Other,Ahmedabad,Basic,12,551.41,6904.23,18.6,5,20.6,4,1,4,Not satisfied. The app is difficult to use and often fails.,Negative,0
5879,43,Female,Pune,Standard,16,973.82,15636.02,39.6,1,7.6,8,0,6,"Service is acceptable for now, but support could be faster.",Neutral,0
5880,30,Male,Jaipur,Basic,3,559.61,1449.09,22.7,3,10,3,1,7,The service is okay but there is room for improvement.,Neutral,0
5881,29,Other,Kolkata,Standard,33,930.08,32075.65,24.8,2,8.9,3,1,9,Support solved my issue quickly. Very good experience.,Positive,0
5882,26,Other,Chennai,Standard,22,938.39,21359.54,30.9,2,9.7,0,0,6,Not satisfied. The app is difficult to use and often fails.,Negative,0
5883,29,Other,Mumbai,Standard,30,886.82,26436.86,29.3,0,4.2,0,1,8,"Great experience, the app works smoothly and the team is helpful.",Positive,0
5884,27,Male,Jaipur,Standard,56,942.62,48757.86,38.1,1,15.4,7,1,8,Support solved my issue quickly. Very good experience.,Positive,0
5885,46,Female,Chennai,Premium,10,1375.83,13679.01,59.2,2,14,1,1,7,"Nothing special, but the service is usable.",Neutral,0
5886,28,Male,Chennai,Premium,6,1577.27,8831.43,42.1,2,17.9,0,1,8,Really satisfied with the service and performance.,Positive,0
5887,27,Other,Mumbai,Standard,14,730.42,9318.6,33.2,1,18.5,0,0,8,"Nothing special, but the service is usable.",Neutral,0
5888,18,Female,Ahmedabad,Basic,13,483.1,6186.12,20.6,2,15.3,7,1,9,I love the service. Everything has been reliable so far.,Positive,0
5889,33,Male,Chennai,Standard,35,903.53,27992.34,32.9,0,13.6,3,1,8,"Excellent experience, no major issues and easy to use.",Positive,0
5890,26,Male,Jaipur,Standard,21,813.21,15953.92,32.6,2,11.7,0,1,5,"Nothing special, but the service is usable.",Neutral,0
5891,50,Other,Pune,Basic,15,494.74,6388.97,23.3,1,12.4,2,1,7,Very happy with the service and fast support.,Positive,0
5892,40,Female,Kochi,Standard,3,940.28,2563.19,17.4,4,21.5,4,0,4,I may leave because the service quality has become poor.,Negative,1
5893,24,Female,Hyderabad,Standard,16,849.66,11878.08,42.2,3,12.6,8,0,3,The service is unreliable and I keep facing problems.,Negative,1
5894,47,Female,Ahmedabad,Standard,19,759.67,12475.52,28.1,0,7.4,4,0,8,I love the service. Everything has been reliable so far.,Positive,0
5895,18,Other,Pune,Basic,4,496.44,1963.46,12.3,1,12.2,0,1,7,The service is fine and meets most of my needs.,Neutral,0
5896,24,Male,Delhi,Basic,43,695.11,26168.08,4.9,1,10.2,0,0,8,Support solved my issue quickly. Very good experience.,Positive,0
5897,30,Female,Jaipur,Standard,32,942.46,29688.43,39.1,1,6.1,9,0,5,Not satisfied. The app is difficult to use and often fails.,Negative,0
5898,33,Other,Jaipur,Standard,30,845.06,22126.04,27.3,0,10.7,6,1,9,Reliable service and simple to use. I would recommend it.,Positive,0
5899,30,Female,Delhi,Standard,22,867.05,16671.1,34,2,15.4,5,1,7,The service is fine and meets most of my needs.,Neutral,0
5900,33,Male,Ahmedabad,Basic,11,649.26,6762.37,31.7,2,18.9,1,1,7,"Service is acceptable for now, but support could be faster.",Neutral,0
5901,36,Other,Jaipur,Basic,27,358.87,9162.93,21.8,2,18,0,0,4,Too many issues and the response from support is slow.,Negative,0
5902,36,Male,Kolkata,Standard,9,844.91,6763.3,31.3,3,10.8,8,1,6,The service is okay but there is room for improvement.,Neutral,0
5903,38,Female,Kolkata,Premium,14,1368.9,17491.19,54.2,2,14.9,3,0,7,Average experience. Some things work well and some do not.,Neutral,0
5904,32,Other,Bengaluru,Premium,17,1442.88,22101.31,54.8,0,14.9,0,1,6,The service is fine and meets most of my needs.,Neutral,0
5905,22,Male,Ahmedabad,Standard,25,841.07,21036.79,46.2,2,13.8,0,0,7,"Service is acceptable for now, but support could be faster.",Neutral,0
5906,29,Male,Delhi,Basic,16,444.79,6930.59,1,0,9.9,4,1,8,Reliable service and simple to use. I would recommend it.,Positive,0
5907,30,Male,Bengaluru,Standard,27,949.23,25178.14,47,3,16.2,12,0,5,The service is unreliable and I keep facing problems.,Negative,1
5908,36,Female,Pune,Standard,23,864.25,19780.04,40.7,2,4.6,6,0,4,Too many issues and the response from support is slow.,Negative,0
5909,43,Other,Pune,Basic,7,556.96,3489.49,1,1,9.4,7,0,4,Too many issues and the response from support is slow.,Negative,1
5910,34,Other,Kochi,Standard,13,876.49,11579.65,34.1,4,17.6,3,0,5,Not satisfied. The app is difficult to use and often fails.,Negative,1
5911,33,Female,Ahmedabad,Premium,16,1471.95,24719.88,65.6,1,4.3,0,1,3,Bad experience with billing and customer support.,Negative,0
5912,48,Female,Hyderabad,Basic,11,539.95,6150.93,19,3,17.7,10,1,9,"Nothing special, but the service is usable.",Neutral,0
5913,38,Other,Ahmedabad,Basic,15,303.76,4501.95,1.4,2,4.1,1,1,7,The service is fine and meets most of my needs.,Neutral,0
5914,19,Female,Delhi,Standard,16,769.11,11413.31,45.3,1,4.4,4,1,9,I love the service. Everything has been reliable so far.,Positive,0
5915,23,Male,Chennai,Standard,25,987.92,24121.05,21.1,2,11.8,6,1,8,"Service is acceptable for now, but support could be faster.",Neutral,0
5916,27,Other,Bengaluru,Premium,15,1590.95,20666.08,14,0,11,10,1,6,It is a normal experience with occasional issues.,Neutral,0
5917,27,Other,Jaipur,Basic,19,503.76,8654.99,11.8,1,15.1,4,1,7,"Service is acceptable for now, but support could be faster.",Neutral,0
5918,40,Other,Hyderabad,Standard,19,955.92,15467.36,18.9,3,21.6,0,1,6,Very disappointed with the service and slow support.,Negative,1
5919,27,Male,Kochi,Standard,17,1017.58,14763.81,20.7,2,11.1,12,1,5,The service is unreliable and I keep facing problems.,Negative,0
5920,31,Male,Kolkata,Basic,30,488.94,13821.01,33.1,2,20.3,3,0,6,Too many issues and the response from support is slow.,Negative,0
5921,37,Female,Bengaluru,Basic,17,501.18,8366.04,13.5,2,11.4,7,1,7,The service is okay but there is room for improvement.,Neutral,0
5922,34,Female,Kolkata,Premium,48,1526.62,71536.48,66.3,0,14.9,0,1,4,The service is unreliable and I keep facing problems.,Negative,0
5923,43,Female,Ahmedabad,Standard,29,846.88,24354.05,33.3,1,13.7,3,1,7,Good value for money and quick customer support.,Positive,0
5924,42,Female,Hyderabad,Standard,21,865.88,18853.13,33.9,0,10.3,4,1,8,Really satisfied with the service and performance.,Positive,0
5925,42,Male,Kochi,Standard,40,927.43,37642.28,26.7,1,7.2,6,1,4,Too many issues and the response from support is slow.,Negative,0
5926,30,Female,Kolkata,Basic,35,539.87,17903.42,20.9,1,10.5,0,1,4,Very disappointed with the service and slow support.,Negative,0
5927,52,Male,Jaipur,Premium,12,1435.42,15185.14,47.1,1,10.6,5,0,6,The service is okay but there is room for improvement.,Neutral,0
5928,33,Male,Ahmedabad,Basic,12,617.15,6949.41,26,2,9.5,9,0,7,"Nothing special, but the service is usable.",Neutral,0
5929,40,Male,Hyderabad,Standard,26,861.06,22701.94,31.6,1,11.3,3,0,3,Bad experience with billing and customer support.,Negative,1
5930,53,Female,Jaipur,Standard,6,786.14,4400.54,43.3,1,16.5,0,1,5,Very disappointed with the service and slow support.,Negative,0
5931,35,Female,Kochi,Standard,11,885.26,9981.22,35.6,5,21.2,1,0,5,Not satisfied. The app is difficult to use and often fails.,Negative,0
5932,32,Female,Hyderabad,Standard,44,902.67,35662.42,14.1,0,6.8,0,0,6,"Great experience, the app works smoothly and the team is helpful.",Positive,0
5933,30,Other,Delhi,Standard,11,935.55,9029.53,20.4,1,16.8,6,0,7,Support solved my issue quickly. Very good experience.,Positive,0
5934,31,Female,Kolkata,Standard,21,722.86,13951.94,21.5,1,4.6,10,1,9,Good value for money and quick customer support.,Positive,0
5935,41,Female,Ahmedabad,Premium,11,1540.74,17450.19,57.1,0,7.8,0,1,8,Really satisfied with the service and performance.,Positive,0
5936,28,Other,Kochi,Standard,6,898.28,5487.33,31.3,3,14.1,0,0,6,It is a normal experience with occasional issues.,Neutral,1
5937,47,Male,Ahmedabad,Basic,29,558.86,15051.21,4.4,1,15.2,6,0,6,Too many issues and the response from support is slow.,Negative,0
5938,48,Male,Mumbai,Basic,1,433.67,442.96,17.3,1,12.5,0,1,5,The service is unreliable and I keep facing problems.,Negative,0
5939,18,Male,Jaipur,Basic,35,479.2,16791.92,19.1,2,13.7,3,1,8,Average experience. Some things work well and some do not.,Neutral,0
5940,39,Male,Jaipur,Standard,17,905.93,13315.9,17.9,1,15.6,0,1,8,Average experience. Some things work well and some do not.,Neutral,0
5941,18,Female,Pune,Premium,13,1529.76,19222.67,43.6,4,20.1,6,0,3,Bad experience with billing and customer support.,Negative,1
5942,42,Female,Mumbai,Basic,9,596.26,5177.51,11.6,1,10.2,2,1,6,It is a normal experience with occasional issues.,Neutral,0
5943,42,Male,Pune,Standard,34,1026.26,30178.08,37,1,13.2,0,0,5,I am unhappy with the price and frequent service problems.,Negative,0
5944,24,Other,Bengaluru,Standard,22,867.66,17442.85,31.8,4,22.4,0,1,5,I am unhappy with the price and frequent service problems.,Negative,1
5945,29,Female,Kolkata,Premium,37,1457.58,56109.85,52.7,1,7.7,0,0,5,Bad experience with billing and customer support.,Negative,0
5946,38,Male,Kochi,Basic,25,540.34,12966.93,8.9,3,21.9,2,1,5,Poor experience. Support did not solve my issue.,Negative,0
5947,40,Other,Kolkata,Basic,4,438.49,1510.46,10.2,3,17.1,8,1,7,The service is fine and meets most of my needs.,Neutral,0
5948,52,Female,Hyderabad,Basic,22,467.61,10539.91,11.4,2,7,10,1,6,It is a normal experience with occasional issues.,Neutral,0
5949,44,Other,Hyderabad,Basic,26,522.96,11803.07,22.6,2,9.7,6,0,8,I love the service. Everything has been reliable so far.,Positive,0
5950,44,Male,Chennai,Basic,44,502.05,19090.55,7.3,3,23.6,8,0,6,Not satisfied. The app is difficult to use and often fails.,Negative,0
5951,44,Male,Kolkata,Basic,36,598.18,21847.35,11.3,2,25,4,0,6,The service is fine and meets most of my needs.,Neutral,0
5952,37,Female,Kochi,Standard,34,840.51,27313.02,25.4,2,14.3,4,0,6,Not satisfied. The app is difficult to use and often fails.,Negative,0
5953,36,Other,Pune,Standard,7,809.09,5618.61,30.2,0,6.9,1,1,6,It is a normal experience with occasional issues.,Neutral,0
5954,41,Female,Pune,Standard,29,793.94,21888.06,19.7,1,7.2,1,1,8,Good value for money and quick customer support.,Positive,0
5955,29,Male,Delhi,Standard,21,931.05,20318.83,50.3,2,4.9,0,1,6,"Service is acceptable for now, but support could be faster.",Neutral,0
5956,44,Female,Hyderabad,Basic,9,447.07,3531.89,19.2,4,22.2,10,0,6,Not satisfied. The app is difficult to use and often fails.,Negative,1
5957,65,Male,Mumbai,Standard,21,890.31,17786.24,33.1,1,6.9,1,1,10,Good value for money and quick customer support.,Positive,0
5958,50,Other,Bengaluru,Standard,21,806.95,16860.49,36.1,2,13.7,2,0,4,Very disappointed with the service and slow support.,Negative,1
5959,29,Male,Kochi,Premium,20,1548.31,27187.26,49.4,2,9.9,11,0,3,I am unhappy with the price and frequent service problems.,Negative,1
5960,18,Female,Kolkata,Standard,36,868.18,28366,37.2,0,6.4,0,0,6,The service is fine and meets most of my needs.,Neutral,0
5961,26,Female,Ahmedabad,Premium,20,1334.51,25652.79,59.1,3,9.9,11,1,5,Bad experience with billing and customer support.,Negative,0
5962,28,Other,Chennai,Basic,16,591,8287.38,29,1,4.1,2,0,6,"Excellent experience, no major issues and easy to use.",Positive,0
5963,36,Other,Kochi,Basic,30,558.76,15463.39,24.1,1,7.3,1,0,4,Not satisfied. The app is difficult to use and often fails.,Negative,0
5964,55,Female,Bengaluru,Premium,68,1325.86,89639.55,44.8,4,25.1,13,0,4,Poor experience. Support did not solve my issue.,Negative,1
5965,49,Female,Chennai,Standard,18,909.17,17161.16,32.8,3,8.8,6,1,6,Very disappointed with the service and slow support.,Negative,0
5966,22,Male,Bengaluru,Standard,17,805.14,12717.32,38.2,2,21.6,3,1,6,"Service is acceptable for now, but support could be faster.",Neutral,0
5967,46,Female,Ahmedabad,Basic,12,457.11,4866.57,24.3,1,15.1,1,0,4,Bad experience with billing and customer support.,Negative,0
5968,24,Other,Ahmedabad,Standard,18,757.64,12779.94,24.4,1,12.4,2,0,8,Reliable service and simple to use. I would recommend it.,Positive,0
5969,26,Female,Chennai,Standard,26,975.58,22605.33,24.6,1,18.5,9,1,5,Very disappointed with the service and slow support.,Negative,0
5970,18,Female,Kolkata,Standard,30,908.65,25997.81,28.5,0,13.2,0,0,8,Support solved my issue quickly. Very good experience.,Positive,0
5971,37,Male,Hyderabad,Standard,31,780.1,20860.56,28.6,0,4.7,0,0,6,"Service is acceptable for now, but support could be faster.",Neutral,0
5972,26,Other,Kochi,Premium,26,1510.73,33482.33,48.5,0,9.7,8,1,8,Very happy with the service and fast support.,Positive,0
5973,22,Other,Pune,Basic,39,440.11,17285.85,26,4,20.6,7,1,6,I am unhappy with the price and frequent service problems.,Negative,1
5974,27,Male,Mumbai,Premium,11,1416.54,14265.85,54.3,1,9.1,11,0,7,It is a normal experience with occasional issues.,Neutral,0
5975,39,Female,Delhi,Standard,12,867.22,10497.27,18.3,0,10.3,0,1,8,Support solved my issue quickly. Very good experience.,Positive,0
5976,33,Female,Pune,Basic,5,500.29,2479.93,11.7,3,18.8,6,0,4,Bad experience with billing and customer support.,Negative,1
5977,18,Male,Delhi,Standard,7,837.43,5076.54,15.8,0,10.3,0,0,6,The service is fine and meets most of my needs.,Neutral,0
5978,36,Other,Bengaluru,Standard,21,879.13,15988.38,34.5,1,7.1,2,1,7,The service is fine and meets most of my needs.,Neutral,0
5979,30,Male,Jaipur,Standard,21,934.31,18596.92,21.5,0,9.8,0,1,6,Very happy with the service and fast support.,Positive,0
5980,29,Male,Pune,Basic,31,528.94,15104.01,24.3,0,7.8,9,0,7,"Nothing special, but the service is usable.",Neutral,0
5981,50,Other,Ahmedabad,Standard,38,915.66,34901.61,35,1,14.8,5,0,5,The service is fine and meets most of my needs.,Neutral,0
5982,38,Male,Delhi,Standard,19,925.52,16999.63,37.5,0,13.5,0,0,7,Good value for money and quick customer support.,Positive,0
5983,35,Female,Kochi,Basic,17,463.87,7177.88,4.9,2,17.1,3,1,5,I may leave because the service quality has become poor.,Negative,0
5984,39,Male,Ahmedabad,Basic,21,567.56,10331.62,14.9,2,10.6,7,0,8,Really satisfied with the service and performance.,Positive,0
5985,38,Male,Hyderabad,Standard,24,925.17,21184.81,23.7,1,15,12,1,6,Poor experience. Support did not solve my issue.,Negative,0
5986,23,Female,Chennai,Standard,22,980.89,19677.02,37.8,1,18.3,0,0,6,Average experience. Some things work well and some do not.,Neutral,0
5987,49,Male,Hyderabad,Standard,4,1036.2,4294.02,39.3,2,14.6,4,0,7,Reliable service and simple to use. I would recommend it.,Positive,0
5988,33,Female,Pune,Standard,12,816.43,8600.08,36.6,2,18.2,0,0,7,Good value for money and quick customer support.,Positive,0
5989,32,Male,Delhi,Standard,26,911.06,22120.78,15.1,2,18.1,9,1,7,Average experience. Some things work well and some do not.,Neutral,0
5990,39,Other,Jaipur,Standard,23,755.29,15377.52,34.2,1,10.8,0,0,6,It is a normal experience with occasional issues.,Neutral,0
5991,34,Female,Ahmedabad,Basic,22,333.9,6429.34,22.3,1,2.7,3,1,8,"Great experience, the app works smoothly and the team is helpful.",Positive,0
5992,28,Female,Pune,Basic,24,615.26,14994.6,4.3,3,23.8,4,1,7,It is a normal experience with occasional issues.,Neutral,0
5993,40,Other,Mumbai,Standard,10,898.32,8887.04,29.7,4,22.6,4,1,8,The service is okay but there is room for improvement.,Neutral,0
5994,32,Male,Chennai,Standard,25,971.76,22173.47,19.2,0,0.5,0,1,6,The service is okay but there is room for improvement.,Neutral,0
5995,18,Male,Chennai,Premium,26,1481.23,34481.96,58.3,1,11,0,0,5,Average experience. Some things work well and some do not.,Neutral,0
5996,41,Male,Jaipur,Basic,21,499.26,9055.03,19.6,1,10.5,0,1,7,Very happy with the service and fast support.,Positive,0
5997,27,Male,Delhi,Premium,23,1545.51,30767.73,59.8,2,14.8,5,1,9,"Great experience, the app works smoothly and the team is helpful.",Positive,0
5998,22,Female,Ahmedabad,Basic,7,445.29,2875.25,20.5,0,11.5,2,1,6,"Nothing special, but the service is usable.",Neutral,0
5999,24,Male,Mumbai,Basic,28,503.2,12849.06,30.4,4,14.6,9,1,4,I may leave because the service quality has become poor.,Negative,0
6000,35,Male,Jaipur,Basic,44,523.99,22008.19,27.3,3,15.3,15,0,7,"Service is acceptable for now, but support could be faster.",Neutral,0
